geo_prov,geo_area,indicator,stratifier,year,value
EC,A Nzo DM: DC44,TB child over 5 start on treatment,both sexes all ages | EDRWeb,2018/19,109.3
EC,A Nzo DM: DC44,TB child over 5 start on treatment,both sexes all ages | EDRWeb,2019/20,98.6
EC,A Nzo DM: DC44,TB child over 5 start on treatment,both sexes all ages | EDRWeb,2020/21,93.9
EC,A Nzo DM: DC44,TB child over 5 start on treatment,both sexes all ages | EDRWeb,2021/22,99.6
EC,A Nzo DM: DC44,TB child over 5 start on treatment,both sexes all ages | EDRWeb,2022/23,95.3
EC,A Nzo DM: DC44,TB child over 5 start on treatment,both sexes all ages | EDRWeb,2023/24,96.9
EC,A Nzo DM: DC44,TB child over 5 start on treatment,both sexes all ages | EDRWeb,2024/25,97.2
EC,Amathole DM: DC12,TB child over 5 start on treatment,both sexes all ages | EDRWeb,2018/19,97.3
EC,Amathole DM: DC12,TB child over 5 start on treatment,both sexes all ages | EDRWeb,2019/20,96.7
EC,Amathole DM: DC12,TB child over 5 start on treatment,both sexes all ages | EDRWeb,2020/21,91.2
EC,Amathole DM: DC12,TB child over 5 start on treatment,both sexes all ages | EDRWeb,2021/22,89.7
EC,Amathole DM: DC12,TB child over 5 start on treatment,both sexes all ages | EDRWeb,2022/23,92.8
EC,Amathole DM: DC12,TB child over 5 start on treatment,both sexes all ages | EDRWeb,2023/24,90.3
EC,Amathole DM: DC12,TB child over 5 start on treatment,both sexes all ages | EDRWeb,2024/25,92.6
EC,Buffalo City MM: BUF,TB child over 5 start on treatment,both sexes all ages | EDRWeb,2018/19,96.7
EC,Buffalo City MM: BUF,TB child over 5 start on treatment,both sexes all ages | EDRWeb,2019/20,89.4
EC,Buffalo City MM: BUF,TB child over 5 start on treatment,both sexes all ages | EDRWeb,2020/21,90.8
EC,Buffalo City MM: BUF,TB child over 5 start on treatment,both sexes all ages | EDRWeb,2021/22,91.2
EC,Buffalo City MM: BUF,TB child over 5 start on treatment,both sexes all ages | EDRWeb,2022/23,92.8
EC,Buffalo City MM: BUF,TB child over 5 start on treatment,both sexes all ages | EDRWeb,2023/24,94.0
EC,Buffalo City MM: BUF,TB child over 5 start on treatment,both sexes all ages | EDRWeb,2024/25,97.3
EC,C Hani DM: DC13,TB child over 5 start on treatment,both sexes all ages | EDRWeb,2018/19,101.6
EC,C Hani DM: DC13,TB child over 5 start on treatment,both sexes all ages | EDRWeb,2019/20,100.4
EC,C Hani DM: DC13,TB child over 5 start on treatment,both sexes all ages | EDRWeb,2020/21,95.5
EC,C Hani DM: DC13,TB child over 5 start on treatment,both sexes all ages | EDRWeb,2021/22,92.7
EC,C Hani DM: DC13,TB child over 5 start on treatment,both sexes all ages | EDRWeb,2022/23,90.2
EC,C Hani DM: DC13,TB child over 5 start on treatment,both sexes all ages | EDRWeb,2023/24,94.1
EC,C Hani DM: DC13,TB child over 5 start on treatment,both sexes all ages | EDRWeb,2024/25,92.9
EC,Joe Gqabi DM: DC14,TB child over 5 start on treatment,both sexes all ages | EDRWeb,2018/19,104.2
EC,Joe Gqabi DM: DC14,TB child over 5 start on treatment,both sexes all ages | EDRWeb,2019/20,99.4
EC,Joe Gqabi DM: DC14,TB child over 5 start on treatment,both sexes all ages | EDRWeb,2020/21,94.3
EC,Joe Gqabi DM: DC14,TB child over 5 start on treatment,both sexes all ages | EDRWeb,2021/22,86.3
EC,Joe Gqabi DM: DC14,TB child over 5 start on treatment,both sexes all ages | EDRWeb,2022/23,93.5
EC,Joe Gqabi DM: DC14,TB child over 5 start on treatment,both sexes all ages | EDRWeb,2023/24,95.8
EC,Joe Gqabi DM: DC14,TB child over 5 start on treatment,both sexes all ages | EDRWeb,2024/25,97.9
EC,N Mandela Bay MM: NMA,TB child over 5 start on treatment,both sexes all ages | EDRWeb,2018/19,95.4
EC,N Mandela Bay MM: NMA,TB child over 5 start on treatment,both sexes all ages | EDRWeb,2019/20,99.6
EC,N Mandela Bay MM: NMA,TB child over 5 start on treatment,both sexes all ages | EDRWeb,2020/21,93.5
EC,N Mandela Bay MM: NMA,TB child over 5 start on treatment,both sexes all ages | EDRWeb,2021/22,91.3
EC,N Mandela Bay MM: NMA,TB child over 5 start on treatment,both sexes all ages | EDRWeb,2022/23,91.8
EC,N Mandela Bay MM: NMA,TB child over 5 start on treatment,both sexes all ages | EDRWeb,2023/24,88.5
EC,N Mandela Bay MM: NMA,TB child over 5 start on treatment,both sexes all ages | EDRWeb,2024/25,91.4
EC,OR Tambo DM: DC15,TB child over 5 start on treatment,both sexes all ages | EDRWeb,2018/19,108.2
EC,OR Tambo DM: DC15,TB child over 5 start on treatment,both sexes all ages | EDRWeb,2019/20,102.1
EC,OR Tambo DM: DC15,TB child over 5 start on treatment,both sexes all ages | EDRWeb,2020/21,94.5
EC,OR Tambo DM: DC15,TB child over 5 start on treatment,both sexes all ages | EDRWeb,2021/22,96.1
EC,OR Tambo DM: DC15,TB child over 5 start on treatment,both sexes all ages | EDRWeb,2022/23,94.8
EC,OR Tambo DM: DC15,TB child over 5 start on treatment,both sexes all ages | EDRWeb,2023/24,90.8
EC,OR Tambo DM: DC15,TB child over 5 start on treatment,both sexes all ages | EDRWeb,2024/25,94.0
EC,Sarah Baartman DM: DC10,TB child over 5 start on treatment,both sexes all ages | EDRWeb,2018/19,101.4
EC,Sarah Baartman DM: DC10,TB child over 5 start on treatment,both sexes all ages | EDRWeb,2019/20,98.4
EC,Sarah Baartman DM: DC10,TB child over 5 start on treatment,both sexes all ages | EDRWeb,2020/21,89.7
EC,Sarah Baartman DM: DC10,TB child over 5 start on treatment,both sexes all ages | EDRWeb,2021/22,91.9
EC,Sarah Baartman DM: DC10,TB child over 5 start on treatment,both sexes all ages | EDRWeb,2022/23,94.6
EC,Sarah Baartman DM: DC10,TB child over 5 start on treatment,both sexes all ages | EDRWeb,2023/24,90.9
EC,Sarah Baartman DM: DC10,TB child over 5 start on treatment,both sexes all ages | EDRWeb,2024/25,92.6
FS,Fezile Dabi DM: DC20,TB child over 5 start on treatment,both sexes all ages | EDRWeb,2018/19,96.7
FS,Fezile Dabi DM: DC20,TB child over 5 start on treatment,both sexes all ages | EDRWeb,2019/20,99.9
FS,Fezile Dabi DM: DC20,TB child over 5 start on treatment,both sexes all ages | EDRWeb,2020/21,95.9
FS,Fezile Dabi DM: DC20,TB child over 5 start on treatment,both sexes all ages | EDRWeb,2021/22,94.7
FS,Fezile Dabi DM: DC20,TB child over 5 start on treatment,both sexes all ages | EDRWeb,2022/23,95.1
FS,Fezile Dabi DM: DC20,TB child over 5 start on treatment,both sexes all ages | EDRWeb,2023/24,97.3
FS,Fezile Dabi DM: DC20,TB child over 5 start on treatment,both sexes all ages | EDRWeb,2024/25,94.4
FS,Lejweleputswa DM: DC18,TB child over 5 start on treatment,both sexes all ages | EDRWeb,2018/19,57.9
FS,Lejweleputswa DM: DC18,TB child over 5 start on treatment,both sexes all ages | EDRWeb,2019/20,94.9
FS,Lejweleputswa DM: DC18,TB child over 5 start on treatment,both sexes all ages | EDRWeb,2020/21,93.5
FS,Lejweleputswa DM: DC18,TB child over 5 start on treatment,both sexes all ages | EDRWeb,2021/22,93.6
FS,Lejweleputswa DM: DC18,TB child over 5 start on treatment,both sexes all ages | EDRWeb,2022/23,92.6
FS,Lejweleputswa DM: DC18,TB child over 5 start on treatment,both sexes all ages | EDRWeb,2023/24,93.2
FS,Lejweleputswa DM: DC18,TB child over 5 start on treatment,both sexes all ages | EDRWeb,2024/25,95.7
FS,Mangaung MM: MAN,TB child over 5 start on treatment,both sexes all ages | EDRWeb,2018/19,91.1
FS,Mangaung MM: MAN,TB child over 5 start on treatment,both sexes all ages | EDRWeb,2019/20,94.6
FS,Mangaung MM: MAN,TB child over 5 start on treatment,both sexes all ages | EDRWeb,2020/21,89.2
FS,Mangaung MM: MAN,TB child over 5 start on treatment,both sexes all ages | EDRWeb,2021/22,84.6
FS,Mangaung MM: MAN,TB child over 5 start on treatment,both sexes all ages | EDRWeb,2022/23,89.3
FS,Mangaung MM: MAN,TB child over 5 start on treatment,both sexes all ages | EDRWeb,2023/24,86.7
FS,Mangaung MM: MAN,TB child over 5 start on treatment,both sexes all ages | EDRWeb,2024/25,96.1
FS,T Mofutsanyana DM: DC19,TB child over 5 start on treatment,both sexes all ages | EDRWeb,2018/19,88.2
FS,T Mofutsanyana DM: DC19,TB child over 5 start on treatment,both sexes all ages | EDRWeb,2019/20,103.4
FS,T Mofutsanyana DM: DC19,TB child over 5 start on treatment,both sexes all ages | EDRWeb,2020/21,97.5
FS,T Mofutsanyana DM: DC19,TB child over 5 start on treatment,both sexes all ages | EDRWeb,2021/22,94.2
FS,T Mofutsanyana DM: DC19,TB child over 5 start on treatment,both sexes all ages | EDRWeb,2022/23,95.8
FS,T Mofutsanyana DM: DC19,TB child over 5 start on treatment,both sexes all ages | EDRWeb,2023/24,95.3
FS,T Mofutsanyana DM: DC19,TB child over 5 start on treatment,both sexes all ages | EDRWeb,2024/25,93.1
FS,Xhariep DM: DC16,TB child over 5 start on treatment,both sexes all ages | EDRWeb,2018/19,99.4
FS,Xhariep DM: DC16,TB child over 5 start on treatment,both sexes all ages | EDRWeb,2019/20,104.6
FS,Xhariep DM: DC16,TB child over 5 start on treatment,both sexes all ages | EDRWeb,2020/21,96.9
FS,Xhariep DM: DC16,TB child over 5 start on treatment,both sexes all ages | EDRWeb,2021/22,93.4
FS,Xhariep DM: DC16,TB child over 5 start on treatment,both sexes all ages | EDRWeb,2022/23,94.8
FS,Xhariep DM: DC16,TB child over 5 start on treatment,both sexes all ages | EDRWeb,2023/24,94.6
FS,Xhariep DM: DC16,TB child over 5 start on treatment,both sexes all ages | EDRWeb,2024/25,97.5
GP,City of Ekurhuleni MM: EKU,TB child over 5 start on treatment,both sexes all ages | EDRWeb,2018/19,92.0
GP,City of Ekurhuleni MM: EKU,TB child over 5 start on treatment,both sexes all ages | EDRWeb,2019/20,95.3
GP,City of Ekurhuleni MM: EKU,TB child over 5 start on treatment,both sexes all ages | EDRWeb,2020/21,88.8
GP,City of Ekurhuleni MM: EKU,TB child over 5 start on treatment,both sexes all ages | EDRWeb,2021/22,91.5
GP,City of Ekurhuleni MM: EKU,TB child over 5 start on treatment,both sexes all ages | EDRWeb,2022/23,92.7
GP,City of Ekurhuleni MM: EKU,TB child over 5 start on treatment,both sexes all ages | EDRWeb,2023/24,91.9
GP,City of Ekurhuleni MM: EKU,TB child over 5 start on treatment,both sexes all ages | EDRWeb,2024/25,95.8
GP,Johannesburg MM: JHB,TB child over 5 start on treatment,both sexes all ages | EDRWeb,2018/19,91.8
GP,Johannesburg MM: JHB,TB child over 5 start on treatment,both sexes all ages | EDRWeb,2019/20,100.5
GP,Johannesburg MM: JHB,TB child over 5 start on treatment,both sexes all ages | EDRWeb,2020/21,95.4
GP,Johannesburg MM: JHB,TB child over 5 start on treatment,both sexes all ages | EDRWeb,2021/22,97.0
GP,Johannesburg MM: JHB,TB child over 5 start on treatment,both sexes all ages | EDRWeb,2022/23,96.3
GP,Johannesburg MM: JHB,TB child over 5 start on treatment,both sexes all ages | EDRWeb,2023/24,93.6
GP,Johannesburg MM: JHB,TB child over 5 start on treatment,both sexes all ages | EDRWeb,2024/25,97.0
GP,Sedibeng DM: DC42,TB child over 5 start on treatment,both sexes all ages | EDRWeb,2018/19,95.7
GP,Sedibeng DM: DC42,TB child over 5 start on treatment,both sexes all ages | EDRWeb,2019/20,98.9
GP,Sedibeng DM: DC42,TB child over 5 start on treatment,both sexes all ages | EDRWeb,2020/21,91.7
GP,Sedibeng DM: DC42,TB child over 5 start on treatment,both sexes all ages | EDRWeb,2021/22,90.7
GP,Sedibeng DM: DC42,TB child over 5 start on treatment,both sexes all ages | EDRWeb,2022/23,91.9
GP,Sedibeng DM: DC42,TB child over 5 start on treatment,both sexes all ages | EDRWeb,2023/24,94.2
GP,Sedibeng DM: DC42,TB child over 5 start on treatment,both sexes all ages | EDRWeb,2024/25,94.6
GP,Tshwane MM: TSH,TB child over 5 start on treatment,both sexes all ages | EDRWeb,2018/19,89.4
GP,Tshwane MM: TSH,TB child over 5 start on treatment,both sexes all ages | EDRWeb,2019/20,88.0
GP,Tshwane MM: TSH,TB child over 5 start on treatment,both sexes all ages | EDRWeb,2020/21,95.8
GP,Tshwane MM: TSH,TB child over 5 start on treatment,both sexes all ages | EDRWeb,2021/22,96.6
GP,Tshwane MM: TSH,TB child over 5 start on treatment,both sexes all ages | EDRWeb,2022/23,97.0
GP,Tshwane MM: TSH,TB child over 5 start on treatment,both sexes all ages | EDRWeb,2023/24,89.5
GP,Tshwane MM: TSH,TB child over 5 start on treatment,both sexes all ages | EDRWeb,2024/25,93.3
GP,West Rand DM: DC48,TB child over 5 start on treatment,both sexes all ages | EDRWeb,2018/19,93.3
GP,West Rand DM: DC48,TB child over 5 start on treatment,both sexes all ages | EDRWeb,2019/20,92.1
GP,West Rand DM: DC48,TB child over 5 start on treatment,both sexes all ages | EDRWeb,2020/21,94.4
GP,West Rand DM: DC48,TB child over 5 start on treatment,both sexes all ages | EDRWeb,2021/22,94.4
GP,West Rand DM: DC48,TB child over 5 start on treatment,both sexes all ages | EDRWeb,2022/23,95.0
GP,West Rand DM: DC48,TB child over 5 start on treatment,both sexes all ages | EDRWeb,2023/24,94.3
GP,West Rand DM: DC48,TB child over 5 start on treatment,both sexes all ages | EDRWeb,2024/25,97.2
KZ,Amajuba DM: DC25,TB child over 5 start on treatment,both sexes all ages | EDRWeb,2018/19,117.7
KZ,Amajuba DM: DC25,TB child over 5 start on treatment,both sexes all ages | EDRWeb,2019/20,112.3
KZ,Amajuba DM: DC25,TB child over 5 start on treatment,both sexes all ages | EDRWeb,2020/21,96.2
KZ,Amajuba DM: DC25,TB child over 5 start on treatment,both sexes all ages | EDRWeb,2021/22,99.5
KZ,Amajuba DM: DC25,TB child over 5 start on treatment,both sexes all ages | EDRWeb,2022/23,99.9
KZ,Amajuba DM: DC25,TB child over 5 start on treatment,both sexes all ages | EDRWeb,2023/24,94.9
KZ,Amajuba DM: DC25,TB child over 5 start on treatment,both sexes all ages | EDRWeb,2024/25,100.3
KZ,eThekwini MM: ETH,TB child over 5 start on treatment,both sexes all ages | EDRWeb,2018/19,102.5
KZ,eThekwini MM: ETH,TB child over 5 start on treatment,both sexes all ages | EDRWeb,2019/20,95.9
KZ,eThekwini MM: ETH,TB child over 5 start on treatment,both sexes all ages | EDRWeb,2020/21,96.0
KZ,eThekwini MM: ETH,TB child over 5 start on treatment,both sexes all ages | EDRWeb,2021/22,93.6
KZ,eThekwini MM: ETH,TB child over 5 start on treatment,both sexes all ages | EDRWeb,2022/23,96.8
KZ,eThekwini MM: ETH,TB child over 5 start on treatment,both sexes all ages | EDRWeb,2023/24,93.6
KZ,eThekwini MM: ETH,TB child over 5 start on treatment,both sexes all ages | EDRWeb,2024/25,95.2
KZ,Harry Gwala DM: DC43,TB child over 5 start on treatment,both sexes all ages | EDRWeb,2018/19,100.6
KZ,Harry Gwala DM: DC43,TB child over 5 start on treatment,both sexes all ages | EDRWeb,2019/20,98.7
KZ,Harry Gwala DM: DC43,TB child over 5 start on treatment,both sexes all ages | EDRWeb,2020/21,97.5
KZ,Harry Gwala DM: DC43,TB child over 5 start on treatment,both sexes all ages | EDRWeb,2021/22,95.8
KZ,Harry Gwala DM: DC43,TB child over 5 start on treatment,both sexes all ages | EDRWeb,2022/23,98.8
KZ,Harry Gwala DM: DC43,TB child over 5 start on treatment,both sexes all ages | EDRWeb,2023/24,91.0
KZ,Harry Gwala DM: DC43,TB child over 5 start on treatment,both sexes all ages | EDRWeb,2024/25,94.1
KZ,iLembe DM: DC29,TB child over 5 start on treatment,both sexes all ages | EDRWeb,2018/19,103.7
KZ,iLembe DM: DC29,TB child over 5 start on treatment,both sexes all ages | EDRWeb,2019/20,92.8
KZ,iLembe DM: DC29,TB child over 5 start on treatment,both sexes all ages | EDRWeb,2020/21,94.5
KZ,iLembe DM: DC29,TB child over 5 start on treatment,both sexes all ages | EDRWeb,2021/22,96.6
KZ,iLembe DM: DC29,TB child over 5 start on treatment,both sexes all ages | EDRWeb,2022/23,97.4
KZ,iLembe DM: DC29,TB child over 5 start on treatment,both sexes all ages | EDRWeb,2023/24,91.5
KZ,iLembe DM: DC29,TB child over 5 start on treatment,both sexes all ages | EDRWeb,2024/25,65.7
KZ,King Cetshwayo DM: DC28,TB child over 5 start on treatment,both sexes all ages | EDRWeb,2018/19,122.1
KZ,King Cetshwayo DM: DC28,TB child over 5 start on treatment,both sexes all ages | EDRWeb,2019/20,130.3
KZ,King Cetshwayo DM: DC28,TB child over 5 start on treatment,both sexes all ages | EDRWeb,2020/21,97.3
KZ,King Cetshwayo DM: DC28,TB child over 5 start on treatment,both sexes all ages | EDRWeb,2021/22,94.6
KZ,King Cetshwayo DM: DC28,TB child over 5 start on treatment,both sexes all ages | EDRWeb,2022/23,94.9
KZ,King Cetshwayo DM: DC28,TB child over 5 start on treatment,both sexes all ages | EDRWeb,2023/24,97.3
KZ,King Cetshwayo DM: DC28,TB child over 5 start on treatment,both sexes all ages | EDRWeb,2024/25,95.0
KZ,Ugu DM: DC21,TB child over 5 start on treatment,both sexes all ages | EDRWeb,2018/19,100.9
KZ,Ugu DM: DC21,TB child over 5 start on treatment,both sexes all ages | EDRWeb,2019/20,97.0
KZ,Ugu DM: DC21,TB child over 5 start on treatment,both sexes all ages | EDRWeb,2020/21,102.8
KZ,Ugu DM: DC21,TB child over 5 start on treatment,both sexes all ages | EDRWeb,2021/22,96.8
KZ,Ugu DM: DC21,TB child over 5 start on treatment,both sexes all ages | EDRWeb,2022/23,96.2
KZ,Ugu DM: DC21,TB child over 5 start on treatment,both sexes all ages | EDRWeb,2023/24,84.5
KZ,Ugu DM: DC21,TB child over 5 start on treatment,both sexes all ages | EDRWeb,2024/25,97.9
KZ,uMgungundlovu DM: DC22,TB child over 5 start on treatment,both sexes all ages | EDRWeb,2018/19,102.9
KZ,uMgungundlovu DM: DC22,TB child over 5 start on treatment,both sexes all ages | EDRWeb,2019/20,97.0
KZ,uMgungundlovu DM: DC22,TB child over 5 start on treatment,both sexes all ages | EDRWeb,2020/21,96.2
KZ,uMgungundlovu DM: DC22,TB child over 5 start on treatment,both sexes all ages | EDRWeb,2021/22,93.7
KZ,uMgungundlovu DM: DC22,TB child over 5 start on treatment,both sexes all ages | EDRWeb,2022/23,94.8
KZ,uMgungundlovu DM: DC22,TB child over 5 start on treatment,both sexes all ages | EDRWeb,2023/24,93.5
KZ,uMgungundlovu DM: DC22,TB child over 5 start on treatment,both sexes all ages | EDRWeb,2024/25,93.5
KZ,uMkhanyakude DM: DC27,TB child over 5 start on treatment,both sexes all ages | EDRWeb,2018/19,98.9
KZ,uMkhanyakude DM: DC27,TB child over 5 start on treatment,both sexes all ages | EDRWeb,2019/20,98.5
KZ,uMkhanyakude DM: DC27,TB child over 5 start on treatment,both sexes all ages | EDRWeb,2020/21,91.7
KZ,uMkhanyakude DM: DC27,TB child over 5 start on treatment,both sexes all ages | EDRWeb,2021/22,95.8
KZ,uMkhanyakude DM: DC27,TB child over 5 start on treatment,both sexes all ages | EDRWeb,2022/23,96.8
KZ,uMkhanyakude DM: DC27,TB child over 5 start on treatment,both sexes all ages | EDRWeb,2023/24,93.6
KZ,uMkhanyakude DM: DC27,TB child over 5 start on treatment,both sexes all ages | EDRWeb,2024/25,96.0
KZ,uMzinyathi DM: DC24,TB child over 5 start on treatment,both sexes all ages | EDRWeb,2018/19,95.1
KZ,uMzinyathi DM: DC24,TB child over 5 start on treatment,both sexes all ages | EDRWeb,2019/20,93.7
KZ,uMzinyathi DM: DC24,TB child over 5 start on treatment,both sexes all ages | EDRWeb,2020/21,94.8
KZ,uMzinyathi DM: DC24,TB child over 5 start on treatment,both sexes all ages | EDRWeb,2021/22,98.7
KZ,uMzinyathi DM: DC24,TB child over 5 start on treatment,both sexes all ages | EDRWeb,2022/23,96.1
KZ,uMzinyathi DM: DC24,TB child over 5 start on treatment,both sexes all ages | EDRWeb,2023/24,89.1
KZ,uMzinyathi DM: DC24,TB child over 5 start on treatment,both sexes all ages | EDRWeb,2024/25,96.3
KZ,uThukela DM: DC23,TB child over 5 start on treatment,both sexes all ages | EDRWeb,2018/19,118.1
KZ,uThukela DM: DC23,TB child over 5 start on treatment,both sexes all ages | EDRWeb,2019/20,94.9
KZ,uThukela DM: DC23,TB child over 5 start on treatment,both sexes all ages | EDRWeb,2020/21,96.7
KZ,uThukela DM: DC23,TB child over 5 start on treatment,both sexes all ages | EDRWeb,2021/22,89.4
KZ,uThukela DM: DC23,TB child over 5 start on treatment,both sexes all ages | EDRWeb,2022/23,93.0
KZ,uThukela DM: DC23,TB child over 5 start on treatment,both sexes all ages | EDRWeb,2023/24,91.2
KZ,uThukela DM: DC23,TB child over 5 start on treatment,both sexes all ages | EDRWeb,2024/25,95.4
KZ,Zululand DM: DC26,TB child over 5 start on treatment,both sexes all ages | EDRWeb,2018/19,97.4
KZ,Zululand DM: DC26,TB child over 5 start on treatment,both sexes all ages | EDRWeb,2019/20,94.9
KZ,Zululand DM: DC26,TB child over 5 start on treatment,both sexes all ages | EDRWeb,2020/21,94.2
KZ,Zululand DM: DC26,TB child over 5 start on treatment,both sexes all ages | EDRWeb,2021/22,95.3
KZ,Zululand DM: DC26,TB child over 5 start on treatment,both sexes all ages | EDRWeb,2022/23,96.3
KZ,Zululand DM: DC26,TB child over 5 start on treatment,both sexes all ages | EDRWeb,2023/24,95.8
KZ,Zululand DM: DC26,TB child over 5 start on treatment,both sexes all ages | EDRWeb,2024/25,96.1
LP,Capricorn DM: DC35,TB child over 5 start on treatment,both sexes all ages | EDRWeb,2018/19,96.7
LP,Capricorn DM: DC35,TB child over 5 start on treatment,both sexes all ages | EDRWeb,2019/20,93.6
LP,Capricorn DM: DC35,TB child over 5 start on treatment,both sexes all ages | EDRWeb,2020/21,95.6
LP,Capricorn DM: DC35,TB child over 5 start on treatment,both sexes all ages | EDRWeb,2021/22,96.8
LP,Capricorn DM: DC35,TB child over 5 start on treatment,both sexes all ages | EDRWeb,2022/23,97.6
LP,Capricorn DM: DC35,TB child over 5 start on treatment,both sexes all ages | EDRWeb,2023/24,95.8
LP,Capricorn DM: DC35,TB child over 5 start on treatment,both sexes all ages | EDRWeb,2024/25,97.6
LP,Mopani DM: DC33,TB child over 5 start on treatment,both sexes all ages | EDRWeb,2018/19,101.3
LP,Mopani DM: DC33,TB child over 5 start on treatment,both sexes all ages | EDRWeb,2019/20,99.1
LP,Mopani DM: DC33,TB child over 5 start on treatment,both sexes all ages | EDRWeb,2020/21,97.6
LP,Mopani DM: DC33,TB child over 5 start on treatment,both sexes all ages | EDRWeb,2021/22,99.4
LP,Mopani DM: DC33,TB child over 5 start on treatment,both sexes all ages | EDRWeb,2022/23,100.6
LP,Mopani DM: DC33,TB child over 5 start on treatment,both sexes all ages | EDRWeb,2023/24,95.5
LP,Mopani DM: DC33,TB child over 5 start on treatment,both sexes all ages | EDRWeb,2024/25,97.6
LP,Sekhukhune DM: DC47,TB child over 5 start on treatment,both sexes all ages | EDRWeb,2018/19,88.6
LP,Sekhukhune DM: DC47,TB child over 5 start on treatment,both sexes all ages | EDRWeb,2019/20,98.7
LP,Sekhukhune DM: DC47,TB child over 5 start on treatment,both sexes all ages | EDRWeb,2020/21,96.7
LP,Sekhukhune DM: DC47,TB child over 5 start on treatment,both sexes all ages | EDRWeb,2021/22,97.5
LP,Sekhukhune DM: DC47,TB child over 5 start on treatment,both sexes all ages | EDRWeb,2022/23,94.7
LP,Sekhukhune DM: DC47,TB child over 5 start on treatment,both sexes all ages | EDRWeb,2023/24,79.8
LP,Sekhukhune DM: DC47,TB child over 5 start on treatment,both sexes all ages | EDRWeb,2024/25,98.3
LP,Vhembe DM: DC34,TB child over 5 start on treatment,both sexes all ages | EDRWeb,2018/19,107.8
LP,Vhembe DM: DC34,TB child over 5 start on treatment,both sexes all ages | EDRWeb,2019/20,108.3
LP,Vhembe DM: DC34,TB child over 5 start on treatment,both sexes all ages | EDRWeb,2020/21,97.6
LP,Vhembe DM: DC34,TB child over 5 start on treatment,both sexes all ages | EDRWeb,2021/22,97.0
LP,Vhembe DM: DC34,TB child over 5 start on treatment,both sexes all ages | EDRWeb,2022/23,96.7
LP,Vhembe DM: DC34,TB child over 5 start on treatment,both sexes all ages | EDRWeb,2023/24,99.9
LP,Vhembe DM: DC34,TB child over 5 start on treatment,both sexes all ages | EDRWeb,2024/25,98.0
LP,Waterberg DM: DC36,TB child over 5 start on treatment,both sexes all ages | EDRWeb,2018/19,104.7
LP,Waterberg DM: DC36,TB child over 5 start on treatment,both sexes all ages | EDRWeb,2019/20,95.4
LP,Waterberg DM: DC36,TB child over 5 start on treatment,both sexes all ages | EDRWeb,2020/21,93.9
LP,Waterberg DM: DC36,TB child over 5 start on treatment,both sexes all ages | EDRWeb,2021/22,95.8
LP,Waterberg DM: DC36,TB child over 5 start on treatment,both sexes all ages | EDRWeb,2022/23,97.0
LP,Waterberg DM: DC36,TB child over 5 start on treatment,both sexes all ages | EDRWeb,2023/24,89.1
LP,Waterberg DM: DC36,TB child over 5 start on treatment,both sexes all ages | EDRWeb,2024/25,92.8
MP,Ehlanzeni DM: DC32,TB child over 5 start on treatment,both sexes all ages | EDRWeb,2018/19,92.6
MP,Ehlanzeni DM: DC32,TB child over 5 start on treatment,both sexes all ages | EDRWeb,2019/20,105.8
MP,Ehlanzeni DM: DC32,TB child over 5 start on treatment,both sexes all ages | EDRWeb,2020/21,95.4
MP,Ehlanzeni DM: DC32,TB child over 5 start on treatment,both sexes all ages | EDRWeb,2021/22,92.4
MP,Ehlanzeni DM: DC32,TB child over 5 start on treatment,both sexes all ages | EDRWeb,2022/23,95.2
MP,Ehlanzeni DM: DC32,TB child over 5 start on treatment,both sexes all ages | EDRWeb,2023/24,94.1
MP,Ehlanzeni DM: DC32,TB child over 5 start on treatment,both sexes all ages | EDRWeb,2024/25,95.2
MP,G Sibande DM: DC30,TB child over 5 start on treatment,both sexes all ages | EDRWeb,2018/19,111.8
MP,G Sibande DM: DC30,TB child over 5 start on treatment,both sexes all ages | EDRWeb,2019/20,97.1
MP,G Sibande DM: DC30,TB child over 5 start on treatment,both sexes all ages | EDRWeb,2020/21,97.1
MP,G Sibande DM: DC30,TB child over 5 start on treatment,both sexes all ages | EDRWeb,2021/22,94.0
MP,G Sibande DM: DC30,TB child over 5 start on treatment,both sexes all ages | EDRWeb,2022/23,96.8
MP,G Sibande DM: DC30,TB child over 5 start on treatment,both sexes all ages | EDRWeb,2023/24,98.7
MP,G Sibande DM: DC30,TB child over 5 start on treatment,both sexes all ages | EDRWeb,2024/25,95.8
MP,Nkangala DM: DC31,TB child over 5 start on treatment,both sexes all ages | EDRWeb,2018/19,104.7
MP,Nkangala DM: DC31,TB child over 5 start on treatment,both sexes all ages | EDRWeb,2019/20,97.3
MP,Nkangala DM: DC31,TB child over 5 start on treatment,both sexes all ages | EDRWeb,2020/21,96.7
MP,Nkangala DM: DC31,TB child over 5 start on treatment,both sexes all ages | EDRWeb,2021/22,95.8
MP,Nkangala DM: DC31,TB child over 5 start on treatment,both sexes all ages | EDRWeb,2022/23,94.4
MP,Nkangala DM: DC31,TB child over 5 start on treatment,both sexes all ages | EDRWeb,2023/24,94.3
MP,Nkangala DM: DC31,TB child over 5 start on treatment,both sexes all ages | EDRWeb,2024/25,95.4
NC,Frances Baard DM: DC9,TB child over 5 start on treatment,both sexes all ages | EDRWeb,2018/19,98.9
NC,Frances Baard DM: DC9,TB child over 5 start on treatment,both sexes all ages | EDRWeb,2019/20,100.2
NC,Frances Baard DM: DC9,TB child over 5 start on treatment,both sexes all ages | EDRWeb,2020/21,81.0
NC,Frances Baard DM: DC9,TB child over 5 start on treatment,both sexes all ages | EDRWeb,2021/22,94.2
NC,Frances Baard DM: DC9,TB child over 5 start on treatment,both sexes all ages | EDRWeb,2022/23,100.9
NC,Frances Baard DM: DC9,TB child over 5 start on treatment,both sexes all ages | EDRWeb,2023/24,69.8
NC,Frances Baard DM: DC9,TB child over 5 start on treatment,both sexes all ages | EDRWeb,2024/25,90.6
NC,JT Gaetsewe DM: DC45,TB child over 5 start on treatment,both sexes all ages | EDRWeb,2018/19,96.6
NC,JT Gaetsewe DM: DC45,TB child over 5 start on treatment,both sexes all ages | EDRWeb,2019/20,108.7
NC,JT Gaetsewe DM: DC45,TB child over 5 start on treatment,both sexes all ages | EDRWeb,2020/21,103.6
NC,JT Gaetsewe DM: DC45,TB child over 5 start on treatment,both sexes all ages | EDRWeb,2021/22,71.8
NC,JT Gaetsewe DM: DC45,TB child over 5 start on treatment,both sexes all ages | EDRWeb,2022/23,108.0
NC,JT Gaetsewe DM: DC45,TB child over 5 start on treatment,both sexes all ages | EDRWeb,2023/24,84.9
NC,JT Gaetsewe DM: DC45,TB child over 5 start on treatment,both sexes all ages | EDRWeb,2024/25,84.2
NC,Namakwa DM: DC6,TB child over 5 start on treatment,both sexes all ages | EDRWeb,2018/19,98.7
NC,Namakwa DM: DC6,TB child over 5 start on treatment,both sexes all ages | EDRWeb,2019/20,94.1
NC,Namakwa DM: DC6,TB child over 5 start on treatment,both sexes all ages | EDRWeb,2020/21,89.8
NC,Namakwa DM: DC6,TB child over 5 start on treatment,both sexes all ages | EDRWeb,2021/22,91.4
NC,Namakwa DM: DC6,TB child over 5 start on treatment,both sexes all ages | EDRWeb,2022/23,95.2
NC,Namakwa DM: DC6,TB child over 5 start on treatment,both sexes all ages | EDRWeb,2023/24,90.6
NC,Namakwa DM: DC6,TB child over 5 start on treatment,both sexes all ages | EDRWeb,2024/25,88.8
NC,Pixley Ka Seme DM: DC7,TB child over 5 start on treatment,both sexes all ages | EDRWeb,2018/19,102.6
NC,Pixley Ka Seme DM: DC7,TB child over 5 start on treatment,both sexes all ages | EDRWeb,2019/20,97.9
NC,Pixley Ka Seme DM: DC7,TB child over 5 start on treatment,both sexes all ages | EDRWeb,2020/21,133.3
NC,Pixley Ka Seme DM: DC7,TB child over 5 start on treatment,both sexes all ages | EDRWeb,2021/22,92.5
NC,Pixley Ka Seme DM: DC7,TB child over 5 start on treatment,both sexes all ages | EDRWeb,2022/23,96.8
NC,Pixley Ka Seme DM: DC7,TB child over 5 start on treatment,both sexes all ages | EDRWeb,2023/24,96.2
NC,Pixley Ka Seme DM: DC7,TB child over 5 start on treatment,both sexes all ages | EDRWeb,2024/25,93.9
NC,ZF Mgcawu DM: DC8,TB child over 5 start on treatment,both sexes all ages | EDRWeb,2018/19,108.7
NC,ZF Mgcawu DM: DC8,TB child over 5 start on treatment,both sexes all ages | EDRWeb,2019/20,95.1
NC,ZF Mgcawu DM: DC8,TB child over 5 start on treatment,both sexes all ages | EDRWeb,2020/21,109.7
NC,ZF Mgcawu DM: DC8,TB child over 5 start on treatment,both sexes all ages | EDRWeb,2021/22,89.9
NC,ZF Mgcawu DM: DC8,TB child over 5 start on treatment,both sexes all ages | EDRWeb,2022/23,90.3
NC,ZF Mgcawu DM: DC8,TB child over 5 start on treatment,both sexes all ages | EDRWeb,2023/24,67.5
NC,ZF Mgcawu DM: DC8,TB child over 5 start on treatment,both sexes all ages | EDRWeb,2024/25,95.3
NW,Bojanala Platinum DM: DC37,TB child over 5 start on treatment,both sexes all ages | EDRWeb,2018/19,108.1
NW,Bojanala Platinum DM: DC37,TB child over 5 start on treatment,both sexes all ages | EDRWeb,2019/20,109.8
NW,Bojanala Platinum DM: DC37,TB child over 5 start on treatment,both sexes all ages | EDRWeb,2020/21,99.7
NW,Bojanala Platinum DM: DC37,TB child over 5 start on treatment,both sexes all ages | EDRWeb,2021/22,96.1
NW,Bojanala Platinum DM: DC37,TB child over 5 start on treatment,both sexes all ages | EDRWeb,2022/23,97.1
NW,Bojanala Platinum DM: DC37,TB child over 5 start on treatment,both sexes all ages | EDRWeb,2023/24,99.4
NW,Bojanala Platinum DM: DC37,TB child over 5 start on treatment,both sexes all ages | EDRWeb,2024/25,99.8
NW,Dr K Kaunda DM: DC40,TB child over 5 start on treatment,both sexes all ages | EDRWeb,2018/19,93.5
NW,Dr K Kaunda DM: DC40,TB child over 5 start on treatment,both sexes all ages | EDRWeb,2019/20,93.5
NW,Dr K Kaunda DM: DC40,TB child over 5 start on treatment,both sexes all ages | EDRWeb,2020/21,91.6
NW,Dr K Kaunda DM: DC40,TB child over 5 start on treatment,both sexes all ages | EDRWeb,2021/22,95.0
NW,Dr K Kaunda DM: DC40,TB child over 5 start on treatment,both sexes all ages | EDRWeb,2022/23,95.8
NW,Dr K Kaunda DM: DC40,TB child over 5 start on treatment,both sexes all ages | EDRWeb,2023/24,90.3
NW,Dr K Kaunda DM: DC40,TB child over 5 start on treatment,both sexes all ages | EDRWeb,2024/25,96.7
NW,NM Molema DM: DC38,TB child over 5 start on treatment,both sexes all ages | EDRWeb,2018/19,107.4
NW,NM Molema DM: DC38,TB child over 5 start on treatment,both sexes all ages | EDRWeb,2019/20,97.8
NW,NM Molema DM: DC38,TB child over 5 start on treatment,both sexes all ages | EDRWeb,2020/21,95.9
NW,NM Molema DM: DC38,TB child over 5 start on treatment,both sexes all ages | EDRWeb,2021/22,97.1
NW,NM Molema DM: DC38,TB child over 5 start on treatment,both sexes all ages | EDRWeb,2022/23,94.2
NW,NM Molema DM: DC38,TB child over 5 start on treatment,both sexes all ages | EDRWeb,2023/24,81.1
NW,NM Molema DM: DC38,TB child over 5 start on treatment,both sexes all ages | EDRWeb,2024/25,94.7
NW,RS Mompati DM: DC39,TB child over 5 start on treatment,both sexes all ages | EDRWeb,2018/19,104.8
NW,RS Mompati DM: DC39,TB child over 5 start on treatment,both sexes all ages | EDRWeb,2019/20,96.7
NW,RS Mompati DM: DC39,TB child over 5 start on treatment,both sexes all ages | EDRWeb,2020/21,92.9
NW,RS Mompati DM: DC39,TB child over 5 start on treatment,both sexes all ages | EDRWeb,2021/22,92.1
NW,RS Mompati DM: DC39,TB child over 5 start on treatment,both sexes all ages | EDRWeb,2022/23,93.4
NW,RS Mompati DM: DC39,TB child over 5 start on treatment,both sexes all ages | EDRWeb,2023/24,75.7
NW,RS Mompati DM: DC39,TB child over 5 start on treatment,both sexes all ages | EDRWeb,2024/25,93.8
WC,Cape Town MM: CPT,TB child over 5 start on treatment,both sexes all ages | EDRWeb,2018/19,85.0
WC,Cape Town MM: CPT,TB child over 5 start on treatment,both sexes all ages | EDRWeb,2019/20,87.5
WC,Cape Town MM: CPT,TB child over 5 start on treatment,both sexes all ages | EDRWeb,2020/21,89.4
WC,Cape Town MM: CPT,TB child over 5 start on treatment,both sexes all ages | EDRWeb,2021/22,89.1
WC,Cape Town MM: CPT,TB child over 5 start on treatment,both sexes all ages | EDRWeb,2022/23,90.6
WC,Cape Town MM: CPT,TB child over 5 start on treatment,both sexes all ages | EDRWeb,2023/24,100.6
WC,Cape Town MM: CPT,TB child over 5 start on treatment,both sexes all ages | EDRWeb,2024/25,97.8
WC,Cape Winelands DM: DC2,TB child over 5 start on treatment,both sexes all ages | EDRWeb,2018/19,94.0
WC,Cape Winelands DM: DC2,TB child over 5 start on treatment,both sexes all ages | EDRWeb,2019/20,93.3
WC,Cape Winelands DM: DC2,TB child over 5 start on treatment,both sexes all ages | EDRWeb,2020/21,93.0
WC,Cape Winelands DM: DC2,TB child over 5 start on treatment,both sexes all ages | EDRWeb,2021/22,93.9
WC,Cape Winelands DM: DC2,TB child over 5 start on treatment,both sexes all ages | EDRWeb,2022/23,94.8
WC,Cape Winelands DM: DC2,TB child over 5 start on treatment,both sexes all ages | EDRWeb,2023/24,83.8
WC,Cape Winelands DM: DC2,TB child over 5 start on treatment,both sexes all ages | EDRWeb,2024/25,91.4
WC,Central Karoo DM: DC5,TB child over 5 start on treatment,both sexes all ages | EDRWeb,2018/19,95.3
WC,Central Karoo DM: DC5,TB child over 5 start on treatment,both sexes all ages | EDRWeb,2019/20,102.1
WC,Central Karoo DM: DC5,TB child over 5 start on treatment,both sexes all ages | EDRWeb,2020/21,65.1
WC,Central Karoo DM: DC5,TB child over 5 start on treatment,both sexes all ages | EDRWeb,2021/22,98.5
WC,Central Karoo DM: DC5,TB child over 5 start on treatment,both sexes all ages | EDRWeb,2022/23,97.7
WC,Central Karoo DM: DC5,TB child over 5 start on treatment,both sexes all ages | EDRWeb,2023/24,95.7
WC,Central Karoo DM: DC5,TB child over 5 start on treatment,both sexes all ages | EDRWeb,2024/25,85.7
WC,Garden Route DM: DC4,TB child over 5 start on treatment,both sexes all ages | EDRWeb,2018/19,94.0
WC,Garden Route DM: DC4,TB child over 5 start on treatment,both sexes all ages | EDRWeb,2019/20,90.9
WC,Garden Route DM: DC4,TB child over 5 start on treatment,both sexes all ages | EDRWeb,2020/21,93.1
WC,Garden Route DM: DC4,TB child over 5 start on treatment,both sexes all ages | EDRWeb,2021/22,94.2
WC,Garden Route DM: DC4,TB child over 5 start on treatment,both sexes all ages | EDRWeb,2022/23,90.7
WC,Garden Route DM: DC4,TB child over 5 start on treatment,both sexes all ages | EDRWeb,2023/24,50.9
WC,Garden Route DM: DC4,TB child over 5 start on treatment,both sexes all ages | EDRWeb,2024/25,87.2
WC,Overberg DM: DC3,TB child over 5 start on treatment,both sexes all ages | EDRWeb,2018/19,96.0
WC,Overberg DM: DC3,TB child over 5 start on treatment,both sexes all ages | EDRWeb,2019/20,96.6
WC,Overberg DM: DC3,TB child over 5 start on treatment,both sexes all ages | EDRWeb,2020/21,97.5
WC,Overberg DM: DC3,TB child over 5 start on treatment,both sexes all ages | EDRWeb,2021/22,103.0
WC,Overberg DM: DC3,TB child over 5 start on treatment,both sexes all ages | EDRWeb,2022/23,98.3
WC,Overberg DM: DC3,TB child over 5 start on treatment,both sexes all ages | EDRWeb,2023/24,96.4
WC,Overberg DM: DC3,TB child over 5 start on treatment,both sexes all ages | EDRWeb,2024/25,101.7
WC,West Coast DM: DC1,TB child over 5 start on treatment,both sexes all ages | EDRWeb,2018/19,89.9
WC,West Coast DM: DC1,TB child over 5 start on treatment,both sexes all ages | EDRWeb,2019/20,91.2
WC,West Coast DM: DC1,TB child over 5 start on treatment,both sexes all ages | EDRWeb,2020/21,90.4
WC,West Coast DM: DC1,TB child over 5 start on treatment,both sexes all ages | EDRWeb,2021/22,90.0
WC,West Coast DM: DC1,TB child over 5 start on treatment,both sexes all ages | EDRWeb,2022/23,93.6
WC,West Coast DM: DC1,TB child over 5 start on treatment,both sexes all ages | EDRWeb,2023/24,81.9
WC,West Coast DM: DC1,TB child over 5 start on treatment,both sexes all ages | EDRWeb,2024/25,90.7
EC,A Nzo DM: DC44,Antenatal 1st visit before 20 weeks rate,female | DHIS,2015/16,42.8
EC,A Nzo DM: DC44,Antenatal 1st visit before 20 weeks rate,female | DHIS,2016/17,45.4
EC,A Nzo DM: DC44,Antenatal 1st visit before 20 weeks rate,female | DHIS,2017/18,47.8
EC,A Nzo DM: DC44,Antenatal 1st visit before 20 weeks rate,female | DHIS,2018/19,47.2
EC,A Nzo DM: DC44,Antenatal 1st visit before 20 weeks rate,female | DHIS,2019/20,50.0
EC,A Nzo DM: DC44,Antenatal 1st visit before 20 weeks rate,female | DHIS,2020/21,51.2
EC,A Nzo DM: DC44,Antenatal 1st visit before 20 weeks rate,female | DHIS,2021/22,46.6
EC,A Nzo DM: DC44,Antenatal 1st visit before 20 weeks rate,female | DHIS,2022/23,48.4
EC,A Nzo DM: DC44,Antenatal 1st visit before 20 weeks rate,female | DHIS,2023/24,52.9
EC,A Nzo DM: DC44,Antenatal 1st visit before 20 weeks rate,female | DHIS,2024/25,54.9
EC,Amathole DM: DC12,Antenatal 1st visit before 20 weeks rate,female | DHIS,2015/16,67.0
EC,Amathole DM: DC12,Antenatal 1st visit before 20 weeks rate,female | DHIS,2016/17,71.5
EC,Amathole DM: DC12,Antenatal 1st visit before 20 weeks rate,female | DHIS,2017/18,70.8
EC,Amathole DM: DC12,Antenatal 1st visit before 20 weeks rate,female | DHIS,2018/19,75.8
EC,Amathole DM: DC12,Antenatal 1st visit before 20 weeks rate,female | DHIS,2019/20,74.9
EC,Amathole DM: DC12,Antenatal 1st visit before 20 weeks rate,female | DHIS,2020/21,73.8
EC,Amathole DM: DC12,Antenatal 1st visit before 20 weeks rate,female | DHIS,2021/22,73.6
EC,Amathole DM: DC12,Antenatal 1st visit before 20 weeks rate,female | DHIS,2022/23,74.5
EC,Amathole DM: DC12,Antenatal 1st visit before 20 weeks rate,female | DHIS,2023/24,73.5
EC,Amathole DM: DC12,Antenatal 1st visit before 20 weeks rate,female | DHIS,2024/25,73.6
EC,Buffalo City MM: BUF,Antenatal 1st visit before 20 weeks rate,female | DHIS,2015/16,59.2
EC,Buffalo City MM: BUF,Antenatal 1st visit before 20 weeks rate,female | DHIS,2016/17,62.6
EC,Buffalo City MM: BUF,Antenatal 1st visit before 20 weeks rate,female | DHIS,2017/18,66.9
EC,Buffalo City MM: BUF,Antenatal 1st visit before 20 weeks rate,female | DHIS,2018/19,53.9
EC,Buffalo City MM: BUF,Antenatal 1st visit before 20 weeks rate,female | DHIS,2019/20,53.9
EC,Buffalo City MM: BUF,Antenatal 1st visit before 20 weeks rate,female | DHIS,2020/21,55.5
EC,Buffalo City MM: BUF,Antenatal 1st visit before 20 weeks rate,female | DHIS,2021/22,71.9
EC,Buffalo City MM: BUF,Antenatal 1st visit before 20 weeks rate,female | DHIS,2022/23,64.6
EC,Buffalo City MM: BUF,Antenatal 1st visit before 20 weeks rate,female | DHIS,2023/24,62.6
EC,Buffalo City MM: BUF,Antenatal 1st visit before 20 weeks rate,female | DHIS,2024/25,67.8
EC,C Hani DM: DC13,Antenatal 1st visit before 20 weeks rate,female | DHIS,2015/16,67.3
EC,C Hani DM: DC13,Antenatal 1st visit before 20 weeks rate,female | DHIS,2016/17,69.9
EC,C Hani DM: DC13,Antenatal 1st visit before 20 weeks rate,female | DHIS,2017/18,68.2
EC,C Hani DM: DC13,Antenatal 1st visit before 20 weeks rate,female | DHIS,2018/19,69.4
EC,C Hani DM: DC13,Antenatal 1st visit before 20 weeks rate,female | DHIS,2019/20,70.7
EC,C Hani DM: DC13,Antenatal 1st visit before 20 weeks rate,female | DHIS,2020/21,70.4
EC,C Hani DM: DC13,Antenatal 1st visit before 20 weeks rate,female | DHIS,2021/22,68.4
EC,C Hani DM: DC13,Antenatal 1st visit before 20 weeks rate,female | DHIS,2022/23,68.4
EC,C Hani DM: DC13,Antenatal 1st visit before 20 weeks rate,female | DHIS,2023/24,65.2
EC,C Hani DM: DC13,Antenatal 1st visit before 20 weeks rate,female | DHIS,2024/25,65.4
EC,Joe Gqabi DM: DC14,Antenatal 1st visit before 20 weeks rate,female | DHIS,2015/16,57.0
EC,Joe Gqabi DM: DC14,Antenatal 1st visit before 20 weeks rate,female | DHIS,2016/17,59.8
EC,Joe Gqabi DM: DC14,Antenatal 1st visit before 20 weeks rate,female | DHIS,2017/18,64.6
EC,Joe Gqabi DM: DC14,Antenatal 1st visit before 20 weeks rate,female | DHIS,2018/19,62.3
EC,Joe Gqabi DM: DC14,Antenatal 1st visit before 20 weeks rate,female | DHIS,2019/20,68.7
EC,Joe Gqabi DM: DC14,Antenatal 1st visit before 20 weeks rate,female | DHIS,2020/21,66.2
EC,Joe Gqabi DM: DC14,Antenatal 1st visit before 20 weeks rate,female | DHIS,2021/22,64.2
EC,Joe Gqabi DM: DC14,Antenatal 1st visit before 20 weeks rate,female | DHIS,2022/23,62.8
EC,Joe Gqabi DM: DC14,Antenatal 1st visit before 20 weeks rate,female | DHIS,2023/24,62.5
EC,Joe Gqabi DM: DC14,Antenatal 1st visit before 20 weeks rate,female | DHIS,2024/25,61.2
EC,N Mandela Bay MM: NMA,Antenatal 1st visit before 20 weeks rate,female | DHIS,2015/16,61.5
EC,N Mandela Bay MM: NMA,Antenatal 1st visit before 20 weeks rate,female | DHIS,2016/17,65.6
EC,N Mandela Bay MM: NMA,Antenatal 1st visit before 20 weeks rate,female | DHIS,2017/18,66.7
EC,N Mandela Bay MM: NMA,Antenatal 1st visit before 20 weeks rate,female | DHIS,2018/19,70.2
EC,N Mandela Bay MM: NMA,Antenatal 1st visit before 20 weeks rate,female | DHIS,2019/20,70.2
EC,N Mandela Bay MM: NMA,Antenatal 1st visit before 20 weeks rate,female | DHIS,2020/21,68.6
EC,N Mandela Bay MM: NMA,Antenatal 1st visit before 20 weeks rate,female | DHIS,2021/22,69.3
EC,N Mandela Bay MM: NMA,Antenatal 1st visit before 20 weeks rate,female | DHIS,2022/23,69.0
EC,N Mandela Bay MM: NMA,Antenatal 1st visit before 20 weeks rate,female | DHIS,2023/24,66.1
EC,N Mandela Bay MM: NMA,Antenatal 1st visit before 20 weeks rate,female | DHIS,2024/25,67.3
EC,OR Tambo DM: DC15,Antenatal 1st visit before 20 weeks rate,female | DHIS,2015/16,60.1
EC,OR Tambo DM: DC15,Antenatal 1st visit before 20 weeks rate,female | DHIS,2016/17,67.1
EC,OR Tambo DM: DC15,Antenatal 1st visit before 20 weeks rate,female | DHIS,2017/18,66.8
EC,OR Tambo DM: DC15,Antenatal 1st visit before 20 weeks rate,female | DHIS,2018/19,60.1
EC,OR Tambo DM: DC15,Antenatal 1st visit before 20 weeks rate,female | DHIS,2019/20,64.9
EC,OR Tambo DM: DC15,Antenatal 1st visit before 20 weeks rate,female | DHIS,2020/21,62.3
EC,OR Tambo DM: DC15,Antenatal 1st visit before 20 weeks rate,female | DHIS,2021/22,59.7
EC,OR Tambo DM: DC15,Antenatal 1st visit before 20 weeks rate,female | DHIS,2022/23,62.7
EC,OR Tambo DM: DC15,Antenatal 1st visit before 20 weeks rate,female | DHIS,2023/24,60.4
EC,OR Tambo DM: DC15,Antenatal 1st visit before 20 weeks rate,female | DHIS,2024/25,66.7
EC,Sarah Baartman DM: DC10,Antenatal 1st visit before 20 weeks rate,female | DHIS,2015/16,69.0
EC,Sarah Baartman DM: DC10,Antenatal 1st visit before 20 weeks rate,female | DHIS,2016/17,71.0
EC,Sarah Baartman DM: DC10,Antenatal 1st visit before 20 weeks rate,female | DHIS,2017/18,69.8
EC,Sarah Baartman DM: DC10,Antenatal 1st visit before 20 weeks rate,female | DHIS,2018/19,69.7
EC,Sarah Baartman DM: DC10,Antenatal 1st visit before 20 weeks rate,female | DHIS,2019/20,70.8
EC,Sarah Baartman DM: DC10,Antenatal 1st visit before 20 weeks rate,female | DHIS,2020/21,62.0
EC,Sarah Baartman DM: DC10,Antenatal 1st visit before 20 weeks rate,female | DHIS,2021/22,66.1
EC,Sarah Baartman DM: DC10,Antenatal 1st visit before 20 weeks rate,female | DHIS,2022/23,66.1
EC,Sarah Baartman DM: DC10,Antenatal 1st visit before 20 weeks rate,female | DHIS,2023/24,67.0
EC,Sarah Baartman DM: DC10,Antenatal 1st visit before 20 weeks rate,female | DHIS,2024/25,69.7
FS,Fezile Dabi DM: DC20,Antenatal 1st visit before 20 weeks rate,female | DHIS,2015/16,58.0
FS,Fezile Dabi DM: DC20,Antenatal 1st visit before 20 weeks rate,female | DHIS,2016/17,65.5
FS,Fezile Dabi DM: DC20,Antenatal 1st visit before 20 weeks rate,female | DHIS,2017/18,66.2
FS,Fezile Dabi DM: DC20,Antenatal 1st visit before 20 weeks rate,female | DHIS,2018/19,67.8
FS,Fezile Dabi DM: DC20,Antenatal 1st visit before 20 weeks rate,female | DHIS,2019/20,69.1
FS,Fezile Dabi DM: DC20,Antenatal 1st visit before 20 weeks rate,female | DHIS,2020/21,61.4
FS,Fezile Dabi DM: DC20,Antenatal 1st visit before 20 weeks rate,female | DHIS,2021/22,62.0
FS,Fezile Dabi DM: DC20,Antenatal 1st visit before 20 weeks rate,female | DHIS,2022/23,61.5
FS,Fezile Dabi DM: DC20,Antenatal 1st visit before 20 weeks rate,female | DHIS,2023/24,64.9
FS,Fezile Dabi DM: DC20,Antenatal 1st visit before 20 weeks rate,female | DHIS,2024/25,68.4
FS,Lejweleputswa DM: DC18,Antenatal 1st visit before 20 weeks rate,female | DHIS,2015/16,63.4
FS,Lejweleputswa DM: DC18,Antenatal 1st visit before 20 weeks rate,female | DHIS,2016/17,65.3
FS,Lejweleputswa DM: DC18,Antenatal 1st visit before 20 weeks rate,female | DHIS,2017/18,65.6
FS,Lejweleputswa DM: DC18,Antenatal 1st visit before 20 weeks rate,female | DHIS,2018/19,65.6
FS,Lejweleputswa DM: DC18,Antenatal 1st visit before 20 weeks rate,female | DHIS,2019/20,64.4
FS,Lejweleputswa DM: DC18,Antenatal 1st visit before 20 weeks rate,female | DHIS,2020/21,59.8
FS,Lejweleputswa DM: DC18,Antenatal 1st visit before 20 weeks rate,female | DHIS,2021/22,57.1
FS,Lejweleputswa DM: DC18,Antenatal 1st visit before 20 weeks rate,female | DHIS,2022/23,59.0
FS,Lejweleputswa DM: DC18,Antenatal 1st visit before 20 weeks rate,female | DHIS,2023/24,58.4
FS,Lejweleputswa DM: DC18,Antenatal 1st visit before 20 weeks rate,female | DHIS,2024/25,61.2
FS,Mangaung MM: MAN,Antenatal 1st visit before 20 weeks rate,female | DHIS,2015/16,63.0
FS,Mangaung MM: MAN,Antenatal 1st visit before 20 weeks rate,female | DHIS,2016/17,64.3
FS,Mangaung MM: MAN,Antenatal 1st visit before 20 weeks rate,female | DHIS,2017/18,63.1
FS,Mangaung MM: MAN,Antenatal 1st visit before 20 weeks rate,female | DHIS,2018/19,63.4
FS,Mangaung MM: MAN,Antenatal 1st visit before 20 weeks rate,female | DHIS,2019/20,66.7
FS,Mangaung MM: MAN,Antenatal 1st visit before 20 weeks rate,female | DHIS,2020/21,61.9
FS,Mangaung MM: MAN,Antenatal 1st visit before 20 weeks rate,female | DHIS,2021/22,59.3
FS,Mangaung MM: MAN,Antenatal 1st visit before 20 weeks rate,female | DHIS,2022/23,61.0
FS,Mangaung MM: MAN,Antenatal 1st visit before 20 weeks rate,female | DHIS,2023/24,61.3
FS,Mangaung MM: MAN,Antenatal 1st visit before 20 weeks rate,female | DHIS,2024/25,66.0
FS,T Mofutsanyana DM: DC19,Antenatal 1st visit before 20 weeks rate,female | DHIS,2015/16,63.1
FS,T Mofutsanyana DM: DC19,Antenatal 1st visit before 20 weeks rate,female | DHIS,2016/17,66.1
FS,T Mofutsanyana DM: DC19,Antenatal 1st visit before 20 weeks rate,female | DHIS,2017/18,65.6
FS,T Mofutsanyana DM: DC19,Antenatal 1st visit before 20 weeks rate,female | DHIS,2018/19,63.7
FS,T Mofutsanyana DM: DC19,Antenatal 1st visit before 20 weeks rate,female | DHIS,2019/20,65.4
FS,T Mofutsanyana DM: DC19,Antenatal 1st visit before 20 weeks rate,female | DHIS,2020/21,60.2
FS,T Mofutsanyana DM: DC19,Antenatal 1st visit before 20 weeks rate,female | DHIS,2021/22,61.6
FS,T Mofutsanyana DM: DC19,Antenatal 1st visit before 20 weeks rate,female | DHIS,2022/23,63.3
FS,T Mofutsanyana DM: DC19,Antenatal 1st visit before 20 weeks rate,female | DHIS,2023/24,64.6
FS,T Mofutsanyana DM: DC19,Antenatal 1st visit before 20 weeks rate,female | DHIS,2024/25,67.8
FS,Xhariep DM: DC16,Antenatal 1st visit before 20 weeks rate,female | DHIS,2015/16,77.1
FS,Xhariep DM: DC16,Antenatal 1st visit before 20 weeks rate,female | DHIS,2016/17,76.4
FS,Xhariep DM: DC16,Antenatal 1st visit before 20 weeks rate,female | DHIS,2017/18,78.7
FS,Xhariep DM: DC16,Antenatal 1st visit before 20 weeks rate,female | DHIS,2018/19,74.7
FS,Xhariep DM: DC16,Antenatal 1st visit before 20 weeks rate,female | DHIS,2019/20,75.3
FS,Xhariep DM: DC16,Antenatal 1st visit before 20 weeks rate,female | DHIS,2020/21,72.1
FS,Xhariep DM: DC16,Antenatal 1st visit before 20 weeks rate,female | DHIS,2021/22,73.1
FS,Xhariep DM: DC16,Antenatal 1st visit before 20 weeks rate,female | DHIS,2022/23,76.6
FS,Xhariep DM: DC16,Antenatal 1st visit before 20 weeks rate,female | DHIS,2023/24,73.4
FS,Xhariep DM: DC16,Antenatal 1st visit before 20 weeks rate,female | DHIS,2024/25,73.8
GP,City of Ekurhuleni MM: EKU,Antenatal 1st visit before 20 weeks rate,female | DHIS,2015/16,54.9
GP,City of Ekurhuleni MM: EKU,Antenatal 1st visit before 20 weeks rate,female | DHIS,2016/17,57.9
GP,City of Ekurhuleni MM: EKU,Antenatal 1st visit before 20 weeks rate,female | DHIS,2017/18,62.0
GP,City of Ekurhuleni MM: EKU,Antenatal 1st visit before 20 weeks rate,female | DHIS,2018/19,65.9
GP,City of Ekurhuleni MM: EKU,Antenatal 1st visit before 20 weeks rate,female | DHIS,2019/20,66.3
GP,City of Ekurhuleni MM: EKU,Antenatal 1st visit before 20 weeks rate,female | DHIS,2020/21,61.6
GP,City of Ekurhuleni MM: EKU,Antenatal 1st visit before 20 weeks rate,female | DHIS,2021/22,64.5
GP,City of Ekurhuleni MM: EKU,Antenatal 1st visit before 20 weeks rate,female | DHIS,2022/23,69.0
GP,City of Ekurhuleni MM: EKU,Antenatal 1st visit before 20 weeks rate,female | DHIS,2023/24,69.3
GP,City of Ekurhuleni MM: EKU,Antenatal 1st visit before 20 weeks rate,female | DHIS,2024/25,73.2
GP,Johannesburg MM: JHB,Antenatal 1st visit before 20 weeks rate,female | DHIS,2015/16,52.2
GP,Johannesburg MM: JHB,Antenatal 1st visit before 20 weeks rate,female | DHIS,2016/17,55.8
GP,Johannesburg MM: JHB,Antenatal 1st visit before 20 weeks rate,female | DHIS,2017/18,59.1
GP,Johannesburg MM: JHB,Antenatal 1st visit before 20 weeks rate,female | DHIS,2018/19,63.8
GP,Johannesburg MM: JHB,Antenatal 1st visit before 20 weeks rate,female | DHIS,2019/20,66.1
GP,Johannesburg MM: JHB,Antenatal 1st visit before 20 weeks rate,female | DHIS,2020/21,65.2
GP,Johannesburg MM: JHB,Antenatal 1st visit before 20 weeks rate,female | DHIS,2021/22,67.6
GP,Johannesburg MM: JHB,Antenatal 1st visit before 20 weeks rate,female | DHIS,2022/23,69.8
GP,Johannesburg MM: JHB,Antenatal 1st visit before 20 weeks rate,female | DHIS,2023/24,70.0
GP,Johannesburg MM: JHB,Antenatal 1st visit before 20 weeks rate,female | DHIS,2024/25,73.4
GP,Sedibeng DM: DC42,Antenatal 1st visit before 20 weeks rate,female | DHIS,2015/16,65.3
GP,Sedibeng DM: DC42,Antenatal 1st visit before 20 weeks rate,female | DHIS,2016/17,67.6
GP,Sedibeng DM: DC42,Antenatal 1st visit before 20 weeks rate,female | DHIS,2017/18,71.0
GP,Sedibeng DM: DC42,Antenatal 1st visit before 20 weeks rate,female | DHIS,2018/19,69.6
GP,Sedibeng DM: DC42,Antenatal 1st visit before 20 weeks rate,female | DHIS,2019/20,68.7
GP,Sedibeng DM: DC42,Antenatal 1st visit before 20 weeks rate,female | DHIS,2020/21,62.9
GP,Sedibeng DM: DC42,Antenatal 1st visit before 20 weeks rate,female | DHIS,2021/22,66.1
GP,Sedibeng DM: DC42,Antenatal 1st visit before 20 weeks rate,female | DHIS,2022/23,70.0
GP,Sedibeng DM: DC42,Antenatal 1st visit before 20 weeks rate,female | DHIS,2023/24,70.2
GP,Sedibeng DM: DC42,Antenatal 1st visit before 20 weeks rate,female | DHIS,2024/25,70.5
GP,Tshwane MM: TSH,Antenatal 1st visit before 20 weeks rate,female | DHIS,2015/16,55.0
GP,Tshwane MM: TSH,Antenatal 1st visit before 20 weeks rate,female | DHIS,2016/17,58.8
GP,Tshwane MM: TSH,Antenatal 1st visit before 20 weeks rate,female | DHIS,2017/18,60.3
GP,Tshwane MM: TSH,Antenatal 1st visit before 20 weeks rate,female | DHIS,2018/19,62.0
GP,Tshwane MM: TSH,Antenatal 1st visit before 20 weeks rate,female | DHIS,2019/20,64.8
GP,Tshwane MM: TSH,Antenatal 1st visit before 20 weeks rate,female | DHIS,2020/21,62.0
GP,Tshwane MM: TSH,Antenatal 1st visit before 20 weeks rate,female | DHIS,2021/22,66.6
GP,Tshwane MM: TSH,Antenatal 1st visit before 20 weeks rate,female | DHIS,2022/23,67.7
GP,Tshwane MM: TSH,Antenatal 1st visit before 20 weeks rate,female | DHIS,2023/24,69.5
GP,Tshwane MM: TSH,Antenatal 1st visit before 20 weeks rate,female | DHIS,2024/25,70.7
GP,West Rand DM: DC48,Antenatal 1st visit before 20 weeks rate,female | DHIS,2015/16,61.6
GP,West Rand DM: DC48,Antenatal 1st visit before 20 weeks rate,female | DHIS,2016/17,66.1
GP,West Rand DM: DC48,Antenatal 1st visit before 20 weeks rate,female | DHIS,2017/18,68.7
GP,West Rand DM: DC48,Antenatal 1st visit before 20 weeks rate,female | DHIS,2018/19,71.1
GP,West Rand DM: DC48,Antenatal 1st visit before 20 weeks rate,female | DHIS,2019/20,73.3
GP,West Rand DM: DC48,Antenatal 1st visit before 20 weeks rate,female | DHIS,2020/21,64.2
GP,West Rand DM: DC48,Antenatal 1st visit before 20 weeks rate,female | DHIS,2021/22,72.6
GP,West Rand DM: DC48,Antenatal 1st visit before 20 weeks rate,female | DHIS,2022/23,72.4
GP,West Rand DM: DC48,Antenatal 1st visit before 20 weeks rate,female | DHIS,2023/24,73.3
GP,West Rand DM: DC48,Antenatal 1st visit before 20 weeks rate,female | DHIS,2024/25,75.2
KZ,Amajuba DM: DC25,Antenatal 1st visit before 20 weeks rate,female | DHIS,2015/16,58.6
KZ,Amajuba DM: DC25,Antenatal 1st visit before 20 weeks rate,female | DHIS,2016/17,70.2
KZ,Amajuba DM: DC25,Antenatal 1st visit before 20 weeks rate,female | DHIS,2017/18,71.5
KZ,Amajuba DM: DC25,Antenatal 1st visit before 20 weeks rate,female | DHIS,2018/19,73.6
KZ,Amajuba DM: DC25,Antenatal 1st visit before 20 weeks rate,female | DHIS,2019/20,73.5
KZ,Amajuba DM: DC25,Antenatal 1st visit before 20 weeks rate,female | DHIS,2020/21,72.0
KZ,Amajuba DM: DC25,Antenatal 1st visit before 20 weeks rate,female | DHIS,2021/22,73.7
KZ,Amajuba DM: DC25,Antenatal 1st visit before 20 weeks rate,female | DHIS,2022/23,70.5
KZ,Amajuba DM: DC25,Antenatal 1st visit before 20 weeks rate,female | DHIS,2023/24,73.4
KZ,Amajuba DM: DC25,Antenatal 1st visit before 20 weeks rate,female | DHIS,2024/25,74.9
KZ,eThekwini MM: ETH,Antenatal 1st visit before 20 weeks rate,female | DHIS,2015/16,63.9
KZ,eThekwini MM: ETH,Antenatal 1st visit before 20 weeks rate,female | DHIS,2016/17,67.6
KZ,eThekwini MM: ETH,Antenatal 1st visit before 20 weeks rate,female | DHIS,2017/18,70.1
KZ,eThekwini MM: ETH,Antenatal 1st visit before 20 weeks rate,female | DHIS,2018/19,71.9
KZ,eThekwini MM: ETH,Antenatal 1st visit before 20 weeks rate,female | DHIS,2019/20,73.8
KZ,eThekwini MM: ETH,Antenatal 1st visit before 20 weeks rate,female | DHIS,2020/21,73.8
KZ,eThekwini MM: ETH,Antenatal 1st visit before 20 weeks rate,female | DHIS,2021/22,73.8
KZ,eThekwini MM: ETH,Antenatal 1st visit before 20 weeks rate,female | DHIS,2022/23,73.5
KZ,eThekwini MM: ETH,Antenatal 1st visit before 20 weeks rate,female | DHIS,2023/24,76.0
KZ,eThekwini MM: ETH,Antenatal 1st visit before 20 weeks rate,female | DHIS,2024/25,78.9
KZ,Harry Gwala DM: DC43,Antenatal 1st visit before 20 weeks rate,female | DHIS,2015/16,64.5
KZ,Harry Gwala DM: DC43,Antenatal 1st visit before 20 weeks rate,female | DHIS,2016/17,72.1
KZ,Harry Gwala DM: DC43,Antenatal 1st visit before 20 weeks rate,female | DHIS,2017/18,72.9
KZ,Harry Gwala DM: DC43,Antenatal 1st visit before 20 weeks rate,female | DHIS,2018/19,72.9
KZ,Harry Gwala DM: DC43,Antenatal 1st visit before 20 weeks rate,female | DHIS,2019/20,74.9
KZ,Harry Gwala DM: DC43,Antenatal 1st visit before 20 weeks rate,female | DHIS,2020/21,71.2
KZ,Harry Gwala DM: DC43,Antenatal 1st visit before 20 weeks rate,female | DHIS,2021/22,68.1
KZ,Harry Gwala DM: DC43,Antenatal 1st visit before 20 weeks rate,female | DHIS,2022/23,67.2
KZ,Harry Gwala DM: DC43,Antenatal 1st visit before 20 weeks rate,female | DHIS,2023/24,70.7
KZ,Harry Gwala DM: DC43,Antenatal 1st visit before 20 weeks rate,female | DHIS,2024/25,75.4
KZ,iLembe DM: DC29,Antenatal 1st visit before 20 weeks rate,female | DHIS,2015/16,65.6
KZ,iLembe DM: DC29,Antenatal 1st visit before 20 weeks rate,female | DHIS,2016/17,72.3
KZ,iLembe DM: DC29,Antenatal 1st visit before 20 weeks rate,female | DHIS,2017/18,76.9
KZ,iLembe DM: DC29,Antenatal 1st visit before 20 weeks rate,female | DHIS,2018/19,76.1
KZ,iLembe DM: DC29,Antenatal 1st visit before 20 weeks rate,female | DHIS,2019/20,75.2
KZ,iLembe DM: DC29,Antenatal 1st visit before 20 weeks rate,female | DHIS,2020/21,75.2
KZ,iLembe DM: DC29,Antenatal 1st visit before 20 weeks rate,female | DHIS,2021/22,73.5
KZ,iLembe DM: DC29,Antenatal 1st visit before 20 weeks rate,female | DHIS,2022/23,73.9
KZ,iLembe DM: DC29,Antenatal 1st visit before 20 weeks rate,female | DHIS,2023/24,76.6
KZ,iLembe DM: DC29,Antenatal 1st visit before 20 weeks rate,female | DHIS,2024/25,79.5
KZ,King Cetshwayo DM: DC28,Antenatal 1st visit before 20 weeks rate,female | DHIS,2015/16,63.3
KZ,King Cetshwayo DM: DC28,Antenatal 1st visit before 20 weeks rate,female | DHIS,2016/17,69.6
KZ,King Cetshwayo DM: DC28,Antenatal 1st visit before 20 weeks rate,female | DHIS,2017/18,70.3
KZ,King Cetshwayo DM: DC28,Antenatal 1st visit before 20 weeks rate,female | DHIS,2018/19,72.2
KZ,King Cetshwayo DM: DC28,Antenatal 1st visit before 20 weeks rate,female | DHIS,2019/20,71.5
KZ,King Cetshwayo DM: DC28,Antenatal 1st visit before 20 weeks rate,female | DHIS,2020/21,71.8
KZ,King Cetshwayo DM: DC28,Antenatal 1st visit before 20 weeks rate,female | DHIS,2021/22,71.9
KZ,King Cetshwayo DM: DC28,Antenatal 1st visit before 20 weeks rate,female | DHIS,2022/23,70.9
KZ,King Cetshwayo DM: DC28,Antenatal 1st visit before 20 weeks rate,female | DHIS,2023/24,73.3
KZ,King Cetshwayo DM: DC28,Antenatal 1st visit before 20 weeks rate,female | DHIS,2024/25,74.6
KZ,Ugu DM: DC21,Antenatal 1st visit before 20 weeks rate,female | DHIS,2015/16,65.5
KZ,Ugu DM: DC21,Antenatal 1st visit before 20 weeks rate,female | DHIS,2016/17,70.1
KZ,Ugu DM: DC21,Antenatal 1st visit before 20 weeks rate,female | DHIS,2017/18,69.8
KZ,Ugu DM: DC21,Antenatal 1st visit before 20 weeks rate,female | DHIS,2018/19,71.3
KZ,Ugu DM: DC21,Antenatal 1st visit before 20 weeks rate,female | DHIS,2019/20,73.8
KZ,Ugu DM: DC21,Antenatal 1st visit before 20 weeks rate,female | DHIS,2020/21,72.6
KZ,Ugu DM: DC21,Antenatal 1st visit before 20 weeks rate,female | DHIS,2021/22,72.0
KZ,Ugu DM: DC21,Antenatal 1st visit before 20 weeks rate,female | DHIS,2022/23,73.8
KZ,Ugu DM: DC21,Antenatal 1st visit before 20 weeks rate,female | DHIS,2023/24,76.0
KZ,Ugu DM: DC21,Antenatal 1st visit before 20 weeks rate,female | DHIS,2024/25,77.9
KZ,uMgungundlovu DM: DC22,Antenatal 1st visit before 20 weeks rate,female | DHIS,2015/16,68.7
KZ,uMgungundlovu DM: DC22,Antenatal 1st visit before 20 weeks rate,female | DHIS,2016/17,71.2
KZ,uMgungundlovu DM: DC22,Antenatal 1st visit before 20 weeks rate,female | DHIS,2017/18,70.0
KZ,uMgungundlovu DM: DC22,Antenatal 1st visit before 20 weeks rate,female | DHIS,2018/19,71.5
KZ,uMgungundlovu DM: DC22,Antenatal 1st visit before 20 weeks rate,female | DHIS,2019/20,72.1
KZ,uMgungundlovu DM: DC22,Antenatal 1st visit before 20 weeks rate,female | DHIS,2020/21,72.4
KZ,uMgungundlovu DM: DC22,Antenatal 1st visit before 20 weeks rate,female | DHIS,2021/22,73.5
KZ,uMgungundlovu DM: DC22,Antenatal 1st visit before 20 weeks rate,female | DHIS,2022/23,73.5
KZ,uMgungundlovu DM: DC22,Antenatal 1st visit before 20 weeks rate,female | DHIS,2023/24,75.2
KZ,uMgungundlovu DM: DC22,Antenatal 1st visit before 20 weeks rate,female | DHIS,2024/25,75.4
KZ,uMkhanyakude DM: DC27,Antenatal 1st visit before 20 weeks rate,female | DHIS,2015/16,66.4
KZ,uMkhanyakude DM: DC27,Antenatal 1st visit before 20 weeks rate,female | DHIS,2016/17,72.5
KZ,uMkhanyakude DM: DC27,Antenatal 1st visit before 20 weeks rate,female | DHIS,2017/18,75.3
KZ,uMkhanyakude DM: DC27,Antenatal 1st visit before 20 weeks rate,female | DHIS,2018/19,76.5
KZ,uMkhanyakude DM: DC27,Antenatal 1st visit before 20 weeks rate,female | DHIS,2019/20,78.0
KZ,uMkhanyakude DM: DC27,Antenatal 1st visit before 20 weeks rate,female | DHIS,2020/21,79.1
KZ,uMkhanyakude DM: DC27,Antenatal 1st visit before 20 weeks rate,female | DHIS,2021/22,76.1
KZ,uMkhanyakude DM: DC27,Antenatal 1st visit before 20 weeks rate,female | DHIS,2022/23,75.4
KZ,uMkhanyakude DM: DC27,Antenatal 1st visit before 20 weeks rate,female | DHIS,2023/24,78.7
KZ,uMkhanyakude DM: DC27,Antenatal 1st visit before 20 weeks rate,female | DHIS,2024/25,79.8
KZ,uMzinyathi DM: DC24,Antenatal 1st visit before 20 weeks rate,female | DHIS,2015/16,68.4
KZ,uMzinyathi DM: DC24,Antenatal 1st visit before 20 weeks rate,female | DHIS,2016/17,74.4
KZ,uMzinyathi DM: DC24,Antenatal 1st visit before 20 weeks rate,female | DHIS,2017/18,78.8
KZ,uMzinyathi DM: DC24,Antenatal 1st visit before 20 weeks rate,female | DHIS,2018/19,79.5
KZ,uMzinyathi DM: DC24,Antenatal 1st visit before 20 weeks rate,female | DHIS,2019/20,81.1
KZ,uMzinyathi DM: DC24,Antenatal 1st visit before 20 weeks rate,female | DHIS,2020/21,79.9
KZ,uMzinyathi DM: DC24,Antenatal 1st visit before 20 weeks rate,female | DHIS,2021/22,78.0
KZ,uMzinyathi DM: DC24,Antenatal 1st visit before 20 weeks rate,female | DHIS,2022/23,77.8
KZ,uMzinyathi DM: DC24,Antenatal 1st visit before 20 weeks rate,female | DHIS,2023/24,78.0
KZ,uMzinyathi DM: DC24,Antenatal 1st visit before 20 weeks rate,female | DHIS,2024/25,79.9
KZ,uThukela DM: DC23,Antenatal 1st visit before 20 weeks rate,female | DHIS,2015/16,61.7
KZ,uThukela DM: DC23,Antenatal 1st visit before 20 weeks rate,female | DHIS,2016/17,71.0
KZ,uThukela DM: DC23,Antenatal 1st visit before 20 weeks rate,female | DHIS,2017/18,71.7
KZ,uThukela DM: DC23,Antenatal 1st visit before 20 weeks rate,female | DHIS,2018/19,70.4
KZ,uThukela DM: DC23,Antenatal 1st visit before 20 weeks rate,female | DHIS,2019/20,71.3
KZ,uThukela DM: DC23,Antenatal 1st visit before 20 weeks rate,female | DHIS,2020/21,72.6
KZ,uThukela DM: DC23,Antenatal 1st visit before 20 weeks rate,female | DHIS,2021/22,72.7
KZ,uThukela DM: DC23,Antenatal 1st visit before 20 weeks rate,female | DHIS,2022/23,70.8
KZ,uThukela DM: DC23,Antenatal 1st visit before 20 weeks rate,female | DHIS,2023/24,70.4
KZ,uThukela DM: DC23,Antenatal 1st visit before 20 weeks rate,female | DHIS,2024/25,73.1
KZ,Zululand DM: DC26,Antenatal 1st visit before 20 weeks rate,female | DHIS,2015/16,67.0
KZ,Zululand DM: DC26,Antenatal 1st visit before 20 weeks rate,female | DHIS,2016/17,71.7
KZ,Zululand DM: DC26,Antenatal 1st visit before 20 weeks rate,female | DHIS,2017/18,74.6
KZ,Zululand DM: DC26,Antenatal 1st visit before 20 weeks rate,female | DHIS,2018/19,74.7
KZ,Zululand DM: DC26,Antenatal 1st visit before 20 weeks rate,female | DHIS,2019/20,78.1
KZ,Zululand DM: DC26,Antenatal 1st visit before 20 weeks rate,female | DHIS,2020/21,80.4
KZ,Zululand DM: DC26,Antenatal 1st visit before 20 weeks rate,female | DHIS,2021/22,81.7
KZ,Zululand DM: DC26,Antenatal 1st visit before 20 weeks rate,female | DHIS,2022/23,82.5
KZ,Zululand DM: DC26,Antenatal 1st visit before 20 weeks rate,female | DHIS,2023/24,87.3
KZ,Zululand DM: DC26,Antenatal 1st visit before 20 weeks rate,female | DHIS,2024/25,89.3
LP,Capricorn DM: DC35,Antenatal 1st visit before 20 weeks rate,female | DHIS,2015/16,56.5
LP,Capricorn DM: DC35,Antenatal 1st visit before 20 weeks rate,female | DHIS,2016/17,60.6
LP,Capricorn DM: DC35,Antenatal 1st visit before 20 weeks rate,female | DHIS,2017/18,61.1
LP,Capricorn DM: DC35,Antenatal 1st visit before 20 weeks rate,female | DHIS,2018/19,62.2
LP,Capricorn DM: DC35,Antenatal 1st visit before 20 weeks rate,female | DHIS,2019/20,62.4
LP,Capricorn DM: DC35,Antenatal 1st visit before 20 weeks rate,female | DHIS,2020/21,60.2
LP,Capricorn DM: DC35,Antenatal 1st visit before 20 weeks rate,female | DHIS,2021/22,62.5
LP,Capricorn DM: DC35,Antenatal 1st visit before 20 weeks rate,female | DHIS,2022/23,63.0
LP,Capricorn DM: DC35,Antenatal 1st visit before 20 weeks rate,female | DHIS,2023/24,62.2
LP,Capricorn DM: DC35,Antenatal 1st visit before 20 weeks rate,female | DHIS,2024/25,64.6
LP,Mopani DM: DC33,Antenatal 1st visit before 20 weeks rate,female | DHIS,2015/16,63.2
LP,Mopani DM: DC33,Antenatal 1st visit before 20 weeks rate,female | DHIS,2016/17,70.1
LP,Mopani DM: DC33,Antenatal 1st visit before 20 weeks rate,female | DHIS,2017/18,68.3
LP,Mopani DM: DC33,Antenatal 1st visit before 20 weeks rate,female | DHIS,2018/19,71.5
LP,Mopani DM: DC33,Antenatal 1st visit before 20 weeks rate,female | DHIS,2019/20,73.1
LP,Mopani DM: DC33,Antenatal 1st visit before 20 weeks rate,female | DHIS,2020/21,73.5
LP,Mopani DM: DC33,Antenatal 1st visit before 20 weeks rate,female | DHIS,2021/22,71.6
LP,Mopani DM: DC33,Antenatal 1st visit before 20 weeks rate,female | DHIS,2022/23,71.5
LP,Mopani DM: DC33,Antenatal 1st visit before 20 weeks rate,female | DHIS,2023/24,64.8
LP,Mopani DM: DC33,Antenatal 1st visit before 20 weeks rate,female | DHIS,2024/25,68.7
LP,Sekhukhune DM: DC47,Antenatal 1st visit before 20 weeks rate,female | DHIS,2015/16,59.2
LP,Sekhukhune DM: DC47,Antenatal 1st visit before 20 weeks rate,female | DHIS,2016/17,65.2
LP,Sekhukhune DM: DC47,Antenatal 1st visit before 20 weeks rate,female | DHIS,2017/18,60.3
LP,Sekhukhune DM: DC47,Antenatal 1st visit before 20 weeks rate,female | DHIS,2018/19,65.1
LP,Sekhukhune DM: DC47,Antenatal 1st visit before 20 weeks rate,female | DHIS,2019/20,68.1
LP,Sekhukhune DM: DC47,Antenatal 1st visit before 20 weeks rate,female | DHIS,2020/21,63.2
LP,Sekhukhune DM: DC47,Antenatal 1st visit before 20 weeks rate,female | DHIS,2021/22,60.1
LP,Sekhukhune DM: DC47,Antenatal 1st visit before 20 weeks rate,female | DHIS,2022/23,64.2
LP,Sekhukhune DM: DC47,Antenatal 1st visit before 20 weeks rate,female | DHIS,2023/24,56.6
LP,Sekhukhune DM: DC47,Antenatal 1st visit before 20 weeks rate,female | DHIS,2024/25,62.3
LP,Vhembe DM: DC34,Antenatal 1st visit before 20 weeks rate,female | DHIS,2015/16,63.5
LP,Vhembe DM: DC34,Antenatal 1st visit before 20 weeks rate,female | DHIS,2016/17,67.9
LP,Vhembe DM: DC34,Antenatal 1st visit before 20 weeks rate,female | DHIS,2017/18,63.1
LP,Vhembe DM: DC34,Antenatal 1st visit before 20 weeks rate,female | DHIS,2018/19,69.7
LP,Vhembe DM: DC34,Antenatal 1st visit before 20 weeks rate,female | DHIS,2019/20,72.1
LP,Vhembe DM: DC34,Antenatal 1st visit before 20 weeks rate,female | DHIS,2020/21,69.6
LP,Vhembe DM: DC34,Antenatal 1st visit before 20 weeks rate,female | DHIS,2021/22,71.9
LP,Vhembe DM: DC34,Antenatal 1st visit before 20 weeks rate,female | DHIS,2022/23,71.4
LP,Vhembe DM: DC34,Antenatal 1st visit before 20 weeks rate,female | DHIS,2023/24,64.1
LP,Vhembe DM: DC34,Antenatal 1st visit before 20 weeks rate,female | DHIS,2024/25,64.2
LP,Waterberg DM: DC36,Antenatal 1st visit before 20 weeks rate,female | DHIS,2015/16,61.0
LP,Waterberg DM: DC36,Antenatal 1st visit before 20 weeks rate,female | DHIS,2016/17,64.3
LP,Waterberg DM: DC36,Antenatal 1st visit before 20 weeks rate,female | DHIS,2017/18,63.4
LP,Waterberg DM: DC36,Antenatal 1st visit before 20 weeks rate,female | DHIS,2018/19,67.6
LP,Waterberg DM: DC36,Antenatal 1st visit before 20 weeks rate,female | DHIS,2019/20,68.4
LP,Waterberg DM: DC36,Antenatal 1st visit before 20 weeks rate,female | DHIS,2020/21,67.0
LP,Waterberg DM: DC36,Antenatal 1st visit before 20 weeks rate,female | DHIS,2021/22,66.8
LP,Waterberg DM: DC36,Antenatal 1st visit before 20 weeks rate,female | DHIS,2022/23,66.3
LP,Waterberg DM: DC36,Antenatal 1st visit before 20 weeks rate,female | DHIS,2023/24,59.3
LP,Waterberg DM: DC36,Antenatal 1st visit before 20 weeks rate,female | DHIS,2024/25,64.3
MP,Ehlanzeni DM: DC32,Antenatal 1st visit before 20 weeks rate,female | DHIS,2015/16,71.7
MP,Ehlanzeni DM: DC32,Antenatal 1st visit before 20 weeks rate,female | DHIS,2016/17,77.8
MP,Ehlanzeni DM: DC32,Antenatal 1st visit before 20 weeks rate,female | DHIS,2017/18,79.5
MP,Ehlanzeni DM: DC32,Antenatal 1st visit before 20 weeks rate,female | DHIS,2018/19,82.3
MP,Ehlanzeni DM: DC32,Antenatal 1st visit before 20 weeks rate,female | DHIS,2019/20,83.3
MP,Ehlanzeni DM: DC32,Antenatal 1st visit before 20 weeks rate,female | DHIS,2020/21,82.7
MP,Ehlanzeni DM: DC32,Antenatal 1st visit before 20 weeks rate,female | DHIS,2021/22,82.2
MP,Ehlanzeni DM: DC32,Antenatal 1st visit before 20 weeks rate,female | DHIS,2022/23,83.8
MP,Ehlanzeni DM: DC32,Antenatal 1st visit before 20 weeks rate,female | DHIS,2023/24,81.5
MP,Ehlanzeni DM: DC32,Antenatal 1st visit before 20 weeks rate,female | DHIS,2024/25,80.7
MP,G Sibande DM: DC30,Antenatal 1st visit before 20 weeks rate,female | DHIS,2015/16,55.9
MP,G Sibande DM: DC30,Antenatal 1st visit before 20 weeks rate,female | DHIS,2016/17,61.1
MP,G Sibande DM: DC30,Antenatal 1st visit before 20 weeks rate,female | DHIS,2017/18,67.6
MP,G Sibande DM: DC30,Antenatal 1st visit before 20 weeks rate,female | DHIS,2018/19,68.4
MP,G Sibande DM: DC30,Antenatal 1st visit before 20 weeks rate,female | DHIS,2019/20,69.8
MP,G Sibande DM: DC30,Antenatal 1st visit before 20 weeks rate,female | DHIS,2020/21,62.8
MP,G Sibande DM: DC30,Antenatal 1st visit before 20 weeks rate,female | DHIS,2021/22,62.1
MP,G Sibande DM: DC30,Antenatal 1st visit before 20 weeks rate,female | DHIS,2022/23,68.0
MP,G Sibande DM: DC30,Antenatal 1st visit before 20 weeks rate,female | DHIS,2023/24,65.8
MP,G Sibande DM: DC30,Antenatal 1st visit before 20 weeks rate,female | DHIS,2024/25,73.0
MP,Nkangala DM: DC31,Antenatal 1st visit before 20 weeks rate,female | DHIS,2015/16,63.9
MP,Nkangala DM: DC31,Antenatal 1st visit before 20 weeks rate,female | DHIS,2016/17,68.3
MP,Nkangala DM: DC31,Antenatal 1st visit before 20 weeks rate,female | DHIS,2017/18,70.5
MP,Nkangala DM: DC31,Antenatal 1st visit before 20 weeks rate,female | DHIS,2018/19,71.1
MP,Nkangala DM: DC31,Antenatal 1st visit before 20 weeks rate,female | DHIS,2019/20,74.0
MP,Nkangala DM: DC31,Antenatal 1st visit before 20 weeks rate,female | DHIS,2020/21,71.7
MP,Nkangala DM: DC31,Antenatal 1st visit before 20 weeks rate,female | DHIS,2021/22,72.3
MP,Nkangala DM: DC31,Antenatal 1st visit before 20 weeks rate,female | DHIS,2022/23,76.0
MP,Nkangala DM: DC31,Antenatal 1st visit before 20 weeks rate,female | DHIS,2023/24,73.1
MP,Nkangala DM: DC31,Antenatal 1st visit before 20 weeks rate,female | DHIS,2024/25,77.5
NC,Frances Baard DM: DC9,Antenatal 1st visit before 20 weeks rate,female | DHIS,2015/16,62.9
NC,Frances Baard DM: DC9,Antenatal 1st visit before 20 weeks rate,female | DHIS,2016/17,65.8
NC,Frances Baard DM: DC9,Antenatal 1st visit before 20 weeks rate,female | DHIS,2017/18,64.9
NC,Frances Baard DM: DC9,Antenatal 1st visit before 20 weeks rate,female | DHIS,2018/19,59.6
NC,Frances Baard DM: DC9,Antenatal 1st visit before 20 weeks rate,female | DHIS,2019/20,62.8
NC,Frances Baard DM: DC9,Antenatal 1st visit before 20 weeks rate,female | DHIS,2020/21,49.5
NC,Frances Baard DM: DC9,Antenatal 1st visit before 20 weeks rate,female | DHIS,2021/22,47.7
NC,Frances Baard DM: DC9,Antenatal 1st visit before 20 weeks rate,female | DHIS,2022/23,51.8
NC,Frances Baard DM: DC9,Antenatal 1st visit before 20 weeks rate,female | DHIS,2023/24,49.8
NC,Frances Baard DM: DC9,Antenatal 1st visit before 20 weeks rate,female | DHIS,2024/25,71.3
NC,JT Gaetsewe DM: DC45,Antenatal 1st visit before 20 weeks rate,female | DHIS,2015/16,57.3
NC,JT Gaetsewe DM: DC45,Antenatal 1st visit before 20 weeks rate,female | DHIS,2016/17,59.3
NC,JT Gaetsewe DM: DC45,Antenatal 1st visit before 20 weeks rate,female | DHIS,2017/18,59.3
NC,JT Gaetsewe DM: DC45,Antenatal 1st visit before 20 weeks rate,female | DHIS,2018/19,60.8
NC,JT Gaetsewe DM: DC45,Antenatal 1st visit before 20 weeks rate,female | DHIS,2019/20,60.2
NC,JT Gaetsewe DM: DC45,Antenatal 1st visit before 20 weeks rate,female | DHIS,2020/21,58.6
NC,JT Gaetsewe DM: DC45,Antenatal 1st visit before 20 weeks rate,female | DHIS,2021/22,57.0
NC,JT Gaetsewe DM: DC45,Antenatal 1st visit before 20 weeks rate,female | DHIS,2022/23,56.7
NC,JT Gaetsewe DM: DC45,Antenatal 1st visit before 20 weeks rate,female | DHIS,2023/24,57.9
NC,JT Gaetsewe DM: DC45,Antenatal 1st visit before 20 weeks rate,female | DHIS,2024/25,62.5
NC,Namakwa DM: DC6,Antenatal 1st visit before 20 weeks rate,female | DHIS,2015/16,73.9
NC,Namakwa DM: DC6,Antenatal 1st visit before 20 weeks rate,female | DHIS,2016/17,75.0
NC,Namakwa DM: DC6,Antenatal 1st visit before 20 weeks rate,female | DHIS,2017/18,73.8
NC,Namakwa DM: DC6,Antenatal 1st visit before 20 weeks rate,female | DHIS,2018/19,72.5
NC,Namakwa DM: DC6,Antenatal 1st visit before 20 weeks rate,female | DHIS,2019/20,76.3
NC,Namakwa DM: DC6,Antenatal 1st visit before 20 weeks rate,female | DHIS,2020/21,76.7
NC,Namakwa DM: DC6,Antenatal 1st visit before 20 weeks rate,female | DHIS,2021/22,73.2
NC,Namakwa DM: DC6,Antenatal 1st visit before 20 weeks rate,female | DHIS,2022/23,72.3
NC,Namakwa DM: DC6,Antenatal 1st visit before 20 weeks rate,female | DHIS,2023/24,63.8
NC,Namakwa DM: DC6,Antenatal 1st visit before 20 weeks rate,female | DHIS,2024/25,70.2
NC,Pixley Ka Seme DM: DC7,Antenatal 1st visit before 20 weeks rate,female | DHIS,2015/16,67.0
NC,Pixley Ka Seme DM: DC7,Antenatal 1st visit before 20 weeks rate,female | DHIS,2016/17,69.9
NC,Pixley Ka Seme DM: DC7,Antenatal 1st visit before 20 weeks rate,female | DHIS,2017/18,67.8
NC,Pixley Ka Seme DM: DC7,Antenatal 1st visit before 20 weeks rate,female | DHIS,2018/19,68.5
NC,Pixley Ka Seme DM: DC7,Antenatal 1st visit before 20 weeks rate,female | DHIS,2019/20,70.7
NC,Pixley Ka Seme DM: DC7,Antenatal 1st visit before 20 weeks rate,female | DHIS,2020/21,67.6
NC,Pixley Ka Seme DM: DC7,Antenatal 1st visit before 20 weeks rate,female | DHIS,2021/22,65.0
NC,Pixley Ka Seme DM: DC7,Antenatal 1st visit before 20 weeks rate,female | DHIS,2022/23,68.5
NC,Pixley Ka Seme DM: DC7,Antenatal 1st visit before 20 weeks rate,female | DHIS,2023/24,65.4
NC,Pixley Ka Seme DM: DC7,Antenatal 1st visit before 20 weeks rate,female | DHIS,2024/25,67.4
NC,ZF Mgcawu DM: DC8,Antenatal 1st visit before 20 weeks rate,female | DHIS,2015/16,61.0
NC,ZF Mgcawu DM: DC8,Antenatal 1st visit before 20 weeks rate,female | DHIS,2016/17,63.0
NC,ZF Mgcawu DM: DC8,Antenatal 1st visit before 20 weeks rate,female | DHIS,2017/18,61.8
NC,ZF Mgcawu DM: DC8,Antenatal 1st visit before 20 weeks rate,female | DHIS,2018/19,65.1
NC,ZF Mgcawu DM: DC8,Antenatal 1st visit before 20 weeks rate,female | DHIS,2019/20,67.6
NC,ZF Mgcawu DM: DC8,Antenatal 1st visit before 20 weeks rate,female | DHIS,2020/21,63.4
NC,ZF Mgcawu DM: DC8,Antenatal 1st visit before 20 weeks rate,female | DHIS,2021/22,61.2
NC,ZF Mgcawu DM: DC8,Antenatal 1st visit before 20 weeks rate,female | DHIS,2022/23,62.1
NC,ZF Mgcawu DM: DC8,Antenatal 1st visit before 20 weeks rate,female | DHIS,2023/24,61.7
NC,ZF Mgcawu DM: DC8,Antenatal 1st visit before 20 weeks rate,female | DHIS,2024/25,63.7
NW,Bojanala Platinum DM: DC37,Antenatal 1st visit before 20 weeks rate,female | DHIS,2015/16,56.4
NW,Bojanala Platinum DM: DC37,Antenatal 1st visit before 20 weeks rate,female | DHIS,2016/17,60.5
NW,Bojanala Platinum DM: DC37,Antenatal 1st visit before 20 weeks rate,female | DHIS,2017/18,67.0
NW,Bojanala Platinum DM: DC37,Antenatal 1st visit before 20 weeks rate,female | DHIS,2018/19,69.4
NW,Bojanala Platinum DM: DC37,Antenatal 1st visit before 20 weeks rate,female | DHIS,2019/20,71.3
NW,Bojanala Platinum DM: DC37,Antenatal 1st visit before 20 weeks rate,female | DHIS,2020/21,67.7
NW,Bojanala Platinum DM: DC37,Antenatal 1st visit before 20 weeks rate,female | DHIS,2021/22,71.0
NW,Bojanala Platinum DM: DC37,Antenatal 1st visit before 20 weeks rate,female | DHIS,2022/23,74.6
NW,Bojanala Platinum DM: DC37,Antenatal 1st visit before 20 weeks rate,female | DHIS,2023/24,76.5
NW,Bojanala Platinum DM: DC37,Antenatal 1st visit before 20 weeks rate,female | DHIS,2024/25,78.6
NW,Dr K Kaunda DM: DC40,Antenatal 1st visit before 20 weeks rate,female | DHIS,2015/16,69.3
NW,Dr K Kaunda DM: DC40,Antenatal 1st visit before 20 weeks rate,female | DHIS,2016/17,70.7
NW,Dr K Kaunda DM: DC40,Antenatal 1st visit before 20 weeks rate,female | DHIS,2017/18,69.2
NW,Dr K Kaunda DM: DC40,Antenatal 1st visit before 20 weeks rate,female | DHIS,2018/19,72.5
NW,Dr K Kaunda DM: DC40,Antenatal 1st visit before 20 weeks rate,female | DHIS,2019/20,72.1
NW,Dr K Kaunda DM: DC40,Antenatal 1st visit before 20 weeks rate,female | DHIS,2020/21,70.6
NW,Dr K Kaunda DM: DC40,Antenatal 1st visit before 20 weeks rate,female | DHIS,2021/22,70.0
NW,Dr K Kaunda DM: DC40,Antenatal 1st visit before 20 weeks rate,female | DHIS,2022/23,69.0
NW,Dr K Kaunda DM: DC40,Antenatal 1st visit before 20 weeks rate,female | DHIS,2023/24,72.6
NW,Dr K Kaunda DM: DC40,Antenatal 1st visit before 20 weeks rate,female | DHIS,2024/25,76.8
NW,NM Molema DM: DC38,Antenatal 1st visit before 20 weeks rate,female | DHIS,2015/16,61.1
NW,NM Molema DM: DC38,Antenatal 1st visit before 20 weeks rate,female | DHIS,2016/17,65.7
NW,NM Molema DM: DC38,Antenatal 1st visit before 20 weeks rate,female | DHIS,2017/18,68.0
NW,NM Molema DM: DC38,Antenatal 1st visit before 20 weeks rate,female | DHIS,2018/19,68.4
NW,NM Molema DM: DC38,Antenatal 1st visit before 20 weeks rate,female | DHIS,2019/20,72.2
NW,NM Molema DM: DC38,Antenatal 1st visit before 20 weeks rate,female | DHIS,2020/21,69.7
NW,NM Molema DM: DC38,Antenatal 1st visit before 20 weeks rate,female | DHIS,2021/22,70.6
NW,NM Molema DM: DC38,Antenatal 1st visit before 20 weeks rate,female | DHIS,2022/23,68.9
NW,NM Molema DM: DC38,Antenatal 1st visit before 20 weeks rate,female | DHIS,2023/24,70.6
NW,NM Molema DM: DC38,Antenatal 1st visit before 20 weeks rate,female | DHIS,2024/25,75.0
NW,RS Mompati DM: DC39,Antenatal 1st visit before 20 weeks rate,female | DHIS,2015/16,62.6
NW,RS Mompati DM: DC39,Antenatal 1st visit before 20 weeks rate,female | DHIS,2016/17,62.8
NW,RS Mompati DM: DC39,Antenatal 1st visit before 20 weeks rate,female | DHIS,2017/18,59.2
NW,RS Mompati DM: DC39,Antenatal 1st visit before 20 weeks rate,female | DHIS,2018/19,64.6
NW,RS Mompati DM: DC39,Antenatal 1st visit before 20 weeks rate,female | DHIS,2019/20,67.0
NW,RS Mompati DM: DC39,Antenatal 1st visit before 20 weeks rate,female | DHIS,2020/21,63.6
NW,RS Mompati DM: DC39,Antenatal 1st visit before 20 weeks rate,female | DHIS,2021/22,66.9
NW,RS Mompati DM: DC39,Antenatal 1st visit before 20 weeks rate,female | DHIS,2022/23,68.0
NW,RS Mompati DM: DC39,Antenatal 1st visit before 20 weeks rate,female | DHIS,2023/24,73.2
NW,RS Mompati DM: DC39,Antenatal 1st visit before 20 weeks rate,female | DHIS,2024/25,78.3
WC,Cape Town MM: CPT,Antenatal 1st visit before 20 weeks rate,female | DHIS,2015/16,63.8
WC,Cape Town MM: CPT,Antenatal 1st visit before 20 weeks rate,female | DHIS,2016/17,66.1
WC,Cape Town MM: CPT,Antenatal 1st visit before 20 weeks rate,female | DHIS,2017/18,66.4
WC,Cape Town MM: CPT,Antenatal 1st visit before 20 weeks rate,female | DHIS,2018/19,67.1
WC,Cape Town MM: CPT,Antenatal 1st visit before 20 weeks rate,female | DHIS,2019/20,68.8
WC,Cape Town MM: CPT,Antenatal 1st visit before 20 weeks rate,female | DHIS,2020/21,66.4
WC,Cape Town MM: CPT,Antenatal 1st visit before 20 weeks rate,female | DHIS,2021/22,69.8
WC,Cape Town MM: CPT,Antenatal 1st visit before 20 weeks rate,female | DHIS,2022/23,71.3
WC,Cape Town MM: CPT,Antenatal 1st visit before 20 weeks rate,female | DHIS,2023/24,71.0
WC,Cape Town MM: CPT,Antenatal 1st visit before 20 weeks rate,female | DHIS,2024/25,71.6
WC,Cape Winelands DM: DC2,Antenatal 1st visit before 20 weeks rate,female | DHIS,2015/16,73.6
WC,Cape Winelands DM: DC2,Antenatal 1st visit before 20 weeks rate,female | DHIS,2016/17,74.5
WC,Cape Winelands DM: DC2,Antenatal 1st visit before 20 weeks rate,female | DHIS,2017/18,74.4
WC,Cape Winelands DM: DC2,Antenatal 1st visit before 20 weeks rate,female | DHIS,2018/19,74.2
WC,Cape Winelands DM: DC2,Antenatal 1st visit before 20 weeks rate,female | DHIS,2019/20,76.4
WC,Cape Winelands DM: DC2,Antenatal 1st visit before 20 weeks rate,female | DHIS,2020/21,76.4
WC,Cape Winelands DM: DC2,Antenatal 1st visit before 20 weeks rate,female | DHIS,2021/22,75.3
WC,Cape Winelands DM: DC2,Antenatal 1st visit before 20 weeks rate,female | DHIS,2022/23,77.6
WC,Cape Winelands DM: DC2,Antenatal 1st visit before 20 weeks rate,female | DHIS,2023/24,77.5
WC,Cape Winelands DM: DC2,Antenatal 1st visit before 20 weeks rate,female | DHIS,2024/25,79.1
WC,Central Karoo DM: DC5,Antenatal 1st visit before 20 weeks rate,female | DHIS,2015/16,73.3
WC,Central Karoo DM: DC5,Antenatal 1st visit before 20 weeks rate,female | DHIS,2016/17,73.3
WC,Central Karoo DM: DC5,Antenatal 1st visit before 20 weeks rate,female | DHIS,2017/18,74.1
WC,Central Karoo DM: DC5,Antenatal 1st visit before 20 weeks rate,female | DHIS,2018/19,73.3
WC,Central Karoo DM: DC5,Antenatal 1st visit before 20 weeks rate,female | DHIS,2019/20,77.8
WC,Central Karoo DM: DC5,Antenatal 1st visit before 20 weeks rate,female | DHIS,2020/21,72.2
WC,Central Karoo DM: DC5,Antenatal 1st visit before 20 weeks rate,female | DHIS,2021/22,72.2
WC,Central Karoo DM: DC5,Antenatal 1st visit before 20 weeks rate,female | DHIS,2022/23,73.1
WC,Central Karoo DM: DC5,Antenatal 1st visit before 20 weeks rate,female | DHIS,2023/24,73.4
WC,Central Karoo DM: DC5,Antenatal 1st visit before 20 weeks rate,female | DHIS,2024/25,76.3
WC,Garden Route DM: DC4,Antenatal 1st visit before 20 weeks rate,female | DHIS,2015/16,76.9
WC,Garden Route DM: DC4,Antenatal 1st visit before 20 weeks rate,female | DHIS,2016/17,79.1
WC,Garden Route DM: DC4,Antenatal 1st visit before 20 weeks rate,female | DHIS,2017/18,78.0
WC,Garden Route DM: DC4,Antenatal 1st visit before 20 weeks rate,female | DHIS,2018/19,78.8
WC,Garden Route DM: DC4,Antenatal 1st visit before 20 weeks rate,female | DHIS,2019/20,76.2
WC,Garden Route DM: DC4,Antenatal 1st visit before 20 weeks rate,female | DHIS,2020/21,79.1
WC,Garden Route DM: DC4,Antenatal 1st visit before 20 weeks rate,female | DHIS,2021/22,79.0
WC,Garden Route DM: DC4,Antenatal 1st visit before 20 weeks rate,female | DHIS,2022/23,81.0
WC,Garden Route DM: DC4,Antenatal 1st visit before 20 weeks rate,female | DHIS,2023/24,80.4
WC,Garden Route DM: DC4,Antenatal 1st visit before 20 weeks rate,female | DHIS,2024/25,80.5
WC,Overberg DM: DC3,Antenatal 1st visit before 20 weeks rate,female | DHIS,2015/16,78.7
WC,Overberg DM: DC3,Antenatal 1st visit before 20 weeks rate,female | DHIS,2016/17,78.0
WC,Overberg DM: DC3,Antenatal 1st visit before 20 weeks rate,female | DHIS,2017/18,80.1
WC,Overberg DM: DC3,Antenatal 1st visit before 20 weeks rate,female | DHIS,2018/19,80.1
WC,Overberg DM: DC3,Antenatal 1st visit before 20 weeks rate,female | DHIS,2019/20,80.5
WC,Overberg DM: DC3,Antenatal 1st visit before 20 weeks rate,female | DHIS,2020/21,79.9
WC,Overberg DM: DC3,Antenatal 1st visit before 20 weeks rate,female | DHIS,2021/22,81.1
WC,Overberg DM: DC3,Antenatal 1st visit before 20 weeks rate,female | DHIS,2022/23,79.2
WC,Overberg DM: DC3,Antenatal 1st visit before 20 weeks rate,female | DHIS,2023/24,79.7
WC,Overberg DM: DC3,Antenatal 1st visit before 20 weeks rate,female | DHIS,2024/25,78.0
WC,West Coast DM: DC1,Antenatal 1st visit before 20 weeks rate,female | DHIS,2015/16,72.3
WC,West Coast DM: DC1,Antenatal 1st visit before 20 weeks rate,female | DHIS,2016/17,73.1
WC,West Coast DM: DC1,Antenatal 1st visit before 20 weeks rate,female | DHIS,2017/18,70.8
WC,West Coast DM: DC1,Antenatal 1st visit before 20 weeks rate,female | DHIS,2018/19,73.5
WC,West Coast DM: DC1,Antenatal 1st visit before 20 weeks rate,female | DHIS,2019/20,76.7
WC,West Coast DM: DC1,Antenatal 1st visit before 20 weeks rate,female | DHIS,2020/21,77.2
WC,West Coast DM: DC1,Antenatal 1st visit before 20 weeks rate,female | DHIS,2021/22,74.8
WC,West Coast DM: DC1,Antenatal 1st visit before 20 weeks rate,female | DHIS,2022/23,79.3
WC,West Coast DM: DC1,Antenatal 1st visit before 20 weeks rate,female | DHIS,2023/24,77.4
WC,West Coast DM: DC1,Antenatal 1st visit before 20 weeks rate,female | DHIS,2024/25,79.1
EC,A Nzo DM: DC44,ANC 1st visit coverage,female | DHIS,2015/16,54.2
EC,A Nzo DM: DC44,ANC 1st visit coverage,female | DHIS,2016/17,58.1
EC,A Nzo DM: DC44,ANC 1st visit coverage,female | DHIS,2017/18,55.4
EC,A Nzo DM: DC44,ANC 1st visit coverage,female | DHIS,2018/19,62.1
EC,A Nzo DM: DC44,ANC 1st visit coverage,female | DHIS,2019/20,65.1
EC,A Nzo DM: DC44,ANC 1st visit coverage,female | DHIS,2020/21,63.4
EC,A Nzo DM: DC44,ANC 1st visit coverage,female | DHIS,2021/22,59.3
EC,A Nzo DM: DC44,ANC 1st visit coverage,female | DHIS,2022/23,53.2
EC,A Nzo DM: DC44,ANC 1st visit coverage,female | DHIS,2023/24,40.2
EC,A Nzo DM: DC44,ANC 1st visit coverage,female | DHIS,2024/25,36.6
EC,Amathole DM: DC12,ANC 1st visit coverage,female | DHIS,2015/16,58.3
EC,Amathole DM: DC12,ANC 1st visit coverage,female | DHIS,2016/17,56.1
EC,Amathole DM: DC12,ANC 1st visit coverage,female | DHIS,2017/18,59.1
EC,Amathole DM: DC12,ANC 1st visit coverage,female | DHIS,2018/19,55.7
EC,Amathole DM: DC12,ANC 1st visit coverage,female | DHIS,2019/20,55.4
EC,Amathole DM: DC12,ANC 1st visit coverage,female | DHIS,2020/21,53.8
EC,Amathole DM: DC12,ANC 1st visit coverage,female | DHIS,2021/22,52.0
EC,Amathole DM: DC12,ANC 1st visit coverage,female | DHIS,2022/23,47.6
EC,Amathole DM: DC12,ANC 1st visit coverage,female | DHIS,2023/24,44.6
EC,Amathole DM: DC12,ANC 1st visit coverage,female | DHIS,2024/25,40.1
EC,Buffalo City MM: BUF,ANC 1st visit coverage,female | DHIS,2015/16,58.8
EC,Buffalo City MM: BUF,ANC 1st visit coverage,female | DHIS,2016/17,61.4
EC,Buffalo City MM: BUF,ANC 1st visit coverage,female | DHIS,2017/18,61.4
EC,Buffalo City MM: BUF,ANC 1st visit coverage,female | DHIS,2018/19,92.0
EC,Buffalo City MM: BUF,ANC 1st visit coverage,female | DHIS,2019/20,97.7
EC,Buffalo City MM: BUF,ANC 1st visit coverage,female | DHIS,2020/21,91.6
EC,Buffalo City MM: BUF,ANC 1st visit coverage,female | DHIS,2021/22,66.1
EC,Buffalo City MM: BUF,ANC 1st visit coverage,female | DHIS,2022/23,74.0
EC,Buffalo City MM: BUF,ANC 1st visit coverage,female | DHIS,2023/24,66.7
EC,Buffalo City MM: BUF,ANC 1st visit coverage,female | DHIS,2024/25,59.6
EC,C Hani DM: DC13,ANC 1st visit coverage,female | DHIS,2015/16,56.8
EC,C Hani DM: DC13,ANC 1st visit coverage,female | DHIS,2016/17,58.1
EC,C Hani DM: DC13,ANC 1st visit coverage,female | DHIS,2017/18,63.8
EC,C Hani DM: DC13,ANC 1st visit coverage,female | DHIS,2018/19,60.9
EC,C Hani DM: DC13,ANC 1st visit coverage,female | DHIS,2019/20,61.0
EC,C Hani DM: DC13,ANC 1st visit coverage,female | DHIS,2020/21,61.1
EC,C Hani DM: DC13,ANC 1st visit coverage,female | DHIS,2021/22,56.5
EC,C Hani DM: DC13,ANC 1st visit coverage,female | DHIS,2022/23,58.7
EC,C Hani DM: DC13,ANC 1st visit coverage,female | DHIS,2023/24,53.7
EC,C Hani DM: DC13,ANC 1st visit coverage,female | DHIS,2024/25,47.1
EC,Joe Gqabi DM: DC14,ANC 1st visit coverage,female | DHIS,2015/16,50.2
EC,Joe Gqabi DM: DC14,ANC 1st visit coverage,female | DHIS,2016/17,48.5
EC,Joe Gqabi DM: DC14,ANC 1st visit coverage,female | DHIS,2017/18,52.6
EC,Joe Gqabi DM: DC14,ANC 1st visit coverage,female | DHIS,2018/19,57.3
EC,Joe Gqabi DM: DC14,ANC 1st visit coverage,female | DHIS,2019/20,57.6
EC,Joe Gqabi DM: DC14,ANC 1st visit coverage,female | DHIS,2020/21,59.6
EC,Joe Gqabi DM: DC14,ANC 1st visit coverage,female | DHIS,2021/22,56.1
EC,Joe Gqabi DM: DC14,ANC 1st visit coverage,female | DHIS,2022/23,51.5
EC,Joe Gqabi DM: DC14,ANC 1st visit coverage,female | DHIS,2023/24,51.1
EC,Joe Gqabi DM: DC14,ANC 1st visit coverage,female | DHIS,2024/25,44.4
EC,N Mandela Bay MM: NMA,ANC 1st visit coverage,female | DHIS,2015/16,60.0
EC,N Mandela Bay MM: NMA,ANC 1st visit coverage,female | DHIS,2016/17,61.8
EC,N Mandela Bay MM: NMA,ANC 1st visit coverage,female | DHIS,2017/18,63.5
EC,N Mandela Bay MM: NMA,ANC 1st visit coverage,female | DHIS,2018/19,63.4
EC,N Mandela Bay MM: NMA,ANC 1st visit coverage,female | DHIS,2019/20,66.0
EC,N Mandela Bay MM: NMA,ANC 1st visit coverage,female | DHIS,2020/21,67.7
EC,N Mandela Bay MM: NMA,ANC 1st visit coverage,female | DHIS,2021/22,70.1
EC,N Mandela Bay MM: NMA,ANC 1st visit coverage,female | DHIS,2022/23,64.5
EC,N Mandela Bay MM: NMA,ANC 1st visit coverage,female | DHIS,2023/24,62.2
EC,N Mandela Bay MM: NMA,ANC 1st visit coverage,female | DHIS,2024/25,60.2
EC,OR Tambo DM: DC15,ANC 1st visit coverage,female | DHIS,2015/16,69.2
EC,OR Tambo DM: DC15,ANC 1st visit coverage,female | DHIS,2016/17,64.7
EC,OR Tambo DM: DC15,ANC 1st visit coverage,female | DHIS,2017/18,69.2
EC,OR Tambo DM: DC15,ANC 1st visit coverage,female | DHIS,2018/19,76.8
EC,OR Tambo DM: DC15,ANC 1st visit coverage,female | DHIS,2019/20,77.0
EC,OR Tambo DM: DC15,ANC 1st visit coverage,female | DHIS,2020/21,71.1
EC,OR Tambo DM: DC15,ANC 1st visit coverage,female | DHIS,2021/22,78.9
EC,OR Tambo DM: DC15,ANC 1st visit coverage,female | DHIS,2022/23,67.9
EC,OR Tambo DM: DC15,ANC 1st visit coverage,female | DHIS,2023/24,62.9
EC,OR Tambo DM: DC15,ANC 1st visit coverage,female | DHIS,2024/25,42.1
EC,Sarah Baartman DM: DC10,ANC 1st visit coverage,female | DHIS,2015/16,65.3
EC,Sarah Baartman DM: DC10,ANC 1st visit coverage,female | DHIS,2016/17,69.9
EC,Sarah Baartman DM: DC10,ANC 1st visit coverage,female | DHIS,2017/18,75.9
EC,Sarah Baartman DM: DC10,ANC 1st visit coverage,female | DHIS,2018/19,76.2
EC,Sarah Baartman DM: DC10,ANC 1st visit coverage,female | DHIS,2019/20,79.2
EC,Sarah Baartman DM: DC10,ANC 1st visit coverage,female | DHIS,2020/21,80.8
EC,Sarah Baartman DM: DC10,ANC 1st visit coverage,female | DHIS,2021/22,75.6
EC,Sarah Baartman DM: DC10,ANC 1st visit coverage,female | DHIS,2022/23,74.8
EC,Sarah Baartman DM: DC10,ANC 1st visit coverage,female | DHIS,2023/24,66.7
EC,Sarah Baartman DM: DC10,ANC 1st visit coverage,female | DHIS,2024/25,64.0
FS,Fezile Dabi DM: DC20,ANC 1st visit coverage,female | DHIS,2015/16,66.3
FS,Fezile Dabi DM: DC20,ANC 1st visit coverage,female | DHIS,2016/17,69.4
FS,Fezile Dabi DM: DC20,ANC 1st visit coverage,female | DHIS,2017/18,68.0
FS,Fezile Dabi DM: DC20,ANC 1st visit coverage,female | DHIS,2018/19,70.3
FS,Fezile Dabi DM: DC20,ANC 1st visit coverage,female | DHIS,2019/20,70.2
FS,Fezile Dabi DM: DC20,ANC 1st visit coverage,female | DHIS,2020/21,69.9
FS,Fezile Dabi DM: DC20,ANC 1st visit coverage,female | DHIS,2021/22,66.5
FS,Fezile Dabi DM: DC20,ANC 1st visit coverage,female | DHIS,2022/23,63.9
FS,Fezile Dabi DM: DC20,ANC 1st visit coverage,female | DHIS,2023/24,56.6
FS,Fezile Dabi DM: DC20,ANC 1st visit coverage,female | DHIS,2024/25,51.7
FS,Lejweleputswa DM: DC18,ANC 1st visit coverage,female | DHIS,2015/16,73.7
FS,Lejweleputswa DM: DC18,ANC 1st visit coverage,female | DHIS,2016/17,79.3
FS,Lejweleputswa DM: DC18,ANC 1st visit coverage,female | DHIS,2017/18,80.2
FS,Lejweleputswa DM: DC18,ANC 1st visit coverage,female | DHIS,2018/19,82.1
FS,Lejweleputswa DM: DC18,ANC 1st visit coverage,female | DHIS,2019/20,79.4
FS,Lejweleputswa DM: DC18,ANC 1st visit coverage,female | DHIS,2020/21,76.2
FS,Lejweleputswa DM: DC18,ANC 1st visit coverage,female | DHIS,2021/22,75.4
FS,Lejweleputswa DM: DC18,ANC 1st visit coverage,female | DHIS,2022/23,69.1
FS,Lejweleputswa DM: DC18,ANC 1st visit coverage,female | DHIS,2023/24,60.3
FS,Lejweleputswa DM: DC18,ANC 1st visit coverage,female | DHIS,2024/25,52.4
FS,Mangaung MM: MAN,ANC 1st visit coverage,female | DHIS,2015/16,65.8
FS,Mangaung MM: MAN,ANC 1st visit coverage,female | DHIS,2016/17,66.6
FS,Mangaung MM: MAN,ANC 1st visit coverage,female | DHIS,2017/18,70.1
FS,Mangaung MM: MAN,ANC 1st visit coverage,female | DHIS,2018/19,73.3
FS,Mangaung MM: MAN,ANC 1st visit coverage,female | DHIS,2019/20,72.3
FS,Mangaung MM: MAN,ANC 1st visit coverage,female | DHIS,2020/21,69.5
FS,Mangaung MM: MAN,ANC 1st visit coverage,female | DHIS,2021/22,68.3
FS,Mangaung MM: MAN,ANC 1st visit coverage,female | DHIS,2022/23,66.5
FS,Mangaung MM: MAN,ANC 1st visit coverage,female | DHIS,2023/24,59.1
FS,Mangaung MM: MAN,ANC 1st visit coverage,female | DHIS,2024/25,60.7
FS,T Mofutsanyana DM: DC19,ANC 1st visit coverage,female | DHIS,2015/16,63.8
FS,T Mofutsanyana DM: DC19,ANC 1st visit coverage,female | DHIS,2016/17,66.6
FS,T Mofutsanyana DM: DC19,ANC 1st visit coverage,female | DHIS,2017/18,69.3
FS,T Mofutsanyana DM: DC19,ANC 1st visit coverage,female | DHIS,2018/19,75.1
FS,T Mofutsanyana DM: DC19,ANC 1st visit coverage,female | DHIS,2019/20,74.6
FS,T Mofutsanyana DM: DC19,ANC 1st visit coverage,female | DHIS,2020/21,74.6
FS,T Mofutsanyana DM: DC19,ANC 1st visit coverage,female | DHIS,2021/22,68.8
FS,T Mofutsanyana DM: DC19,ANC 1st visit coverage,female | DHIS,2022/23,64.3
FS,T Mofutsanyana DM: DC19,ANC 1st visit coverage,female | DHIS,2023/24,58.8
FS,T Mofutsanyana DM: DC19,ANC 1st visit coverage,female | DHIS,2024/25,51.9
FS,Xhariep DM: DC16,ANC 1st visit coverage,female | DHIS,2015/16,58.8
FS,Xhariep DM: DC16,ANC 1st visit coverage,female | DHIS,2016/17,62.4
FS,Xhariep DM: DC16,ANC 1st visit coverage,female | DHIS,2017/18,61.7
FS,Xhariep DM: DC16,ANC 1st visit coverage,female | DHIS,2018/19,66.1
FS,Xhariep DM: DC16,ANC 1st visit coverage,female | DHIS,2019/20,72.0
FS,Xhariep DM: DC16,ANC 1st visit coverage,female | DHIS,2020/21,71.6
FS,Xhariep DM: DC16,ANC 1st visit coverage,female | DHIS,2021/22,66.7
FS,Xhariep DM: DC16,ANC 1st visit coverage,female | DHIS,2022/23,68.8
FS,Xhariep DM: DC16,ANC 1st visit coverage,female | DHIS,2023/24,61.3
FS,Xhariep DM: DC16,ANC 1st visit coverage,female | DHIS,2024/25,51.6
GP,City of Ekurhuleni MM: EKU,ANC 1st visit coverage,female | DHIS,2015/16,86.8
GP,City of Ekurhuleni MM: EKU,ANC 1st visit coverage,female | DHIS,2016/17,95.5
GP,City of Ekurhuleni MM: EKU,ANC 1st visit coverage,female | DHIS,2017/18,91.5
GP,City of Ekurhuleni MM: EKU,ANC 1st visit coverage,female | DHIS,2018/19,94.1
GP,City of Ekurhuleni MM: EKU,ANC 1st visit coverage,female | DHIS,2019/20,99.8
GP,City of Ekurhuleni MM: EKU,ANC 1st visit coverage,female | DHIS,2020/21,90.8
GP,City of Ekurhuleni MM: EKU,ANC 1st visit coverage,female | DHIS,2021/22,86.2
GP,City of Ekurhuleni MM: EKU,ANC 1st visit coverage,female | DHIS,2022/23,81.2
GP,City of Ekurhuleni MM: EKU,ANC 1st visit coverage,female | DHIS,2023/24,74.3
GP,City of Ekurhuleni MM: EKU,ANC 1st visit coverage,female | DHIS,2024/25,72.7
GP,Johannesburg MM: JHB,ANC 1st visit coverage,female | DHIS,2015/16,102.1
GP,Johannesburg MM: JHB,ANC 1st visit coverage,female | DHIS,2016/17,108.8
GP,Johannesburg MM: JHB,ANC 1st visit coverage,female | DHIS,2017/18,110.0
GP,Johannesburg MM: JHB,ANC 1st visit coverage,female | DHIS,2018/19,107.6
GP,Johannesburg MM: JHB,ANC 1st visit coverage,female | DHIS,2019/20,108.0
GP,Johannesburg MM: JHB,ANC 1st visit coverage,female | DHIS,2020/21,102.3
GP,Johannesburg MM: JHB,ANC 1st visit coverage,female | DHIS,2021/22,95.6
GP,Johannesburg MM: JHB,ANC 1st visit coverage,female | DHIS,2022/23,86.9
GP,Johannesburg MM: JHB,ANC 1st visit coverage,female | DHIS,2023/24,81.9
GP,Johannesburg MM: JHB,ANC 1st visit coverage,female | DHIS,2024/25,78.8
GP,Sedibeng DM: DC42,ANC 1st visit coverage,female | DHIS,2015/16,70.7
GP,Sedibeng DM: DC42,ANC 1st visit coverage,female | DHIS,2016/17,70.9
GP,Sedibeng DM: DC42,ANC 1st visit coverage,female | DHIS,2017/18,74.0
GP,Sedibeng DM: DC42,ANC 1st visit coverage,female | DHIS,2018/19,74.7
GP,Sedibeng DM: DC42,ANC 1st visit coverage,female | DHIS,2019/20,77.2
GP,Sedibeng DM: DC42,ANC 1st visit coverage,female | DHIS,2020/21,79.0
GP,Sedibeng DM: DC42,ANC 1st visit coverage,female | DHIS,2021/22,84.2
GP,Sedibeng DM: DC42,ANC 1st visit coverage,female | DHIS,2022/23,67.8
GP,Sedibeng DM: DC42,ANC 1st visit coverage,female | DHIS,2023/24,65.8
GP,Sedibeng DM: DC42,ANC 1st visit coverage,female | DHIS,2024/25,62.3
GP,Tshwane MM: TSH,ANC 1st visit coverage,female | DHIS,2015/16,82.7
GP,Tshwane MM: TSH,ANC 1st visit coverage,female | DHIS,2016/17,89.7
GP,Tshwane MM: TSH,ANC 1st visit coverage,female | DHIS,2017/18,93.6
GP,Tshwane MM: TSH,ANC 1st visit coverage,female | DHIS,2018/19,98.7
GP,Tshwane MM: TSH,ANC 1st visit coverage,female | DHIS,2019/20,86.4
GP,Tshwane MM: TSH,ANC 1st visit coverage,female | DHIS,2020/21,81.2
GP,Tshwane MM: TSH,ANC 1st visit coverage,female | DHIS,2021/22,78.7
GP,Tshwane MM: TSH,ANC 1st visit coverage,female | DHIS,2022/23,70.8
GP,Tshwane MM: TSH,ANC 1st visit coverage,female | DHIS,2023/24,62.6
GP,Tshwane MM: TSH,ANC 1st visit coverage,female | DHIS,2024/25,60.3
GP,West Rand DM: DC48,ANC 1st visit coverage,female | DHIS,2015/16,86.0
GP,West Rand DM: DC48,ANC 1st visit coverage,female | DHIS,2016/17,88.6
GP,West Rand DM: DC48,ANC 1st visit coverage,female | DHIS,2017/18,92.1
GP,West Rand DM: DC48,ANC 1st visit coverage,female | DHIS,2018/19,93.2
GP,West Rand DM: DC48,ANC 1st visit coverage,female | DHIS,2019/20,89.3
GP,West Rand DM: DC48,ANC 1st visit coverage,female | DHIS,2020/21,86.8
GP,West Rand DM: DC48,ANC 1st visit coverage,female | DHIS,2021/22,85.6
GP,West Rand DM: DC48,ANC 1st visit coverage,female | DHIS,2022/23,83.3
GP,West Rand DM: DC48,ANC 1st visit coverage,female | DHIS,2023/24,77.6
GP,West Rand DM: DC48,ANC 1st visit coverage,female | DHIS,2024/25,74.8
KZ,Amajuba DM: DC25,ANC 1st visit coverage,female | DHIS,2015/16,65.4
KZ,Amajuba DM: DC25,ANC 1st visit coverage,female | DHIS,2016/17,67.2
KZ,Amajuba DM: DC25,ANC 1st visit coverage,female | DHIS,2017/18,72.9
KZ,Amajuba DM: DC25,ANC 1st visit coverage,female | DHIS,2018/19,71.8
KZ,Amajuba DM: DC25,ANC 1st visit coverage,female | DHIS,2019/20,71.6
KZ,Amajuba DM: DC25,ANC 1st visit coverage,female | DHIS,2020/21,68.6
KZ,Amajuba DM: DC25,ANC 1st visit coverage,female | DHIS,2021/22,69.0
KZ,Amajuba DM: DC25,ANC 1st visit coverage,female | DHIS,2022/23,70.6
KZ,Amajuba DM: DC25,ANC 1st visit coverage,female | DHIS,2023/24,59.5
KZ,Amajuba DM: DC25,ANC 1st visit coverage,female | DHIS,2024/25,52.3
KZ,eThekwini MM: ETH,ANC 1st visit coverage,female | DHIS,2015/16,83.6
KZ,eThekwini MM: ETH,ANC 1st visit coverage,female | DHIS,2016/17,84.6
KZ,eThekwini MM: ETH,ANC 1st visit coverage,female | DHIS,2017/18,87.4
KZ,eThekwini MM: ETH,ANC 1st visit coverage,female | DHIS,2018/19,92.1
KZ,eThekwini MM: ETH,ANC 1st visit coverage,female | DHIS,2019/20,90.3
KZ,eThekwini MM: ETH,ANC 1st visit coverage,female | DHIS,2020/21,84.6
KZ,eThekwini MM: ETH,ANC 1st visit coverage,female | DHIS,2021/22,85.2
KZ,eThekwini MM: ETH,ANC 1st visit coverage,female | DHIS,2022/23,83.8
KZ,eThekwini MM: ETH,ANC 1st visit coverage,female | DHIS,2023/24,72.9
KZ,eThekwini MM: ETH,ANC 1st visit coverage,female | DHIS,2024/25,69.0
KZ,Harry Gwala DM: DC43,ANC 1st visit coverage,female | DHIS,2015/16,68.4
KZ,Harry Gwala DM: DC43,ANC 1st visit coverage,female | DHIS,2016/17,67.6
KZ,Harry Gwala DM: DC43,ANC 1st visit coverage,female | DHIS,2017/18,69.2
KZ,Harry Gwala DM: DC43,ANC 1st visit coverage,female | DHIS,2018/19,71.2
KZ,Harry Gwala DM: DC43,ANC 1st visit coverage,female | DHIS,2019/20,68.5
KZ,Harry Gwala DM: DC43,ANC 1st visit coverage,female | DHIS,2020/21,73.7
KZ,Harry Gwala DM: DC43,ANC 1st visit coverage,female | DHIS,2021/22,80.4
KZ,Harry Gwala DM: DC43,ANC 1st visit coverage,female | DHIS,2022/23,74.5
KZ,Harry Gwala DM: DC43,ANC 1st visit coverage,female | DHIS,2023/24,55.6
KZ,Harry Gwala DM: DC43,ANC 1st visit coverage,female | DHIS,2024/25,48.1
KZ,iLembe DM: DC29,ANC 1st visit coverage,female | DHIS,2015/16,70.2
KZ,iLembe DM: DC29,ANC 1st visit coverage,female | DHIS,2016/17,69.3
KZ,iLembe DM: DC29,ANC 1st visit coverage,female | DHIS,2017/18,73.2
KZ,iLembe DM: DC29,ANC 1st visit coverage,female | DHIS,2018/19,77.4
KZ,iLembe DM: DC29,ANC 1st visit coverage,female | DHIS,2019/20,75.8
KZ,iLembe DM: DC29,ANC 1st visit coverage,female | DHIS,2020/21,80.7
KZ,iLembe DM: DC29,ANC 1st visit coverage,female | DHIS,2021/22,75.0
KZ,iLembe DM: DC29,ANC 1st visit coverage,female | DHIS,2022/23,72.0
KZ,iLembe DM: DC29,ANC 1st visit coverage,female | DHIS,2023/24,65.7
KZ,iLembe DM: DC29,ANC 1st visit coverage,female | DHIS,2024/25,61.1
KZ,King Cetshwayo DM: DC28,ANC 1st visit coverage,female | DHIS,2015/16,75.5
KZ,King Cetshwayo DM: DC28,ANC 1st visit coverage,female | DHIS,2016/17,75.9
KZ,King Cetshwayo DM: DC28,ANC 1st visit coverage,female | DHIS,2017/18,77.6
KZ,King Cetshwayo DM: DC28,ANC 1st visit coverage,female | DHIS,2018/19,78.1
KZ,King Cetshwayo DM: DC28,ANC 1st visit coverage,female | DHIS,2019/20,80.0
KZ,King Cetshwayo DM: DC28,ANC 1st visit coverage,female | DHIS,2020/21,77.4
KZ,King Cetshwayo DM: DC28,ANC 1st visit coverage,female | DHIS,2021/22,74.5
KZ,King Cetshwayo DM: DC28,ANC 1st visit coverage,female | DHIS,2022/23,70.5
KZ,King Cetshwayo DM: DC28,ANC 1st visit coverage,female | DHIS,2023/24,60.8
KZ,King Cetshwayo DM: DC28,ANC 1st visit coverage,female | DHIS,2024/25,58.2
KZ,Ugu DM: DC21,ANC 1st visit coverage,female | DHIS,2015/16,70.9
KZ,Ugu DM: DC21,ANC 1st visit coverage,female | DHIS,2016/17,70.1
KZ,Ugu DM: DC21,ANC 1st visit coverage,female | DHIS,2017/18,73.3
KZ,Ugu DM: DC21,ANC 1st visit coverage,female | DHIS,2018/19,73.4
KZ,Ugu DM: DC21,ANC 1st visit coverage,female | DHIS,2019/20,69.0
KZ,Ugu DM: DC21,ANC 1st visit coverage,female | DHIS,2020/21,72.8
KZ,Ugu DM: DC21,ANC 1st visit coverage,female | DHIS,2021/22,69.4
KZ,Ugu DM: DC21,ANC 1st visit coverage,female | DHIS,2022/23,61.0
KZ,Ugu DM: DC21,ANC 1st visit coverage,female | DHIS,2023/24,51.5
KZ,Ugu DM: DC21,ANC 1st visit coverage,female | DHIS,2024/25,46.7
KZ,uMgungundlovu DM: DC22,ANC 1st visit coverage,female | DHIS,2015/16,73.9
KZ,uMgungundlovu DM: DC22,ANC 1st visit coverage,female | DHIS,2016/17,77.1
KZ,uMgungundlovu DM: DC22,ANC 1st visit coverage,female | DHIS,2017/18,77.5
KZ,uMgungundlovu DM: DC22,ANC 1st visit coverage,female | DHIS,2018/19,78.8
KZ,uMgungundlovu DM: DC22,ANC 1st visit coverage,female | DHIS,2019/20,78.1
KZ,uMgungundlovu DM: DC22,ANC 1st visit coverage,female | DHIS,2020/21,71.9
KZ,uMgungundlovu DM: DC22,ANC 1st visit coverage,female | DHIS,2021/22,70.9
KZ,uMgungundlovu DM: DC22,ANC 1st visit coverage,female | DHIS,2022/23,70.6
KZ,uMgungundlovu DM: DC22,ANC 1st visit coverage,female | DHIS,2023/24,61.7
KZ,uMgungundlovu DM: DC22,ANC 1st visit coverage,female | DHIS,2024/25,59.8
KZ,uMkhanyakude DM: DC27,ANC 1st visit coverage,female | DHIS,2015/16,74.2
KZ,uMkhanyakude DM: DC27,ANC 1st visit coverage,female | DHIS,2016/17,71.6
KZ,uMkhanyakude DM: DC27,ANC 1st visit coverage,female | DHIS,2017/18,77.5
KZ,uMkhanyakude DM: DC27,ANC 1st visit coverage,female | DHIS,2018/19,80.5
KZ,uMkhanyakude DM: DC27,ANC 1st visit coverage,female | DHIS,2019/20,79.9
KZ,uMkhanyakude DM: DC27,ANC 1st visit coverage,female | DHIS,2020/21,85.6
KZ,uMkhanyakude DM: DC27,ANC 1st visit coverage,female | DHIS,2021/22,83.9
KZ,uMkhanyakude DM: DC27,ANC 1st visit coverage,female | DHIS,2022/23,78.1
KZ,uMkhanyakude DM: DC27,ANC 1st visit coverage,female | DHIS,2023/24,67.8
KZ,uMkhanyakude DM: DC27,ANC 1st visit coverage,female | DHIS,2024/25,64.1
KZ,uMzinyathi DM: DC24,ANC 1st visit coverage,female | DHIS,2015/16,71.4
KZ,uMzinyathi DM: DC24,ANC 1st visit coverage,female | DHIS,2016/17,71.2
KZ,uMzinyathi DM: DC24,ANC 1st visit coverage,female | DHIS,2017/18,68.9
KZ,uMzinyathi DM: DC24,ANC 1st visit coverage,female | DHIS,2018/19,71.0
KZ,uMzinyathi DM: DC24,ANC 1st visit coverage,female | DHIS,2019/20,69.0
KZ,uMzinyathi DM: DC24,ANC 1st visit coverage,female | DHIS,2020/21,71.3
KZ,uMzinyathi DM: DC24,ANC 1st visit coverage,female | DHIS,2021/22,68.2
KZ,uMzinyathi DM: DC24,ANC 1st visit coverage,female | DHIS,2022/23,62.3
KZ,uMzinyathi DM: DC24,ANC 1st visit coverage,female | DHIS,2023/24,51.4
KZ,uMzinyathi DM: DC24,ANC 1st visit coverage,female | DHIS,2024/25,47.3
KZ,uThukela DM: DC23,ANC 1st visit coverage,female | DHIS,2015/16,68.8
KZ,uThukela DM: DC23,ANC 1st visit coverage,female | DHIS,2016/17,69.1
KZ,uThukela DM: DC23,ANC 1st visit coverage,female | DHIS,2017/18,66.9
KZ,uThukela DM: DC23,ANC 1st visit coverage,female | DHIS,2018/19,68.1
KZ,uThukela DM: DC23,ANC 1st visit coverage,female | DHIS,2019/20,68.2
KZ,uThukela DM: DC23,ANC 1st visit coverage,female | DHIS,2020/21,74.7
KZ,uThukela DM: DC23,ANC 1st visit coverage,female | DHIS,2021/22,67.1
KZ,uThukela DM: DC23,ANC 1st visit coverage,female | DHIS,2022/23,66.7
KZ,uThukela DM: DC23,ANC 1st visit coverage,female | DHIS,2023/24,56.6
KZ,uThukela DM: DC23,ANC 1st visit coverage,female | DHIS,2024/25,56.2
KZ,Zululand DM: DC26,ANC 1st visit coverage,female | DHIS,2015/16,65.7
KZ,Zululand DM: DC26,ANC 1st visit coverage,female | DHIS,2016/17,65.6
KZ,Zululand DM: DC26,ANC 1st visit coverage,female | DHIS,2017/18,65.4
KZ,Zululand DM: DC26,ANC 1st visit coverage,female | DHIS,2018/19,69.7
KZ,Zululand DM: DC26,ANC 1st visit coverage,female | DHIS,2019/20,69.6
KZ,Zululand DM: DC26,ANC 1st visit coverage,female | DHIS,2020/21,76.0
KZ,Zululand DM: DC26,ANC 1st visit coverage,female | DHIS,2021/22,72.1
KZ,Zululand DM: DC26,ANC 1st visit coverage,female | DHIS,2022/23,69.5
KZ,Zululand DM: DC26,ANC 1st visit coverage,female | DHIS,2023/24,57.7
KZ,Zululand DM: DC26,ANC 1st visit coverage,female | DHIS,2024/25,54.2
LP,Capricorn DM: DC35,ANC 1st visit coverage,female | DHIS,2015/16,62.4
LP,Capricorn DM: DC35,ANC 1st visit coverage,female | DHIS,2016/17,68.6
LP,Capricorn DM: DC35,ANC 1st visit coverage,female | DHIS,2017/18,73.5
LP,Capricorn DM: DC35,ANC 1st visit coverage,female | DHIS,2018/19,72.2
LP,Capricorn DM: DC35,ANC 1st visit coverage,female | DHIS,2019/20,73.7
LP,Capricorn DM: DC35,ANC 1st visit coverage,female | DHIS,2020/21,77.0
LP,Capricorn DM: DC35,ANC 1st visit coverage,female | DHIS,2021/22,69.1
LP,Capricorn DM: DC35,ANC 1st visit coverage,female | DHIS,2022/23,65.1
LP,Capricorn DM: DC35,ANC 1st visit coverage,female | DHIS,2023/24,61.0
LP,Capricorn DM: DC35,ANC 1st visit coverage,female | DHIS,2024/25,59.3
LP,Mopani DM: DC33,ANC 1st visit coverage,female | DHIS,2015/16,72.2
LP,Mopani DM: DC33,ANC 1st visit coverage,female | DHIS,2016/17,76.8
LP,Mopani DM: DC33,ANC 1st visit coverage,female | DHIS,2017/18,77.1
LP,Mopani DM: DC33,ANC 1st visit coverage,female | DHIS,2018/19,78.5
LP,Mopani DM: DC33,ANC 1st visit coverage,female | DHIS,2019/20,89.5
LP,Mopani DM: DC33,ANC 1st visit coverage,female | DHIS,2020/21,87.4
LP,Mopani DM: DC33,ANC 1st visit coverage,female | DHIS,2021/22,77.8
LP,Mopani DM: DC33,ANC 1st visit coverage,female | DHIS,2022/23,69.7
LP,Mopani DM: DC33,ANC 1st visit coverage,female | DHIS,2023/24,62.2
LP,Mopani DM: DC33,ANC 1st visit coverage,female | DHIS,2024/25,61.5
LP,Sekhukhune DM: DC47,ANC 1st visit coverage,female | DHIS,2015/16,74.6
LP,Sekhukhune DM: DC47,ANC 1st visit coverage,female | DHIS,2016/17,80.1
LP,Sekhukhune DM: DC47,ANC 1st visit coverage,female | DHIS,2017/18,76.5
LP,Sekhukhune DM: DC47,ANC 1st visit coverage,female | DHIS,2018/19,77.1
LP,Sekhukhune DM: DC47,ANC 1st visit coverage,female | DHIS,2019/20,76.1
LP,Sekhukhune DM: DC47,ANC 1st visit coverage,female | DHIS,2020/21,79.8
LP,Sekhukhune DM: DC47,ANC 1st visit coverage,female | DHIS,2021/22,71.9
LP,Sekhukhune DM: DC47,ANC 1st visit coverage,female | DHIS,2022/23,64.4
LP,Sekhukhune DM: DC47,ANC 1st visit coverage,female | DHIS,2023/24,58.2
LP,Sekhukhune DM: DC47,ANC 1st visit coverage,female | DHIS,2024/25,58.2
LP,Vhembe DM: DC34,ANC 1st visit coverage,female | DHIS,2015/16,70.3
LP,Vhembe DM: DC34,ANC 1st visit coverage,female | DHIS,2016/17,71.0
LP,Vhembe DM: DC34,ANC 1st visit coverage,female | DHIS,2017/18,73.3
LP,Vhembe DM: DC34,ANC 1st visit coverage,female | DHIS,2018/19,73.1
LP,Vhembe DM: DC34,ANC 1st visit coverage,female | DHIS,2019/20,77.4
LP,Vhembe DM: DC34,ANC 1st visit coverage,female | DHIS,2020/21,80.2
LP,Vhembe DM: DC34,ANC 1st visit coverage,female | DHIS,2021/22,70.8
LP,Vhembe DM: DC34,ANC 1st visit coverage,female | DHIS,2022/23,65.8
LP,Vhembe DM: DC34,ANC 1st visit coverage,female | DHIS,2023/24,62.9
LP,Vhembe DM: DC34,ANC 1st visit coverage,female | DHIS,2024/25,58.4
LP,Waterberg DM: DC36,ANC 1st visit coverage,female | DHIS,2015/16,80.9
LP,Waterberg DM: DC36,ANC 1st visit coverage,female | DHIS,2016/17,82.9
LP,Waterberg DM: DC36,ANC 1st visit coverage,female | DHIS,2017/18,85.5
LP,Waterberg DM: DC36,ANC 1st visit coverage,female | DHIS,2018/19,86.8
LP,Waterberg DM: DC36,ANC 1st visit coverage,female | DHIS,2019/20,89.7
LP,Waterberg DM: DC36,ANC 1st visit coverage,female | DHIS,2020/21,89.3
LP,Waterberg DM: DC36,ANC 1st visit coverage,female | DHIS,2021/22,79.3
LP,Waterberg DM: DC36,ANC 1st visit coverage,female | DHIS,2022/23,74.9
LP,Waterberg DM: DC36,ANC 1st visit coverage,female | DHIS,2023/24,67.7
LP,Waterberg DM: DC36,ANC 1st visit coverage,female | DHIS,2024/25,64.1
MP,Ehlanzeni DM: DC32,ANC 1st visit coverage,female | DHIS,2015/16,80.8
MP,Ehlanzeni DM: DC32,ANC 1st visit coverage,female | DHIS,2016/17,83.3
MP,Ehlanzeni DM: DC32,ANC 1st visit coverage,female | DHIS,2017/18,86.0
MP,Ehlanzeni DM: DC32,ANC 1st visit coverage,female | DHIS,2018/19,84.3
MP,Ehlanzeni DM: DC32,ANC 1st visit coverage,female | DHIS,2019/20,87.7
MP,Ehlanzeni DM: DC32,ANC 1st visit coverage,female | DHIS,2020/21,102.9
MP,Ehlanzeni DM: DC32,ANC 1st visit coverage,female | DHIS,2021/22,87.1
MP,Ehlanzeni DM: DC32,ANC 1st visit coverage,female | DHIS,2022/23,73.6
MP,Ehlanzeni DM: DC32,ANC 1st visit coverage,female | DHIS,2023/24,67.9
MP,Ehlanzeni DM: DC32,ANC 1st visit coverage,female | DHIS,2024/25,64.8
MP,G Sibande DM: DC30,ANC 1st visit coverage,female | DHIS,2015/16,68.1
MP,G Sibande DM: DC30,ANC 1st visit coverage,female | DHIS,2016/17,56.3
MP,G Sibande DM: DC30,ANC 1st visit coverage,female | DHIS,2017/18,92.1
MP,G Sibande DM: DC30,ANC 1st visit coverage,female | DHIS,2018/19,83.2
MP,G Sibande DM: DC30,ANC 1st visit coverage,female | DHIS,2019/20,83.6
MP,G Sibande DM: DC30,ANC 1st visit coverage,female | DHIS,2020/21,96.2
MP,G Sibande DM: DC30,ANC 1st visit coverage,female | DHIS,2021/22,90.6
MP,G Sibande DM: DC30,ANC 1st visit coverage,female | DHIS,2022/23,80.8
MP,G Sibande DM: DC30,ANC 1st visit coverage,female | DHIS,2023/24,70.8
MP,G Sibande DM: DC30,ANC 1st visit coverage,female | DHIS,2024/25,61.6
MP,Nkangala DM: DC31,ANC 1st visit coverage,female | DHIS,2015/16,80.1
MP,Nkangala DM: DC31,ANC 1st visit coverage,female | DHIS,2016/17,84.4
MP,Nkangala DM: DC31,ANC 1st visit coverage,female | DHIS,2017/18,88.8
MP,Nkangala DM: DC31,ANC 1st visit coverage,female | DHIS,2018/19,86.4
MP,Nkangala DM: DC31,ANC 1st visit coverage,female | DHIS,2019/20,88.2
MP,Nkangala DM: DC31,ANC 1st visit coverage,female | DHIS,2020/21,92.9
MP,Nkangala DM: DC31,ANC 1st visit coverage,female | DHIS,2021/22,83.5
MP,Nkangala DM: DC31,ANC 1st visit coverage,female | DHIS,2022/23,75.3
MP,Nkangala DM: DC31,ANC 1st visit coverage,female | DHIS,2023/24,70.4
MP,Nkangala DM: DC31,ANC 1st visit coverage,female | DHIS,2024/25,64.3
NC,Frances Baard DM: DC9,ANC 1st visit coverage,female | DHIS,2015/16,55.7
NC,Frances Baard DM: DC9,ANC 1st visit coverage,female | DHIS,2016/17,60.7
NC,Frances Baard DM: DC9,ANC 1st visit coverage,female | DHIS,2017/18,64.9
NC,Frances Baard DM: DC9,ANC 1st visit coverage,female | DHIS,2018/19,81.3
NC,Frances Baard DM: DC9,ANC 1st visit coverage,female | DHIS,2019/20,83.4
NC,Frances Baard DM: DC9,ANC 1st visit coverage,female | DHIS,2020/21,91.2
NC,Frances Baard DM: DC9,ANC 1st visit coverage,female | DHIS,2021/22,94.9
NC,Frances Baard DM: DC9,ANC 1st visit coverage,female | DHIS,2022/23,92.3
NC,Frances Baard DM: DC9,ANC 1st visit coverage,female | DHIS,2023/24,80.6
NC,Frances Baard DM: DC9,ANC 1st visit coverage,female | DHIS,2024/25,56.4
NC,JT Gaetsewe DM: DC45,ANC 1st visit coverage,female | DHIS,2015/16,85.5
NC,JT Gaetsewe DM: DC45,ANC 1st visit coverage,female | DHIS,2016/17,90.1
NC,JT Gaetsewe DM: DC45,ANC 1st visit coverage,female | DHIS,2017/18,80.9
NC,JT Gaetsewe DM: DC45,ANC 1st visit coverage,female | DHIS,2018/19,88.8
NC,JT Gaetsewe DM: DC45,ANC 1st visit coverage,female | DHIS,2019/20,91.2
NC,JT Gaetsewe DM: DC45,ANC 1st visit coverage,female | DHIS,2020/21,87.3
NC,JT Gaetsewe DM: DC45,ANC 1st visit coverage,female | DHIS,2021/22,87.6
NC,JT Gaetsewe DM: DC45,ANC 1st visit coverage,female | DHIS,2022/23,86.5
NC,JT Gaetsewe DM: DC45,ANC 1st visit coverage,female | DHIS,2023/24,84.1
NC,JT Gaetsewe DM: DC45,ANC 1st visit coverage,female | DHIS,2024/25,79.1
NC,Namakwa DM: DC6,ANC 1st visit coverage,female | DHIS,2015/16,66.1
NC,Namakwa DM: DC6,ANC 1st visit coverage,female | DHIS,2016/17,68.5
NC,Namakwa DM: DC6,ANC 1st visit coverage,female | DHIS,2017/18,73.7
NC,Namakwa DM: DC6,ANC 1st visit coverage,female | DHIS,2018/19,74.9
NC,Namakwa DM: DC6,ANC 1st visit coverage,female | DHIS,2019/20,71.0
NC,Namakwa DM: DC6,ANC 1st visit coverage,female | DHIS,2020/21,70.5
NC,Namakwa DM: DC6,ANC 1st visit coverage,female | DHIS,2021/22,66.4
NC,Namakwa DM: DC6,ANC 1st visit coverage,female | DHIS,2022/23,67.4
NC,Namakwa DM: DC6,ANC 1st visit coverage,female | DHIS,2023/24,72.9
NC,Namakwa DM: DC6,ANC 1st visit coverage,female | DHIS,2024/25,67.5
NC,Pixley Ka Seme DM: DC7,ANC 1st visit coverage,female | DHIS,2015/16,73.1
NC,Pixley Ka Seme DM: DC7,ANC 1st visit coverage,female | DHIS,2016/17,82.0
NC,Pixley Ka Seme DM: DC7,ANC 1st visit coverage,female | DHIS,2017/18,82.5
NC,Pixley Ka Seme DM: DC7,ANC 1st visit coverage,female | DHIS,2018/19,79.3
NC,Pixley Ka Seme DM: DC7,ANC 1st visit coverage,female | DHIS,2019/20,73.5
NC,Pixley Ka Seme DM: DC7,ANC 1st visit coverage,female | DHIS,2020/21,71.6
NC,Pixley Ka Seme DM: DC7,ANC 1st visit coverage,female | DHIS,2021/22,68.6
NC,Pixley Ka Seme DM: DC7,ANC 1st visit coverage,female | DHIS,2022/23,67.0
NC,Pixley Ka Seme DM: DC7,ANC 1st visit coverage,female | DHIS,2023/24,61.9
NC,Pixley Ka Seme DM: DC7,ANC 1st visit coverage,female | DHIS,2024/25,59.8
NC,ZF Mgcawu DM: DC8,ANC 1st visit coverage,female | DHIS,2015/16,62.1
NC,ZF Mgcawu DM: DC8,ANC 1st visit coverage,female | DHIS,2016/17,65.4
NC,ZF Mgcawu DM: DC8,ANC 1st visit coverage,female | DHIS,2017/18,72.7
NC,ZF Mgcawu DM: DC8,ANC 1st visit coverage,female | DHIS,2018/19,77.4
NC,ZF Mgcawu DM: DC8,ANC 1st visit coverage,female | DHIS,2019/20,75.6
NC,ZF Mgcawu DM: DC8,ANC 1st visit coverage,female | DHIS,2020/21,85.9
NC,ZF Mgcawu DM: DC8,ANC 1st visit coverage,female | DHIS,2021/22,80.6
NC,ZF Mgcawu DM: DC8,ANC 1st visit coverage,female | DHIS,2022/23,87.2
NC,ZF Mgcawu DM: DC8,ANC 1st visit coverage,female | DHIS,2023/24,77.7
NC,ZF Mgcawu DM: DC8,ANC 1st visit coverage,female | DHIS,2024/25,67.4
NW,Bojanala Platinum DM: DC37,ANC 1st visit coverage,female | DHIS,2015/16,86.7
NW,Bojanala Platinum DM: DC37,ANC 1st visit coverage,female | DHIS,2016/17,98.1
NW,Bojanala Platinum DM: DC37,ANC 1st visit coverage,female | DHIS,2017/18,85.5
NW,Bojanala Platinum DM: DC37,ANC 1st visit coverage,female | DHIS,2018/19,84.6
NW,Bojanala Platinum DM: DC37,ANC 1st visit coverage,female | DHIS,2019/20,82.3
NW,Bojanala Platinum DM: DC37,ANC 1st visit coverage,female | DHIS,2020/21,79.1
NW,Bojanala Platinum DM: DC37,ANC 1st visit coverage,female | DHIS,2021/22,75.3
NW,Bojanala Platinum DM: DC37,ANC 1st visit coverage,female | DHIS,2022/23,71.8
NW,Bojanala Platinum DM: DC37,ANC 1st visit coverage,female | DHIS,2023/24,66.1
NW,Bojanala Platinum DM: DC37,ANC 1st visit coverage,female | DHIS,2024/25,62.1
NW,Dr K Kaunda DM: DC40,ANC 1st visit coverage,female | DHIS,2015/16,64.9
NW,Dr K Kaunda DM: DC40,ANC 1st visit coverage,female | DHIS,2016/17,64.4
NW,Dr K Kaunda DM: DC40,ANC 1st visit coverage,female | DHIS,2017/18,69.8
NW,Dr K Kaunda DM: DC40,ANC 1st visit coverage,female | DHIS,2018/19,73.9
NW,Dr K Kaunda DM: DC40,ANC 1st visit coverage,female | DHIS,2019/20,74.9
NW,Dr K Kaunda DM: DC40,ANC 1st visit coverage,female | DHIS,2020/21,71.9
NW,Dr K Kaunda DM: DC40,ANC 1st visit coverage,female | DHIS,2021/22,69.1
NW,Dr K Kaunda DM: DC40,ANC 1st visit coverage,female | DHIS,2022/23,66.3
NW,Dr K Kaunda DM: DC40,ANC 1st visit coverage,female | DHIS,2023/24,61.0
NW,Dr K Kaunda DM: DC40,ANC 1st visit coverage,female | DHIS,2024/25,55.5
NW,NM Molema DM: DC38,ANC 1st visit coverage,female | DHIS,2015/16,65.5
NW,NM Molema DM: DC38,ANC 1st visit coverage,female | DHIS,2016/17,65.8
NW,NM Molema DM: DC38,ANC 1st visit coverage,female | DHIS,2017/18,69.9
NW,NM Molema DM: DC38,ANC 1st visit coverage,female | DHIS,2018/19,70.8
NW,NM Molema DM: DC38,ANC 1st visit coverage,female | DHIS,2019/20,68.8
NW,NM Molema DM: DC38,ANC 1st visit coverage,female | DHIS,2020/21,71.1
NW,NM Molema DM: DC38,ANC 1st visit coverage,female | DHIS,2021/22,67.3
NW,NM Molema DM: DC38,ANC 1st visit coverage,female | DHIS,2022/23,64.6
NW,NM Molema DM: DC38,ANC 1st visit coverage,female | DHIS,2023/24,61.3
NW,NM Molema DM: DC38,ANC 1st visit coverage,female | DHIS,2024/25,55.6
NW,RS Mompati DM: DC39,ANC 1st visit coverage,female | DHIS,2015/16,67.3
NW,RS Mompati DM: DC39,ANC 1st visit coverage,female | DHIS,2016/17,61.8
NW,RS Mompati DM: DC39,ANC 1st visit coverage,female | DHIS,2017/18,84.8
NW,RS Mompati DM: DC39,ANC 1st visit coverage,female | DHIS,2018/19,70.5
NW,RS Mompati DM: DC39,ANC 1st visit coverage,female | DHIS,2019/20,75.6
NW,RS Mompati DM: DC39,ANC 1st visit coverage,female | DHIS,2020/21,78.6
NW,RS Mompati DM: DC39,ANC 1st visit coverage,female | DHIS,2021/22,74.3
NW,RS Mompati DM: DC39,ANC 1st visit coverage,female | DHIS,2022/23,70.8
NW,RS Mompati DM: DC39,ANC 1st visit coverage,female | DHIS,2023/24,63.6
NW,RS Mompati DM: DC39,ANC 1st visit coverage,female | DHIS,2024/25,57.0
WC,Cape Town MM: CPT,ANC 1st visit coverage,female | DHIS,2015/16,71.3
WC,Cape Town MM: CPT,ANC 1st visit coverage,female | DHIS,2016/17,75.5
WC,Cape Town MM: CPT,ANC 1st visit coverage,female | DHIS,2017/18,79.0
WC,Cape Town MM: CPT,ANC 1st visit coverage,female | DHIS,2018/19,82.6
WC,Cape Town MM: CPT,ANC 1st visit coverage,female | DHIS,2019/20,85.2
WC,Cape Town MM: CPT,ANC 1st visit coverage,female | DHIS,2020/21,78.9
WC,Cape Town MM: CPT,ANC 1st visit coverage,female | DHIS,2021/22,75.5
WC,Cape Town MM: CPT,ANC 1st visit coverage,female | DHIS,2022/23,71.9
WC,Cape Town MM: CPT,ANC 1st visit coverage,female | DHIS,2023/24,68.7
WC,Cape Town MM: CPT,ANC 1st visit coverage,female | DHIS,2024/25,69.4
WC,Cape Winelands DM: DC2,ANC 1st visit coverage,female | DHIS,2015/16,70.7
WC,Cape Winelands DM: DC2,ANC 1st visit coverage,female | DHIS,2016/17,78.0
WC,Cape Winelands DM: DC2,ANC 1st visit coverage,female | DHIS,2017/18,79.7
WC,Cape Winelands DM: DC2,ANC 1st visit coverage,female | DHIS,2018/19,79.4
WC,Cape Winelands DM: DC2,ANC 1st visit coverage,female | DHIS,2019/20,88.5
WC,Cape Winelands DM: DC2,ANC 1st visit coverage,female | DHIS,2020/21,82.3
WC,Cape Winelands DM: DC2,ANC 1st visit coverage,female | DHIS,2021/22,80.7
WC,Cape Winelands DM: DC2,ANC 1st visit coverage,female | DHIS,2022/23,80.5
WC,Cape Winelands DM: DC2,ANC 1st visit coverage,female | DHIS,2023/24,72.5
WC,Cape Winelands DM: DC2,ANC 1st visit coverage,female | DHIS,2024/25,73.1
WC,Central Karoo DM: DC5,ANC 1st visit coverage,female | DHIS,2015/16,65.1
WC,Central Karoo DM: DC5,ANC 1st visit coverage,female | DHIS,2016/17,75.0
WC,Central Karoo DM: DC5,ANC 1st visit coverage,female | DHIS,2017/18,73.5
WC,Central Karoo DM: DC5,ANC 1st visit coverage,female | DHIS,2018/19,74.0
WC,Central Karoo DM: DC5,ANC 1st visit coverage,female | DHIS,2019/20,76.6
WC,Central Karoo DM: DC5,ANC 1st visit coverage,female | DHIS,2020/21,75.0
WC,Central Karoo DM: DC5,ANC 1st visit coverage,female | DHIS,2021/22,66.8
WC,Central Karoo DM: DC5,ANC 1st visit coverage,female | DHIS,2022/23,63.3
WC,Central Karoo DM: DC5,ANC 1st visit coverage,female | DHIS,2023/24,66.0
WC,Central Karoo DM: DC5,ANC 1st visit coverage,female | DHIS,2024/25,68.7
WC,Garden Route DM: DC4,ANC 1st visit coverage,female | DHIS,2015/16,67.0
WC,Garden Route DM: DC4,ANC 1st visit coverage,female | DHIS,2016/17,70.5
WC,Garden Route DM: DC4,ANC 1st visit coverage,female | DHIS,2017/18,76.6
WC,Garden Route DM: DC4,ANC 1st visit coverage,female | DHIS,2018/19,78.0
WC,Garden Route DM: DC4,ANC 1st visit coverage,female | DHIS,2019/20,91.0
WC,Garden Route DM: DC4,ANC 1st visit coverage,female | DHIS,2020/21,83.8
WC,Garden Route DM: DC4,ANC 1st visit coverage,female | DHIS,2021/22,84.5
WC,Garden Route DM: DC4,ANC 1st visit coverage,female | DHIS,2022/23,85.2
WC,Garden Route DM: DC4,ANC 1st visit coverage,female | DHIS,2023/24,80.6
WC,Garden Route DM: DC4,ANC 1st visit coverage,female | DHIS,2024/25,81.4
WC,Overberg DM: DC3,ANC 1st visit coverage,female | DHIS,2015/16,81.0
WC,Overberg DM: DC3,ANC 1st visit coverage,female | DHIS,2016/17,88.3
WC,Overberg DM: DC3,ANC 1st visit coverage,female | DHIS,2017/18,94.1
WC,Overberg DM: DC3,ANC 1st visit coverage,female | DHIS,2018/19,99.3
WC,Overberg DM: DC3,ANC 1st visit coverage,female | DHIS,2019/20,103.8
WC,Overberg DM: DC3,ANC 1st visit coverage,female | DHIS,2020/21,90.9
WC,Overberg DM: DC3,ANC 1st visit coverage,female | DHIS,2021/22,93.3
WC,Overberg DM: DC3,ANC 1st visit coverage,female | DHIS,2022/23,88.6
WC,Overberg DM: DC3,ANC 1st visit coverage,female | DHIS,2023/24,83.8
WC,Overberg DM: DC3,ANC 1st visit coverage,female | DHIS,2024/25,88.5
WC,West Coast DM: DC1,ANC 1st visit coverage,female | DHIS,2015/16,71.7
WC,West Coast DM: DC1,ANC 1st visit coverage,female | DHIS,2016/17,78.9
WC,West Coast DM: DC1,ANC 1st visit coverage,female | DHIS,2017/18,83.0
WC,West Coast DM: DC1,ANC 1st visit coverage,female | DHIS,2018/19,84.2
WC,West Coast DM: DC1,ANC 1st visit coverage,female | DHIS,2019/20,90.7
WC,West Coast DM: DC1,ANC 1st visit coverage,female | DHIS,2020/21,93.1
WC,West Coast DM: DC1,ANC 1st visit coverage,female | DHIS,2021/22,89.1
WC,West Coast DM: DC1,ANC 1st visit coverage,female | DHIS,2022/23,86.7
WC,West Coast DM: DC1,ANC 1st visit coverage,female | DHIS,2023/24,77.5
WC,West Coast DM: DC1,ANC 1st visit coverage,female | DHIS,2024/25,78.6
EC,A Nzo DM: DC44,Maternal mortality in facility ratio,female | DHIS,2015/16,46.1
EC,A Nzo DM: DC44,Maternal mortality in facility ratio,female | DHIS,2016/17,55.0
EC,A Nzo DM: DC44,Maternal mortality in facility ratio,female | DHIS,2017/18,63.1
EC,A Nzo DM: DC44,Maternal mortality in facility ratio,female | DHIS,2018/19,75.3
EC,A Nzo DM: DC44,Maternal mortality in facility ratio,female | DHIS,2019/20,42.6
EC,A Nzo DM: DC44,Maternal mortality in facility ratio,female | DHIS,2020/21,74.2
EC,A Nzo DM: DC44,Maternal mortality in facility ratio,female | DHIS,2021/22,68.4
EC,A Nzo DM: DC44,Maternal mortality in facility ratio,female | DHIS,2022/23,29.5
EC,A Nzo DM: DC44,Maternal mortality in facility ratio,female | DHIS,2023/24,51.5
EC,A Nzo DM: DC44,Maternal mortality in facility ratio,female | DHIS,2024/25,88.1
EC,Amathole DM: DC12,Maternal mortality in facility ratio,female | DHIS,2015/16,41.9
EC,Amathole DM: DC12,Maternal mortality in facility ratio,female | DHIS,2016/17,68.9
EC,Amathole DM: DC12,Maternal mortality in facility ratio,female | DHIS,2017/18,55.6
EC,Amathole DM: DC12,Maternal mortality in facility ratio,female | DHIS,2018/19,64.3
EC,Amathole DM: DC12,Maternal mortality in facility ratio,female | DHIS,2019/20,31.9
EC,Amathole DM: DC12,Maternal mortality in facility ratio,female | DHIS,2020/21,60.3
EC,Amathole DM: DC12,Maternal mortality in facility ratio,female | DHIS,2021/22,19.6
EC,Amathole DM: DC12,Maternal mortality in facility ratio,female | DHIS,2022/23,44.2
EC,Amathole DM: DC12,Maternal mortality in facility ratio,female | DHIS,2023/24,62.1
EC,Amathole DM: DC12,Maternal mortality in facility ratio,female | DHIS,2024/25,69.5
EC,Buffalo City MM: BUF,Maternal mortality in facility ratio,female | DHIS,2015/16,134.5
EC,Buffalo City MM: BUF,Maternal mortality in facility ratio,female | DHIS,2016/17,127.0
EC,Buffalo City MM: BUF,Maternal mortality in facility ratio,female | DHIS,2017/18,99.7
EC,Buffalo City MM: BUF,Maternal mortality in facility ratio,female | DHIS,2018/19,150.7
EC,Buffalo City MM: BUF,Maternal mortality in facility ratio,female | DHIS,2019/20,182.4
EC,Buffalo City MM: BUF,Maternal mortality in facility ratio,female | DHIS,2020/21,209.6
EC,Buffalo City MM: BUF,Maternal mortality in facility ratio,female | DHIS,2021/22,130.6
EC,Buffalo City MM: BUF,Maternal mortality in facility ratio,female | DHIS,2022/23,164.6
EC,Buffalo City MM: BUF,Maternal mortality in facility ratio,female | DHIS,2023/24,136.9
EC,Buffalo City MM: BUF,Maternal mortality in facility ratio,female | DHIS,2024/25,181.4
EC,C Hani DM: DC13,Maternal mortality in facility ratio,female | DHIS,2015/16,92.2
EC,C Hani DM: DC13,Maternal mortality in facility ratio,female | DHIS,2016/17,114.3
EC,C Hani DM: DC13,Maternal mortality in facility ratio,female | DHIS,2017/18,148.0
EC,C Hani DM: DC13,Maternal mortality in facility ratio,female | DHIS,2018/19,112.9
EC,C Hani DM: DC13,Maternal mortality in facility ratio,female | DHIS,2019/20,81.9
EC,C Hani DM: DC13,Maternal mortality in facility ratio,female | DHIS,2020/21,133.8
EC,C Hani DM: DC13,Maternal mortality in facility ratio,female | DHIS,2021/22,157.4
EC,C Hani DM: DC13,Maternal mortality in facility ratio,female | DHIS,2022/23,187.6
EC,C Hani DM: DC13,Maternal mortality in facility ratio,female | DHIS,2023/24,126.0
EC,C Hani DM: DC13,Maternal mortality in facility ratio,female | DHIS,2024/25,95.3
EC,Joe Gqabi DM: DC14,Maternal mortality in facility ratio,female | DHIS,2015/16,56.0
EC,Joe Gqabi DM: DC14,Maternal mortality in facility ratio,female | DHIS,2016/17,98.4
EC,Joe Gqabi DM: DC14,Maternal mortality in facility ratio,female | DHIS,2017/18,20.3
EC,Joe Gqabi DM: DC14,Maternal mortality in facility ratio,female | DHIS,2018/19,57.6
EC,Joe Gqabi DM: DC14,Maternal mortality in facility ratio,female | DHIS,2019/20,38.8
EC,Joe Gqabi DM: DC14,Maternal mortality in facility ratio,female | DHIS,2020/21,71.5
EC,Joe Gqabi DM: DC14,Maternal mortality in facility ratio,female | DHIS,2021/22,37.5
EC,Joe Gqabi DM: DC14,Maternal mortality in facility ratio,female | DHIS,2022/23,0.0
EC,Joe Gqabi DM: DC14,Maternal mortality in facility ratio,female | DHIS,2023/24,85.5
EC,Joe Gqabi DM: DC14,Maternal mortality in facility ratio,female | DHIS,2024/25,101.8
EC,N Mandela Bay MM: NMA,Maternal mortality in facility ratio,female | DHIS,2015/16,106.5
EC,N Mandela Bay MM: NMA,Maternal mortality in facility ratio,female | DHIS,2016/17,152.5
EC,N Mandela Bay MM: NMA,Maternal mortality in facility ratio,female | DHIS,2017/18,128.3
EC,N Mandela Bay MM: NMA,Maternal mortality in facility ratio,female | DHIS,2018/19,88.0
EC,N Mandela Bay MM: NMA,Maternal mortality in facility ratio,female | DHIS,2019/20,85.2
EC,N Mandela Bay MM: NMA,Maternal mortality in facility ratio,female | DHIS,2020/21,128.4
EC,N Mandela Bay MM: NMA,Maternal mortality in facility ratio,female | DHIS,2021/22,114.1
EC,N Mandela Bay MM: NMA,Maternal mortality in facility ratio,female | DHIS,2022/23,151.0
EC,N Mandela Bay MM: NMA,Maternal mortality in facility ratio,female | DHIS,2023/24,199.8
EC,N Mandela Bay MM: NMA,Maternal mortality in facility ratio,female | DHIS,2024/25,141.1
EC,OR Tambo DM: DC15,Maternal mortality in facility ratio,female | DHIS,2015/16,231.5
EC,OR Tambo DM: DC15,Maternal mortality in facility ratio,female | DHIS,2016/17,187.4
EC,OR Tambo DM: DC15,Maternal mortality in facility ratio,female | DHIS,2017/18,198.7
EC,OR Tambo DM: DC15,Maternal mortality in facility ratio,female | DHIS,2018/19,143.7
EC,OR Tambo DM: DC15,Maternal mortality in facility ratio,female | DHIS,2019/20,171.0
EC,OR Tambo DM: DC15,Maternal mortality in facility ratio,female | DHIS,2020/21,221.2
EC,OR Tambo DM: DC15,Maternal mortality in facility ratio,female | DHIS,2021/22,160.4
EC,OR Tambo DM: DC15,Maternal mortality in facility ratio,female | DHIS,2022/23,173.7
EC,OR Tambo DM: DC15,Maternal mortality in facility ratio,female | DHIS,2023/24,190.0
EC,OR Tambo DM: DC15,Maternal mortality in facility ratio,female | DHIS,2024/25,205.4
EC,Sarah Baartman DM: DC10,Maternal mortality in facility ratio,female | DHIS,2015/16,91.4
EC,Sarah Baartman DM: DC10,Maternal mortality in facility ratio,female | DHIS,2016/17,49.2
EC,Sarah Baartman DM: DC10,Maternal mortality in facility ratio,female | DHIS,2017/18,143.5
EC,Sarah Baartman DM: DC10,Maternal mortality in facility ratio,female | DHIS,2018/19,31.2
EC,Sarah Baartman DM: DC10,Maternal mortality in facility ratio,female | DHIS,2019/20,62.3
EC,Sarah Baartman DM: DC10,Maternal mortality in facility ratio,female | DHIS,2020/21,74.0
EC,Sarah Baartman DM: DC10,Maternal mortality in facility ratio,female | DHIS,2021/22,72.6
EC,Sarah Baartman DM: DC10,Maternal mortality in facility ratio,female | DHIS,2022/23,31.0
EC,Sarah Baartman DM: DC10,Maternal mortality in facility ratio,female | DHIS,2023/24,49.6
EC,Sarah Baartman DM: DC10,Maternal mortality in facility ratio,female | DHIS,2024/25,70.2
FS,Fezile Dabi DM: DC20,Maternal mortality in facility ratio,female | DHIS,2015/16,77.2
FS,Fezile Dabi DM: DC20,Maternal mortality in facility ratio,female | DHIS,2016/17,113.8
FS,Fezile Dabi DM: DC20,Maternal mortality in facility ratio,female | DHIS,2017/18,198.2
FS,Fezile Dabi DM: DC20,Maternal mortality in facility ratio,female | DHIS,2018/19,141.5
FS,Fezile Dabi DM: DC20,Maternal mortality in facility ratio,female | DHIS,2019/20,90.1
FS,Fezile Dabi DM: DC20,Maternal mortality in facility ratio,female | DHIS,2020/21,130.7
FS,Fezile Dabi DM: DC20,Maternal mortality in facility ratio,female | DHIS,2021/22,186.5
FS,Fezile Dabi DM: DC20,Maternal mortality in facility ratio,female | DHIS,2022/23,63.2
FS,Fezile Dabi DM: DC20,Maternal mortality in facility ratio,female | DHIS,2023/24,112.5
FS,Fezile Dabi DM: DC20,Maternal mortality in facility ratio,female | DHIS,2024/25,153.4
FS,Lejweleputswa DM: DC18,Maternal mortality in facility ratio,female | DHIS,2015/16,153.3
FS,Lejweleputswa DM: DC18,Maternal mortality in facility ratio,female | DHIS,2016/17,166.8
FS,Lejweleputswa DM: DC18,Maternal mortality in facility ratio,female | DHIS,2017/18,95.2
FS,Lejweleputswa DM: DC18,Maternal mortality in facility ratio,female | DHIS,2018/19,229.9
FS,Lejweleputswa DM: DC18,Maternal mortality in facility ratio,female | DHIS,2019/20,147.2
FS,Lejweleputswa DM: DC18,Maternal mortality in facility ratio,female | DHIS,2020/21,191.9
FS,Lejweleputswa DM: DC18,Maternal mortality in facility ratio,female | DHIS,2021/22,134.6
FS,Lejweleputswa DM: DC18,Maternal mortality in facility ratio,female | DHIS,2022/23,105.7
FS,Lejweleputswa DM: DC18,Maternal mortality in facility ratio,female | DHIS,2023/24,50.8
FS,Lejweleputswa DM: DC18,Maternal mortality in facility ratio,female | DHIS,2024/25,216.5
FS,Mangaung MM: MAN,Maternal mortality in facility ratio,female | DHIS,2015/16,137.4
FS,Mangaung MM: MAN,Maternal mortality in facility ratio,female | DHIS,2016/17,198.4
FS,Mangaung MM: MAN,Maternal mortality in facility ratio,female | DHIS,2017/18,128.6
FS,Mangaung MM: MAN,Maternal mortality in facility ratio,female | DHIS,2018/19,128.4
FS,Mangaung MM: MAN,Maternal mortality in facility ratio,female | DHIS,2019/20,136.0
FS,Mangaung MM: MAN,Maternal mortality in facility ratio,female | DHIS,2020/21,204.9
FS,Mangaung MM: MAN,Maternal mortality in facility ratio,female | DHIS,2021/22,203.3
FS,Mangaung MM: MAN,Maternal mortality in facility ratio,female | DHIS,2022/23,77.1
FS,Mangaung MM: MAN,Maternal mortality in facility ratio,female | DHIS,2023/24,102.1
FS,Mangaung MM: MAN,Maternal mortality in facility ratio,female | DHIS,2024/25,185.8
FS,T Mofutsanyana DM: DC19,Maternal mortality in facility ratio,female | DHIS,2015/16,101.6
FS,T Mofutsanyana DM: DC19,Maternal mortality in facility ratio,female | DHIS,2016/17,111.3
FS,T Mofutsanyana DM: DC19,Maternal mortality in facility ratio,female | DHIS,2017/18,140.2
FS,T Mofutsanyana DM: DC19,Maternal mortality in facility ratio,female | DHIS,2018/19,189.8
FS,T Mofutsanyana DM: DC19,Maternal mortality in facility ratio,female | DHIS,2019/20,76.1
FS,T Mofutsanyana DM: DC19,Maternal mortality in facility ratio,female | DHIS,2020/21,171.9
FS,T Mofutsanyana DM: DC19,Maternal mortality in facility ratio,female | DHIS,2021/22,109.3
FS,T Mofutsanyana DM: DC19,Maternal mortality in facility ratio,female | DHIS,2022/23,135.0
FS,T Mofutsanyana DM: DC19,Maternal mortality in facility ratio,female | DHIS,2023/24,139.4
FS,T Mofutsanyana DM: DC19,Maternal mortality in facility ratio,female | DHIS,2024/25,101.7
FS,Xhariep DM: DC16,Maternal mortality in facility ratio,female | DHIS,2015/16,205.8
FS,Xhariep DM: DC16,Maternal mortality in facility ratio,female | DHIS,2018/19,97.9
FS,Xhariep DM: DC16,Maternal mortality in facility ratio,female | DHIS,2019/20,183.7
FS,Xhariep DM: DC16,Maternal mortality in facility ratio,female | DHIS,2020/21,86.3
FS,Xhariep DM: DC16,Maternal mortality in facility ratio,female | DHIS,2021/22,0.0
FS,Xhariep DM: DC16,Maternal mortality in facility ratio,female | DHIS,2022/23,0.0
FS,Xhariep DM: DC16,Maternal mortality in facility ratio,female | DHIS,2023/24,198.8
FS,Xhariep DM: DC16,Maternal mortality in facility ratio,female | DHIS,2024/25,103.0
GP,City of Ekurhuleni MM: EKU,Maternal mortality in facility ratio,female | DHIS,2015/16,133.6
GP,City of Ekurhuleni MM: EKU,Maternal mortality in facility ratio,female | DHIS,2016/17,124.0
GP,City of Ekurhuleni MM: EKU,Maternal mortality in facility ratio,female | DHIS,2017/18,107.6
GP,City of Ekurhuleni MM: EKU,Maternal mortality in facility ratio,female | DHIS,2018/19,120.5
GP,City of Ekurhuleni MM: EKU,Maternal mortality in facility ratio,female | DHIS,2019/20,115.0
GP,City of Ekurhuleni MM: EKU,Maternal mortality in facility ratio,female | DHIS,2020/21,110.5
GP,City of Ekurhuleni MM: EKU,Maternal mortality in facility ratio,female | DHIS,2021/22,130.5
GP,City of Ekurhuleni MM: EKU,Maternal mortality in facility ratio,female | DHIS,2022/23,129.3
GP,City of Ekurhuleni MM: EKU,Maternal mortality in facility ratio,female | DHIS,2023/24,78.2
GP,City of Ekurhuleni MM: EKU,Maternal mortality in facility ratio,female | DHIS,2024/25,123.7
GP,Johannesburg MM: JHB,Maternal mortality in facility ratio,female | DHIS,2015/16,94.9
GP,Johannesburg MM: JHB,Maternal mortality in facility ratio,female | DHIS,2016/17,88.0
GP,Johannesburg MM: JHB,Maternal mortality in facility ratio,female | DHIS,2017/18,93.7
GP,Johannesburg MM: JHB,Maternal mortality in facility ratio,female | DHIS,2018/19,101.3
GP,Johannesburg MM: JHB,Maternal mortality in facility ratio,female | DHIS,2019/20,98.7
GP,Johannesburg MM: JHB,Maternal mortality in facility ratio,female | DHIS,2020/21,106.7
GP,Johannesburg MM: JHB,Maternal mortality in facility ratio,female | DHIS,2021/22,128.6
GP,Johannesburg MM: JHB,Maternal mortality in facility ratio,female | DHIS,2022/23,116.5
GP,Johannesburg MM: JHB,Maternal mortality in facility ratio,female | DHIS,2023/24,115.8
GP,Johannesburg MM: JHB,Maternal mortality in facility ratio,female | DHIS,2024/25,121.4
GP,Sedibeng DM: DC42,Maternal mortality in facility ratio,female | DHIS,2015/16,101.6
GP,Sedibeng DM: DC42,Maternal mortality in facility ratio,female | DHIS,2016/17,91.4
GP,Sedibeng DM: DC42,Maternal mortality in facility ratio,female | DHIS,2017/18,116.0
GP,Sedibeng DM: DC42,Maternal mortality in facility ratio,female | DHIS,2018/19,95.9
GP,Sedibeng DM: DC42,Maternal mortality in facility ratio,female | DHIS,2019/20,120.5
GP,Sedibeng DM: DC42,Maternal mortality in facility ratio,female | DHIS,2020/21,131.0
GP,Sedibeng DM: DC42,Maternal mortality in facility ratio,female | DHIS,2021/22,143.2
GP,Sedibeng DM: DC42,Maternal mortality in facility ratio,female | DHIS,2022/23,78.0
GP,Sedibeng DM: DC42,Maternal mortality in facility ratio,female | DHIS,2023/24,118.2
GP,Sedibeng DM: DC42,Maternal mortality in facility ratio,female | DHIS,2024/25,114.6
GP,Tshwane MM: TSH,Maternal mortality in facility ratio,female | DHIS,2015/16,83.7
GP,Tshwane MM: TSH,Maternal mortality in facility ratio,female | DHIS,2016/17,148.0
GP,Tshwane MM: TSH,Maternal mortality in facility ratio,female | DHIS,2017/18,123.4
GP,Tshwane MM: TSH,Maternal mortality in facility ratio,female | DHIS,2018/19,156.4
GP,Tshwane MM: TSH,Maternal mortality in facility ratio,female | DHIS,2019/20,88.3
GP,Tshwane MM: TSH,Maternal mortality in facility ratio,female | DHIS,2020/21,132.6
GP,Tshwane MM: TSH,Maternal mortality in facility ratio,female | DHIS,2021/22,132.7
GP,Tshwane MM: TSH,Maternal mortality in facility ratio,female | DHIS,2022/23,119.2
GP,Tshwane MM: TSH,Maternal mortality in facility ratio,female | DHIS,2023/24,119.8
GP,Tshwane MM: TSH,Maternal mortality in facility ratio,female | DHIS,2024/25,148.7
GP,West Rand DM: DC48,Maternal mortality in facility ratio,female | DHIS,2015/16,90.5
GP,West Rand DM: DC48,Maternal mortality in facility ratio,female | DHIS,2016/17,108.8
GP,West Rand DM: DC48,Maternal mortality in facility ratio,female | DHIS,2017/18,122.1
GP,West Rand DM: DC48,Maternal mortality in facility ratio,female | DHIS,2018/19,140.4
GP,West Rand DM: DC48,Maternal mortality in facility ratio,female | DHIS,2019/20,105.7
GP,West Rand DM: DC48,Maternal mortality in facility ratio,female | DHIS,2020/21,149.1
GP,West Rand DM: DC48,Maternal mortality in facility ratio,female | DHIS,2021/22,104.3
GP,West Rand DM: DC48,Maternal mortality in facility ratio,female | DHIS,2022/23,115.8
GP,West Rand DM: DC48,Maternal mortality in facility ratio,female | DHIS,2023/24,133.8
GP,West Rand DM: DC48,Maternal mortality in facility ratio,female | DHIS,2024/25,63.7
KZ,Amajuba DM: DC25,Maternal mortality in facility ratio,female | DHIS,2015/16,167.1
KZ,Amajuba DM: DC25,Maternal mortality in facility ratio,female | DHIS,2016/17,124.7
KZ,Amajuba DM: DC25,Maternal mortality in facility ratio,female | DHIS,2017/18,132.4
KZ,Amajuba DM: DC25,Maternal mortality in facility ratio,female | DHIS,2018/19,60.5
KZ,Amajuba DM: DC25,Maternal mortality in facility ratio,female | DHIS,2019/20,27.7
KZ,Amajuba DM: DC25,Maternal mortality in facility ratio,female | DHIS,2020/21,144.6
KZ,Amajuba DM: DC25,Maternal mortality in facility ratio,female | DHIS,2021/22,159.3
KZ,Amajuba DM: DC25,Maternal mortality in facility ratio,female | DHIS,2022/23,37.1
KZ,Amajuba DM: DC25,Maternal mortality in facility ratio,female | DHIS,2023/24,104.3
KZ,Amajuba DM: DC25,Maternal mortality in facility ratio,female | DHIS,2024/25,111.6
KZ,eThekwini MM: ETH,Maternal mortality in facility ratio,female | DHIS,2015/16,109.2
KZ,eThekwini MM: ETH,Maternal mortality in facility ratio,female | DHIS,2016/17,103.5
KZ,eThekwini MM: ETH,Maternal mortality in facility ratio,female | DHIS,2017/18,85.7
KZ,eThekwini MM: ETH,Maternal mortality in facility ratio,female | DHIS,2018/19,102.7
KZ,eThekwini MM: ETH,Maternal mortality in facility ratio,female | DHIS,2019/20,91.5
KZ,eThekwini MM: ETH,Maternal mortality in facility ratio,female | DHIS,2020/21,149.5
KZ,eThekwini MM: ETH,Maternal mortality in facility ratio,female | DHIS,2021/22,108.8
KZ,eThekwini MM: ETH,Maternal mortality in facility ratio,female | DHIS,2022/23,78.9
KZ,eThekwini MM: ETH,Maternal mortality in facility ratio,female | DHIS,2023/24,91.3
KZ,eThekwini MM: ETH,Maternal mortality in facility ratio,female | DHIS,2024/25,91.5
KZ,Harry Gwala DM: DC43,Maternal mortality in facility ratio,female | DHIS,2015/16,92.8
KZ,Harry Gwala DM: DC43,Maternal mortality in facility ratio,female | DHIS,2016/17,71.5
KZ,Harry Gwala DM: DC43,Maternal mortality in facility ratio,female | DHIS,2017/18,96.8
KZ,Harry Gwala DM: DC43,Maternal mortality in facility ratio,female | DHIS,2018/19,57.3
KZ,Harry Gwala DM: DC43,Maternal mortality in facility ratio,female | DHIS,2019/20,54.1
KZ,Harry Gwala DM: DC43,Maternal mortality in facility ratio,female | DHIS,2020/21,74.1
KZ,Harry Gwala DM: DC43,Maternal mortality in facility ratio,female | DHIS,2021/22,44.6
KZ,Harry Gwala DM: DC43,Maternal mortality in facility ratio,female | DHIS,2022/23,91.8
KZ,Harry Gwala DM: DC43,Maternal mortality in facility ratio,female | DHIS,2023/24,81.7
KZ,Harry Gwala DM: DC43,Maternal mortality in facility ratio,female | DHIS,2024/25,44.1
KZ,iLembe DM: DC29,Maternal mortality in facility ratio,female | DHIS,2015/16,116.4
KZ,iLembe DM: DC29,Maternal mortality in facility ratio,female | DHIS,2016/17,58.5
KZ,iLembe DM: DC29,Maternal mortality in facility ratio,female | DHIS,2017/18,72.4
KZ,iLembe DM: DC29,Maternal mortality in facility ratio,female | DHIS,2018/19,65.4
KZ,iLembe DM: DC29,Maternal mortality in facility ratio,female | DHIS,2019/20,62.5
KZ,iLembe DM: DC29,Maternal mortality in facility ratio,female | DHIS,2020/21,64.5
KZ,iLembe DM: DC29,Maternal mortality in facility ratio,female | DHIS,2021/22,84.6
KZ,iLembe DM: DC29,Maternal mortality in facility ratio,female | DHIS,2022/23,48.9
KZ,iLembe DM: DC29,Maternal mortality in facility ratio,female | DHIS,2023/24,84.9
KZ,iLembe DM: DC29,Maternal mortality in facility ratio,female | DHIS,2024/25,71.0
KZ,King Cetshwayo DM: DC28,Maternal mortality in facility ratio,female | DHIS,2015/16,155.1
KZ,King Cetshwayo DM: DC28,Maternal mortality in facility ratio,female | DHIS,2016/17,126.8
KZ,King Cetshwayo DM: DC28,Maternal mortality in facility ratio,female | DHIS,2017/18,134.8
KZ,King Cetshwayo DM: DC28,Maternal mortality in facility ratio,female | DHIS,2018/19,125.4
KZ,King Cetshwayo DM: DC28,Maternal mortality in facility ratio,female | DHIS,2019/20,73.7
KZ,King Cetshwayo DM: DC28,Maternal mortality in facility ratio,female | DHIS,2020/21,142.3
KZ,King Cetshwayo DM: DC28,Maternal mortality in facility ratio,female | DHIS,2021/22,103.6
KZ,King Cetshwayo DM: DC28,Maternal mortality in facility ratio,female | DHIS,2022/23,116.8
KZ,King Cetshwayo DM: DC28,Maternal mortality in facility ratio,female | DHIS,2023/24,114.4
KZ,King Cetshwayo DM: DC28,Maternal mortality in facility ratio,female | DHIS,2024/25,119.8
KZ,Ugu DM: DC21,Maternal mortality in facility ratio,female | DHIS,2015/16,94.8
KZ,Ugu DM: DC21,Maternal mortality in facility ratio,female | DHIS,2016/17,124.8
KZ,Ugu DM: DC21,Maternal mortality in facility ratio,female | DHIS,2017/18,96.7
KZ,Ugu DM: DC21,Maternal mortality in facility ratio,female | DHIS,2018/19,82.1
KZ,Ugu DM: DC21,Maternal mortality in facility ratio,female | DHIS,2019/20,52.1
KZ,Ugu DM: DC21,Maternal mortality in facility ratio,female | DHIS,2020/21,79.9
KZ,Ugu DM: DC21,Maternal mortality in facility ratio,female | DHIS,2021/22,126.6
KZ,Ugu DM: DC21,Maternal mortality in facility ratio,female | DHIS,2022/23,87.3
KZ,Ugu DM: DC21,Maternal mortality in facility ratio,female | DHIS,2023/24,54.9
KZ,Ugu DM: DC21,Maternal mortality in facility ratio,female | DHIS,2024/25,108.1
KZ,uMgungundlovu DM: DC22,Maternal mortality in facility ratio,female | DHIS,2015/16,195.5
KZ,uMgungundlovu DM: DC22,Maternal mortality in facility ratio,female | DHIS,2016/17,171.2
KZ,uMgungundlovu DM: DC22,Maternal mortality in facility ratio,female | DHIS,2017/18,170.6
KZ,uMgungundlovu DM: DC22,Maternal mortality in facility ratio,female | DHIS,2018/19,111.3
KZ,uMgungundlovu DM: DC22,Maternal mortality in facility ratio,female | DHIS,2019/20,163.3
KZ,uMgungundlovu DM: DC22,Maternal mortality in facility ratio,female | DHIS,2020/21,223.7
KZ,uMgungundlovu DM: DC22,Maternal mortality in facility ratio,female | DHIS,2021/22,176.5
KZ,uMgungundlovu DM: DC22,Maternal mortality in facility ratio,female | DHIS,2022/23,132.7
KZ,uMgungundlovu DM: DC22,Maternal mortality in facility ratio,female | DHIS,2023/24,119.4
KZ,uMgungundlovu DM: DC22,Maternal mortality in facility ratio,female | DHIS,2024/25,114.9
KZ,uMkhanyakude DM: DC27,Maternal mortality in facility ratio,female | DHIS,2015/16,84.1
KZ,uMkhanyakude DM: DC27,Maternal mortality in facility ratio,female | DHIS,2016/17,41.5
KZ,uMkhanyakude DM: DC27,Maternal mortality in facility ratio,female | DHIS,2017/18,80.8
KZ,uMkhanyakude DM: DC27,Maternal mortality in facility ratio,female | DHIS,2018/19,60.0
KZ,uMkhanyakude DM: DC27,Maternal mortality in facility ratio,female | DHIS,2019/20,51.3
KZ,uMkhanyakude DM: DC27,Maternal mortality in facility ratio,female | DHIS,2020/21,46.0
KZ,uMkhanyakude DM: DC27,Maternal mortality in facility ratio,female | DHIS,2021/22,62.4
KZ,uMkhanyakude DM: DC27,Maternal mortality in facility ratio,female | DHIS,2022/23,52.5
KZ,uMkhanyakude DM: DC27,Maternal mortality in facility ratio,female | DHIS,2023/24,68.6
KZ,uMkhanyakude DM: DC27,Maternal mortality in facility ratio,female | DHIS,2024/25,81.7
KZ,uMzinyathi DM: DC24,Maternal mortality in facility ratio,female | DHIS,2015/16,101.3
KZ,uMzinyathi DM: DC24,Maternal mortality in facility ratio,female | DHIS,2016/17,26.1
KZ,uMzinyathi DM: DC24,Maternal mortality in facility ratio,female | DHIS,2017/18,70.3
KZ,uMzinyathi DM: DC24,Maternal mortality in facility ratio,female | DHIS,2018/19,49.9
KZ,uMzinyathi DM: DC24,Maternal mortality in facility ratio,female | DHIS,2019/20,32.8
KZ,uMzinyathi DM: DC24,Maternal mortality in facility ratio,female | DHIS,2020/21,70.1
KZ,uMzinyathi DM: DC24,Maternal mortality in facility ratio,female | DHIS,2021/22,24.0
KZ,uMzinyathi DM: DC24,Maternal mortality in facility ratio,female | DHIS,2022/23,39.8
KZ,uMzinyathi DM: DC24,Maternal mortality in facility ratio,female | DHIS,2023/24,59.0
KZ,uMzinyathi DM: DC24,Maternal mortality in facility ratio,female | DHIS,2024/25,87.0
KZ,uThukela DM: DC23,Maternal mortality in facility ratio,female | DHIS,2015/16,157.2
KZ,uThukela DM: DC23,Maternal mortality in facility ratio,female | DHIS,2016/17,104.2
KZ,uThukela DM: DC23,Maternal mortality in facility ratio,female | DHIS,2017/18,140.2
KZ,uThukela DM: DC23,Maternal mortality in facility ratio,female | DHIS,2018/19,58.7
KZ,uThukela DM: DC23,Maternal mortality in facility ratio,female | DHIS,2019/20,81.1
KZ,uThukela DM: DC23,Maternal mortality in facility ratio,female | DHIS,2020/21,114.8
KZ,uThukela DM: DC23,Maternal mortality in facility ratio,female | DHIS,2021/22,101.5
KZ,uThukela DM: DC23,Maternal mortality in facility ratio,female | DHIS,2022/23,41.7
KZ,uThukela DM: DC23,Maternal mortality in facility ratio,female | DHIS,2023/24,91.7
KZ,uThukela DM: DC23,Maternal mortality in facility ratio,female | DHIS,2024/25,74.1
KZ,Zululand DM: DC26,Maternal mortality in facility ratio,female | DHIS,2015/16,85.0
KZ,Zululand DM: DC26,Maternal mortality in facility ratio,female | DHIS,2016/17,96.3
KZ,Zululand DM: DC26,Maternal mortality in facility ratio,female | DHIS,2017/18,75.0
KZ,Zululand DM: DC26,Maternal mortality in facility ratio,female | DHIS,2018/19,92.9
KZ,Zululand DM: DC26,Maternal mortality in facility ratio,female | DHIS,2019/20,43.3
KZ,Zululand DM: DC26,Maternal mortality in facility ratio,female | DHIS,2020/21,100.3
KZ,Zululand DM: DC26,Maternal mortality in facility ratio,female | DHIS,2021/22,48.6
KZ,Zululand DM: DC26,Maternal mortality in facility ratio,female | DHIS,2022/23,81.0
KZ,Zululand DM: DC26,Maternal mortality in facility ratio,female | DHIS,2023/24,76.7
KZ,Zululand DM: DC26,Maternal mortality in facility ratio,female | DHIS,2024/25,28.1
LP,Capricorn DM: DC35,Maternal mortality in facility ratio,female | DHIS,2015/16,307.6
LP,Capricorn DM: DC35,Maternal mortality in facility ratio,female | DHIS,2016/17,258.2
LP,Capricorn DM: DC35,Maternal mortality in facility ratio,female | DHIS,2017/18,218.3
LP,Capricorn DM: DC35,Maternal mortality in facility ratio,female | DHIS,2018/19,196.7
LP,Capricorn DM: DC35,Maternal mortality in facility ratio,female | DHIS,2019/20,195.8
LP,Capricorn DM: DC35,Maternal mortality in facility ratio,female | DHIS,2020/21,286.1
LP,Capricorn DM: DC35,Maternal mortality in facility ratio,female | DHIS,2021/22,277.4
LP,Capricorn DM: DC35,Maternal mortality in facility ratio,female | DHIS,2022/23,198.3
LP,Capricorn DM: DC35,Maternal mortality in facility ratio,female | DHIS,2023/24,159.4
LP,Capricorn DM: DC35,Maternal mortality in facility ratio,female | DHIS,2024/25,182.3
LP,Mopani DM: DC33,Maternal mortality in facility ratio,female | DHIS,2015/16,123.2
LP,Mopani DM: DC33,Maternal mortality in facility ratio,female | DHIS,2016/17,126.0
LP,Mopani DM: DC33,Maternal mortality in facility ratio,female | DHIS,2017/18,91.1
LP,Mopani DM: DC33,Maternal mortality in facility ratio,female | DHIS,2018/19,107.4
LP,Mopani DM: DC33,Maternal mortality in facility ratio,female | DHIS,2019/20,93.9
LP,Mopani DM: DC33,Maternal mortality in facility ratio,female | DHIS,2020/21,71.6
LP,Mopani DM: DC33,Maternal mortality in facility ratio,female | DHIS,2021/22,110.7
LP,Mopani DM: DC33,Maternal mortality in facility ratio,female | DHIS,2022/23,97.2
LP,Mopani DM: DC33,Maternal mortality in facility ratio,female | DHIS,2023/24,111.3
LP,Mopani DM: DC33,Maternal mortality in facility ratio,female | DHIS,2024/25,114.9
LP,Sekhukhune DM: DC47,Maternal mortality in facility ratio,female | DHIS,2015/16,92.1
LP,Sekhukhune DM: DC47,Maternal mortality in facility ratio,female | DHIS,2016/17,81.4
LP,Sekhukhune DM: DC47,Maternal mortality in facility ratio,female | DHIS,2017/18,54.0
LP,Sekhukhune DM: DC47,Maternal mortality in facility ratio,female | DHIS,2018/19,66.8
LP,Sekhukhune DM: DC47,Maternal mortality in facility ratio,female | DHIS,2019/20,56.7
LP,Sekhukhune DM: DC47,Maternal mortality in facility ratio,female | DHIS,2020/21,77.1
LP,Sekhukhune DM: DC47,Maternal mortality in facility ratio,female | DHIS,2021/22,107.8
LP,Sekhukhune DM: DC47,Maternal mortality in facility ratio,female | DHIS,2022/23,90.0
LP,Sekhukhune DM: DC47,Maternal mortality in facility ratio,female | DHIS,2023/24,69.9
LP,Sekhukhune DM: DC47,Maternal mortality in facility ratio,female | DHIS,2024/25,85.3
LP,Vhembe DM: DC34,Maternal mortality in facility ratio,female | DHIS,2015/16,69.4
LP,Vhembe DM: DC34,Maternal mortality in facility ratio,female | DHIS,2016/17,60.9
LP,Vhembe DM: DC34,Maternal mortality in facility ratio,female | DHIS,2017/18,78.4
LP,Vhembe DM: DC34,Maternal mortality in facility ratio,female | DHIS,2018/19,81.5
LP,Vhembe DM: DC34,Maternal mortality in facility ratio,female | DHIS,2019/20,66.5
LP,Vhembe DM: DC34,Maternal mortality in facility ratio,female | DHIS,2020/21,68.5
LP,Vhembe DM: DC34,Maternal mortality in facility ratio,female | DHIS,2021/22,61.5
LP,Vhembe DM: DC34,Maternal mortality in facility ratio,female | DHIS,2022/23,64.2
LP,Vhembe DM: DC34,Maternal mortality in facility ratio,female | DHIS,2023/24,72.5
LP,Vhembe DM: DC34,Maternal mortality in facility ratio,female | DHIS,2024/25,50.4
LP,Waterberg DM: DC36,Maternal mortality in facility ratio,female | DHIS,2015/16,80.0
LP,Waterberg DM: DC36,Maternal mortality in facility ratio,female | DHIS,2016/17,94.1
LP,Waterberg DM: DC36,Maternal mortality in facility ratio,female | DHIS,2017/18,92.5
LP,Waterberg DM: DC36,Maternal mortality in facility ratio,female | DHIS,2018/19,97.1
LP,Waterberg DM: DC36,Maternal mortality in facility ratio,female | DHIS,2019/20,61.4
LP,Waterberg DM: DC36,Maternal mortality in facility ratio,female | DHIS,2020/21,89.2
LP,Waterberg DM: DC36,Maternal mortality in facility ratio,female | DHIS,2021/22,106.9
LP,Waterberg DM: DC36,Maternal mortality in facility ratio,female | DHIS,2022/23,87.1
LP,Waterberg DM: DC36,Maternal mortality in facility ratio,female | DHIS,2023/24,117.2
LP,Waterberg DM: DC36,Maternal mortality in facility ratio,female | DHIS,2024/25,85.0
MP,Ehlanzeni DM: DC32,Maternal mortality in facility ratio,female | DHIS,2015/16,116.5
MP,Ehlanzeni DM: DC32,Maternal mortality in facility ratio,female | DHIS,2016/17,125.2
MP,Ehlanzeni DM: DC32,Maternal mortality in facility ratio,female | DHIS,2017/18,103.5
MP,Ehlanzeni DM: DC32,Maternal mortality in facility ratio,female | DHIS,2018/19,82.4
MP,Ehlanzeni DM: DC32,Maternal mortality in facility ratio,female | DHIS,2019/20,67.1
MP,Ehlanzeni DM: DC32,Maternal mortality in facility ratio,female | DHIS,2020/21,100.8
MP,Ehlanzeni DM: DC32,Maternal mortality in facility ratio,female | DHIS,2021/22,117.3
MP,Ehlanzeni DM: DC32,Maternal mortality in facility ratio,female | DHIS,2022/23,102.9
MP,Ehlanzeni DM: DC32,Maternal mortality in facility ratio,female | DHIS,2023/24,101.5
MP,Ehlanzeni DM: DC32,Maternal mortality in facility ratio,female | DHIS,2024/25,100.7
MP,G Sibande DM: DC30,Maternal mortality in facility ratio,female | DHIS,2015/16,91.4
MP,G Sibande DM: DC30,Maternal mortality in facility ratio,female | DHIS,2016/17,101.0
MP,G Sibande DM: DC30,Maternal mortality in facility ratio,female | DHIS,2017/18,96.5
MP,G Sibande DM: DC30,Maternal mortality in facility ratio,female | DHIS,2018/19,95.8
MP,G Sibande DM: DC30,Maternal mortality in facility ratio,female | DHIS,2019/20,47.4
MP,G Sibande DM: DC30,Maternal mortality in facility ratio,female | DHIS,2020/21,84.5
MP,G Sibande DM: DC30,Maternal mortality in facility ratio,female | DHIS,2021/22,119.0
MP,G Sibande DM: DC30,Maternal mortality in facility ratio,female | DHIS,2022/23,117.8
MP,G Sibande DM: DC30,Maternal mortality in facility ratio,female | DHIS,2023/24,139.9
MP,G Sibande DM: DC30,Maternal mortality in facility ratio,female | DHIS,2024/25,114.9
MP,Nkangala DM: DC31,Maternal mortality in facility ratio,female | DHIS,2015/16,149.7
MP,Nkangala DM: DC31,Maternal mortality in facility ratio,female | DHIS,2016/17,137.6
MP,Nkangala DM: DC31,Maternal mortality in facility ratio,female | DHIS,2017/18,176.4
MP,Nkangala DM: DC31,Maternal mortality in facility ratio,female | DHIS,2018/19,109.3
MP,Nkangala DM: DC31,Maternal mortality in facility ratio,female | DHIS,2019/20,85.9
MP,Nkangala DM: DC31,Maternal mortality in facility ratio,female | DHIS,2020/21,146.1
MP,Nkangala DM: DC31,Maternal mortality in facility ratio,female | DHIS,2021/22,166.9
MP,Nkangala DM: DC31,Maternal mortality in facility ratio,female | DHIS,2022/23,133.3
MP,Nkangala DM: DC31,Maternal mortality in facility ratio,female | DHIS,2023/24,94.5
MP,Nkangala DM: DC31,Maternal mortality in facility ratio,female | DHIS,2024/25,128.7
NC,Frances Baard DM: DC9,Maternal mortality in facility ratio,female | DHIS,2015/16,117.4
NC,Frances Baard DM: DC9,Maternal mortality in facility ratio,female | DHIS,2016/17,140.5
NC,Frances Baard DM: DC9,Maternal mortality in facility ratio,female | DHIS,2017/18,93.7
NC,Frances Baard DM: DC9,Maternal mortality in facility ratio,female | DHIS,2018/19,44.8
NC,Frances Baard DM: DC9,Maternal mortality in facility ratio,female | DHIS,2019/20,172.8
NC,Frances Baard DM: DC9,Maternal mortality in facility ratio,female | DHIS,2020/21,112.0
NC,Frances Baard DM: DC9,Maternal mortality in facility ratio,female | DHIS,2021/22,185.1
NC,Frances Baard DM: DC9,Maternal mortality in facility ratio,female | DHIS,2022/23,105.0
NC,Frances Baard DM: DC9,Maternal mortality in facility ratio,female | DHIS,2023/24,207.0
NC,Frances Baard DM: DC9,Maternal mortality in facility ratio,female | DHIS,2024/25,117.8
NC,JT Gaetsewe DM: DC45,Maternal mortality in facility ratio,female | DHIS,2015/16,54.7
NC,JT Gaetsewe DM: DC45,Maternal mortality in facility ratio,female | DHIS,2016/17,59.0
NC,JT Gaetsewe DM: DC45,Maternal mortality in facility ratio,female | DHIS,2017/18,40.8
NC,JT Gaetsewe DM: DC45,Maternal mortality in facility ratio,female | DHIS,2018/19,73.2
NC,JT Gaetsewe DM: DC45,Maternal mortality in facility ratio,female | DHIS,2019/20,106.2
NC,JT Gaetsewe DM: DC45,Maternal mortality in facility ratio,female | DHIS,2020/21,88.1
NC,JT Gaetsewe DM: DC45,Maternal mortality in facility ratio,female | DHIS,2021/22,141.8
NC,JT Gaetsewe DM: DC45,Maternal mortality in facility ratio,female | DHIS,2022/23,69.0
NC,JT Gaetsewe DM: DC45,Maternal mortality in facility ratio,female | DHIS,2023/24,74.1
NC,JT Gaetsewe DM: DC45,Maternal mortality in facility ratio,female | DHIS,2024/25,40.1
NC,Namakwa DM: DC6,Maternal mortality in facility ratio,female | DHIS,2016/17,66.8
NC,Namakwa DM: DC6,Maternal mortality in facility ratio,female | DHIS,2018/19,62.7
NC,Namakwa DM: DC6,Maternal mortality in facility ratio,female | DHIS,2021/22,58.8
NC,Namakwa DM: DC6,Maternal mortality in facility ratio,female | DHIS,2022/23,0.0
NC,Namakwa DM: DC6,Maternal mortality in facility ratio,female | DHIS,2023/24,0.0
NC,Namakwa DM: DC6,Maternal mortality in facility ratio,female | DHIS,2024/25,65.1
NC,Pixley Ka Seme DM: DC7,Maternal mortality in facility ratio,female | DHIS,2015/16,131.3
NC,Pixley Ka Seme DM: DC7,Maternal mortality in facility ratio,female | DHIS,2016/17,66.6
NC,Pixley Ka Seme DM: DC7,Maternal mortality in facility ratio,female | DHIS,2017/18,31.1
NC,Pixley Ka Seme DM: DC7,Maternal mortality in facility ratio,female | DHIS,2018/19,94.5
NC,Pixley Ka Seme DM: DC7,Maternal mortality in facility ratio,female | DHIS,2020/21,29.2
NC,Pixley Ka Seme DM: DC7,Maternal mortality in facility ratio,female | DHIS,2021/22,29.0
NC,Pixley Ka Seme DM: DC7,Maternal mortality in facility ratio,female | DHIS,2022/23,33.7
NC,Pixley Ka Seme DM: DC7,Maternal mortality in facility ratio,female | DHIS,2023/24,66.0
NC,Pixley Ka Seme DM: DC7,Maternal mortality in facility ratio,female | DHIS,2024/25,72.1
NC,ZF Mgcawu DM: DC8,Maternal mortality in facility ratio,female | DHIS,2015/16,158.6
NC,ZF Mgcawu DM: DC8,Maternal mortality in facility ratio,female | DHIS,2016/17,46.6
NC,ZF Mgcawu DM: DC8,Maternal mortality in facility ratio,female | DHIS,2017/18,87.4
NC,ZF Mgcawu DM: DC8,Maternal mortality in facility ratio,female | DHIS,2018/19,106.5
NC,ZF Mgcawu DM: DC8,Maternal mortality in facility ratio,female | DHIS,2019/20,108.2
NC,ZF Mgcawu DM: DC8,Maternal mortality in facility ratio,female | DHIS,2020/21,78.4
NC,ZF Mgcawu DM: DC8,Maternal mortality in facility ratio,female | DHIS,2021/22,250.7
NC,ZF Mgcawu DM: DC8,Maternal mortality in facility ratio,female | DHIS,2022/23,99.2
NC,ZF Mgcawu DM: DC8,Maternal mortality in facility ratio,female | DHIS,2023/24,60.4
NC,ZF Mgcawu DM: DC8,Maternal mortality in facility ratio,female | DHIS,2024/25,115.2
NW,Bojanala Platinum DM: DC37,Maternal mortality in facility ratio,female | DHIS,2015/16,161.1
NW,Bojanala Platinum DM: DC37,Maternal mortality in facility ratio,female | DHIS,2016/17,70.2
NW,Bojanala Platinum DM: DC37,Maternal mortality in facility ratio,female | DHIS,2017/18,122.3
NW,Bojanala Platinum DM: DC37,Maternal mortality in facility ratio,female | DHIS,2018/19,81.2
NW,Bojanala Platinum DM: DC37,Maternal mortality in facility ratio,female | DHIS,2019/20,73.1
NW,Bojanala Platinum DM: DC37,Maternal mortality in facility ratio,female | DHIS,2020/21,118.3
NW,Bojanala Platinum DM: DC37,Maternal mortality in facility ratio,female | DHIS,2021/22,127.9
NW,Bojanala Platinum DM: DC37,Maternal mortality in facility ratio,female | DHIS,2022/23,81.3
NW,Bojanala Platinum DM: DC37,Maternal mortality in facility ratio,female | DHIS,2023/24,92.0
NW,Bojanala Platinum DM: DC37,Maternal mortality in facility ratio,female | DHIS,2024/25,57.2
NW,Dr K Kaunda DM: DC40,Maternal mortality in facility ratio,female | DHIS,2015/16,156.6
NW,Dr K Kaunda DM: DC40,Maternal mortality in facility ratio,female | DHIS,2016/17,150.2
NW,Dr K Kaunda DM: DC40,Maternal mortality in facility ratio,female | DHIS,2017/18,178.4
NW,Dr K Kaunda DM: DC40,Maternal mortality in facility ratio,female | DHIS,2018/19,226.1
NW,Dr K Kaunda DM: DC40,Maternal mortality in facility ratio,female | DHIS,2019/20,117.2
NW,Dr K Kaunda DM: DC40,Maternal mortality in facility ratio,female | DHIS,2020/21,196.2
NW,Dr K Kaunda DM: DC40,Maternal mortality in facility ratio,female | DHIS,2021/22,131.2
NW,Dr K Kaunda DM: DC40,Maternal mortality in facility ratio,female | DHIS,2022/23,181.9
NW,Dr K Kaunda DM: DC40,Maternal mortality in facility ratio,female | DHIS,2023/24,146.1
NW,Dr K Kaunda DM: DC40,Maternal mortality in facility ratio,female | DHIS,2024/25,57.8
NW,NM Molema DM: DC38,Maternal mortality in facility ratio,female | DHIS,2015/16,148.1
NW,NM Molema DM: DC38,Maternal mortality in facility ratio,female | DHIS,2016/17,205.2
NW,NM Molema DM: DC38,Maternal mortality in facility ratio,female | DHIS,2017/18,136.4
NW,NM Molema DM: DC38,Maternal mortality in facility ratio,female | DHIS,2018/19,189.3
NW,NM Molema DM: DC38,Maternal mortality in facility ratio,female | DHIS,2019/20,106.2
NW,NM Molema DM: DC38,Maternal mortality in facility ratio,female | DHIS,2020/21,102.4
NW,NM Molema DM: DC38,Maternal mortality in facility ratio,female | DHIS,2021/22,131.0
NW,NM Molema DM: DC38,Maternal mortality in facility ratio,female | DHIS,2022/23,156.4
NW,NM Molema DM: DC38,Maternal mortality in facility ratio,female | DHIS,2023/24,99.1
NW,NM Molema DM: DC38,Maternal mortality in facility ratio,female | DHIS,2024/25,109.3
NW,RS Mompati DM: DC39,Maternal mortality in facility ratio,female | DHIS,2015/16,71.1
NW,RS Mompati DM: DC39,Maternal mortality in facility ratio,female | DHIS,2016/17,115.1
NW,RS Mompati DM: DC39,Maternal mortality in facility ratio,female | DHIS,2017/18,55.3
NW,RS Mompati DM: DC39,Maternal mortality in facility ratio,female | DHIS,2018/19,58.2
NW,RS Mompati DM: DC39,Maternal mortality in facility ratio,female | DHIS,2019/20,54.9
NW,RS Mompati DM: DC39,Maternal mortality in facility ratio,female | DHIS,2020/21,88.2
NW,RS Mompati DM: DC39,Maternal mortality in facility ratio,female | DHIS,2021/22,130.9
NW,RS Mompati DM: DC39,Maternal mortality in facility ratio,female | DHIS,2022/23,47.5
NW,RS Mompati DM: DC39,Maternal mortality in facility ratio,female | DHIS,2023/24,118.2
NW,RS Mompati DM: DC39,Maternal mortality in facility ratio,female | DHIS,2024/25,117.2
WC,Cape Town MM: CPT,Maternal mortality in facility ratio,female | DHIS,2015/16,73.2
WC,Cape Town MM: CPT,Maternal mortality in facility ratio,female | DHIS,2016/17,57.8
WC,Cape Town MM: CPT,Maternal mortality in facility ratio,female | DHIS,2017/18,58.3
WC,Cape Town MM: CPT,Maternal mortality in facility ratio,female | DHIS,2018/19,65.6
WC,Cape Town MM: CPT,Maternal mortality in facility ratio,female | DHIS,2019/20,57.5
WC,Cape Town MM: CPT,Maternal mortality in facility ratio,female | DHIS,2020/21,82.7
WC,Cape Town MM: CPT,Maternal mortality in facility ratio,female | DHIS,2021/22,81.2
WC,Cape Town MM: CPT,Maternal mortality in facility ratio,female | DHIS,2022/23,75.1
WC,Cape Town MM: CPT,Maternal mortality in facility ratio,female | DHIS,2023/24,58.4
WC,Cape Town MM: CPT,Maternal mortality in facility ratio,female | DHIS,2024/25,58.8
WC,Cape Winelands DM: DC2,Maternal mortality in facility ratio,female | DHIS,2015/16,54.4
WC,Cape Winelands DM: DC2,Maternal mortality in facility ratio,female | DHIS,2016/17,77.7
WC,Cape Winelands DM: DC2,Maternal mortality in facility ratio,female | DHIS,2017/18,44.5
WC,Cape Winelands DM: DC2,Maternal mortality in facility ratio,female | DHIS,2018/19,79.4
WC,Cape Winelands DM: DC2,Maternal mortality in facility ratio,female | DHIS,2019/20,35.1
WC,Cape Winelands DM: DC2,Maternal mortality in facility ratio,female | DHIS,2020/21,97.6
WC,Cape Winelands DM: DC2,Maternal mortality in facility ratio,female | DHIS,2021/22,98.4
WC,Cape Winelands DM: DC2,Maternal mortality in facility ratio,female | DHIS,2022/23,44.2
WC,Cape Winelands DM: DC2,Maternal mortality in facility ratio,female | DHIS,2023/24,20.3
WC,Cape Winelands DM: DC2,Maternal mortality in facility ratio,female | DHIS,2024/25,33.9
WC,Central Karoo DM: DC5,Maternal mortality in facility ratio,female | DHIS,2017/18,96.8
WC,Central Karoo DM: DC5,Maternal mortality in facility ratio,female | DHIS,2018/19,188.0
WC,Central Karoo DM: DC5,Maternal mortality in facility ratio,female | DHIS,2020/21,181.7
WC,Central Karoo DM: DC5,Maternal mortality in facility ratio,female | DHIS,2021/22,96.0
WC,Central Karoo DM: DC5,Maternal mortality in facility ratio,female | DHIS,2022/23,102.6
WC,Central Karoo DM: DC5,Maternal mortality in facility ratio,female | DHIS,2023/24,0.0
WC,Central Karoo DM: DC5,Maternal mortality in facility ratio,female | DHIS,2024/25,214.4
WC,Garden Route DM: DC4,Maternal mortality in facility ratio,female | DHIS,2015/16,72.9
WC,Garden Route DM: DC4,Maternal mortality in facility ratio,female | DHIS,2016/17,32.0
WC,Garden Route DM: DC4,Maternal mortality in facility ratio,female | DHIS,2017/18,71.2
WC,Garden Route DM: DC4,Maternal mortality in facility ratio,female | DHIS,2018/19,48.6
WC,Garden Route DM: DC4,Maternal mortality in facility ratio,female | DHIS,2019/20,37.6
WC,Garden Route DM: DC4,Maternal mortality in facility ratio,female | DHIS,2020/21,112.8
WC,Garden Route DM: DC4,Maternal mortality in facility ratio,female | DHIS,2021/22,47.7
WC,Garden Route DM: DC4,Maternal mortality in facility ratio,female | DHIS,2022/23,61.2
WC,Garden Route DM: DC4,Maternal mortality in facility ratio,female | DHIS,2023/24,62.3
WC,Garden Route DM: DC4,Maternal mortality in facility ratio,female | DHIS,2024/25,41.4
WC,Overberg DM: DC3,Maternal mortality in facility ratio,female | DHIS,2016/17,89.3
WC,Overberg DM: DC3,Maternal mortality in facility ratio,female | DHIS,2017/18,27.1
WC,Overberg DM: DC3,Maternal mortality in facility ratio,female | DHIS,2018/19,49.3
WC,Overberg DM: DC3,Maternal mortality in facility ratio,female | DHIS,2020/21,19.9
WC,Overberg DM: DC3,Maternal mortality in facility ratio,female | DHIS,2021/22,0.0
WC,Overberg DM: DC3,Maternal mortality in facility ratio,female | DHIS,2022/23,0.0
WC,Overberg DM: DC3,Maternal mortality in facility ratio,female | DHIS,2023/24,45.8
WC,Overberg DM: DC3,Maternal mortality in facility ratio,female | DHIS,2024/25,68.8
WC,West Coast DM: DC1,Maternal mortality in facility ratio,female | DHIS,2015/16,71.3
WC,West Coast DM: DC1,Maternal mortality in facility ratio,female | DHIS,2016/17,38.9
WC,West Coast DM: DC1,Maternal mortality in facility ratio,female | DHIS,2017/18,23.4
WC,West Coast DM: DC1,Maternal mortality in facility ratio,female | DHIS,2018/19,67.2
WC,West Coast DM: DC1,Maternal mortality in facility ratio,female | DHIS,2020/21,37.4
WC,West Coast DM: DC1,Maternal mortality in facility ratio,female | DHIS,2021/22,49.1
WC,West Coast DM: DC1,Maternal mortality in facility ratio,female | DHIS,2022/23,17.5
WC,West Coast DM: DC1,Maternal mortality in facility ratio,female | DHIS,2023/24,0.0
WC,West Coast DM: DC1,Maternal mortality in facility ratio,female | DHIS,2024/25,39.2
EC,A Nzo DM: DC44,Provincial & LG PHC expenditure per capita,|BAS,2017/18 ,861.215
EC,A Nzo DM: DC44,Provincial & LG PHC expenditure per capita,|BAS,2018/19 ,918.568
EC,A Nzo DM: DC44,Provincial & LG PHC expenditure per capita,|BAS,2015/16 ,754.989
EC,A Nzo DM: DC44,Provincial & LG PHC expenditure per capita,|BAS,2019/20 ,970.994
EC,A Nzo DM: DC44,Provincial & LG PHC expenditure per capita,|BAS,2020/21 ,998.191
EC,A Nzo DM: DC44,Provincial & LG PHC expenditure per capita,|BAS,2022/23 ,907.585
EC,A Nzo DM: DC44,Provincial & LG PHC expenditure per capita,|BAS,2021/22 ,936.775
EC,A Nzo DM: DC44,Provincial & LG PHC expenditure per capita,|BAS,2023/24 ,938.208
EC,A Nzo DM: DC44,Provincial & LG PHC expenditure per capita,|BAS,2024/25,971.401
EC,Amathole DM: DC12,Provincial & LG PHC expenditure per capita,|BAS,2017/18 ,1343.388
EC,Amathole DM: DC12,Provincial & LG PHC expenditure per capita,|BAS,2018/19 ,1488.999
EC,Amathole DM: DC12,Provincial & LG PHC expenditure per capita,|BAS,2015/16 ,1080.357
EC,Amathole DM: DC12,Provincial & LG PHC expenditure per capita,|BAS,2019/20 ,1546.581
EC,Amathole DM: DC12,Provincial & LG PHC expenditure per capita,|BAS,2020/21 ,1513.079
EC,Amathole DM: DC12,Provincial & LG PHC expenditure per capita,|BAS,2022/23 ,1351.566
EC,Amathole DM: DC12,Provincial & LG PHC expenditure per capita,|BAS,2021/22 ,1446.45
EC,Amathole DM: DC12,Provincial & LG PHC expenditure per capita,|BAS,2023/24 ,1196.239
EC,Amathole DM: DC12,Provincial & LG PHC expenditure per capita,|BAS,2024/25,1410.065
EC,Buffalo City MM: BUF,Provincial & LG PHC expenditure per capita,|BAS,2017/18 ,1632.529
EC,Buffalo City MM: BUF,Provincial & LG PHC expenditure per capita,|BAS,2018/19 ,1704.148
EC,Buffalo City MM: BUF,Provincial & LG PHC expenditure per capita,|BAS,2015/16 ,1593.299
EC,Buffalo City MM: BUF,Provincial & LG PHC expenditure per capita,|BAS,2019/20 ,1757.498
EC,Buffalo City MM: BUF,Provincial & LG PHC expenditure per capita,|BAS,2020/21 ,1855.226
EC,Buffalo City MM: BUF,Provincial & LG PHC expenditure per capita,|BAS,2022/23 ,1660.796
EC,Buffalo City MM: BUF,Provincial & LG PHC expenditure per capita,|BAS,2021/22 ,1921.24
EC,Buffalo City MM: BUF,Provincial & LG PHC expenditure per capita,|BAS,2023/24 ,1563.149
EC,Buffalo City MM: BUF,Provincial & LG PHC expenditure per capita,|BAS,2024/25,1879.325
EC,C Hani DM: DC13,Provincial & LG PHC expenditure per capita,|BAS,2017/18 ,1587.138
EC,C Hani DM: DC13,Provincial & LG PHC expenditure per capita,|BAS,2018/19 ,1643.124
EC,C Hani DM: DC13,Provincial & LG PHC expenditure per capita,|BAS,2015/16 ,1254.286
EC,C Hani DM: DC13,Provincial & LG PHC expenditure per capita,|BAS,2019/20 ,1757.554
EC,C Hani DM: DC13,Provincial & LG PHC expenditure per capita,|BAS,2020/21 ,1751.167
EC,C Hani DM: DC13,Provincial & LG PHC expenditure per capita,|BAS,2022/23 ,1596.042
EC,C Hani DM: DC13,Provincial & LG PHC expenditure per capita,|BAS,2021/22 ,1732.117
EC,C Hani DM: DC13,Provincial & LG PHC expenditure per capita,|BAS,2023/24 ,1564.061
EC,C Hani DM: DC13,Provincial & LG PHC expenditure per capita,|BAS,2024/25,1611.456
EC,Joe Gqabi DM: DC14,Provincial & LG PHC expenditure per capita,|BAS,2017/18 ,1277.431
EC,Joe Gqabi DM: DC14,Provincial & LG PHC expenditure per capita,|BAS,2018/19 ,1294.608
EC,Joe Gqabi DM: DC14,Provincial & LG PHC expenditure per capita,|BAS,2015/16 ,1115.375
EC,Joe Gqabi DM: DC14,Provincial & LG PHC expenditure per capita,|BAS,2019/20 ,981.553
EC,Joe Gqabi DM: DC14,Provincial & LG PHC expenditure per capita,|BAS,2020/21 ,1457.488
EC,Joe Gqabi DM: DC14,Provincial & LG PHC expenditure per capita,|BAS,2022/23 ,1342.758
EC,Joe Gqabi DM: DC14,Provincial & LG PHC expenditure per capita,|BAS,2021/22 ,1403.052
EC,Joe Gqabi DM: DC14,Provincial & LG PHC expenditure per capita,|BAS,2023/24 ,1167.23
EC,Joe Gqabi DM: DC14,Provincial & LG PHC expenditure per capita,|BAS,2024/25,1351.016
EC,N Mandela Bay MM: NMA,Provincial & LG PHC expenditure per capita,|BAS,2017/18 ,1398.98
EC,N Mandela Bay MM: NMA,Provincial & LG PHC expenditure per capita,|BAS,2018/19 ,1433.221
EC,N Mandela Bay MM: NMA,Provincial & LG PHC expenditure per capita,|BAS,2015/16 ,1479.219
EC,N Mandela Bay MM: NMA,Provincial & LG PHC expenditure per capita,|BAS,2019/20 ,1474.575
EC,N Mandela Bay MM: NMA,Provincial & LG PHC expenditure per capita,|BAS,2020/21 ,1655.462
EC,N Mandela Bay MM: NMA,Provincial & LG PHC expenditure per capita,|BAS,2022/23 ,1495.328
EC,N Mandela Bay MM: NMA,Provincial & LG PHC expenditure per capita,|BAS,2021/22 ,1615.262
EC,N Mandela Bay MM: NMA,Provincial & LG PHC expenditure per capita,|BAS,2023/24 ,1557.768
EC,N Mandela Bay MM: NMA,Provincial & LG PHC expenditure per capita,|BAS,2024/25,1419.702
EC,OR Tambo DM: DC15,Provincial & LG PHC expenditure per capita,|BAS,2017/18 ,1150.42
EC,OR Tambo DM: DC15,Provincial & LG PHC expenditure per capita,|BAS,2018/19 ,1171.106
EC,OR Tambo DM: DC15,Provincial & LG PHC expenditure per capita,|BAS,2015/16 ,1005.312
EC,OR Tambo DM: DC15,Provincial & LG PHC expenditure per capita,|BAS,2019/20 ,1236.266
EC,OR Tambo DM: DC15,Provincial & LG PHC expenditure per capita,|BAS,2020/21 ,1422.367
EC,OR Tambo DM: DC15,Provincial & LG PHC expenditure per capita,|BAS,2022/23 ,1305.883
EC,OR Tambo DM: DC15,Provincial & LG PHC expenditure per capita,|BAS,2021/22 ,1332.514
EC,OR Tambo DM: DC15,Provincial & LG PHC expenditure per capita,|BAS,2023/24 ,1238.849
EC,OR Tambo DM: DC15,Provincial & LG PHC expenditure per capita,|BAS,2024/25,1336.56
EC,Sarah Baartman DM: DC10,Provincial & LG PHC expenditure per capita,|BAS,2017/18 ,1769.229
EC,Sarah Baartman DM: DC10,Provincial & LG PHC expenditure per capita,|BAS,2018/19 ,1738.431
EC,Sarah Baartman DM: DC10,Provincial & LG PHC expenditure per capita,|BAS,2015/16 ,1570.454
EC,Sarah Baartman DM: DC10,Provincial & LG PHC expenditure per capita,|BAS,2019/20 ,1847.135
EC,Sarah Baartman DM: DC10,Provincial & LG PHC expenditure per capita,|BAS,2020/21 ,2118.825
EC,Sarah Baartman DM: DC10,Provincial & LG PHC expenditure per capita,|BAS,2022/23 ,1881.531
EC,Sarah Baartman DM: DC10,Provincial & LG PHC expenditure per capita,|BAS,2021/22 ,1910.065
EC,Sarah Baartman DM: DC10,Provincial & LG PHC expenditure per capita,|BAS,2023/24 ,1916.449
EC,Sarah Baartman DM: DC10,Provincial & LG PHC expenditure per capita,|BAS,2024/25,1243.077
FS,Fezile Dabi DM: DC20,Provincial & LG PHC expenditure per capita,|BAS,2017/18 ,1391.526
FS,Fezile Dabi DM: DC20,Provincial & LG PHC expenditure per capita,|BAS,2018/19 ,1423.263
FS,Fezile Dabi DM: DC20,Provincial & LG PHC expenditure per capita,|BAS,2015/16 ,1338.201
FS,Fezile Dabi DM: DC20,Provincial & LG PHC expenditure per capita,|BAS,2019/20 ,1421.346
FS,Fezile Dabi DM: DC20,Provincial & LG PHC expenditure per capita,|BAS,2020/21 ,1790.83
FS,Fezile Dabi DM: DC20,Provincial & LG PHC expenditure per capita,|BAS,2022/23 ,1668.95
FS,Fezile Dabi DM: DC20,Provincial & LG PHC expenditure per capita,|BAS,2021/22 ,1716.038
FS,Fezile Dabi DM: DC20,Provincial & LG PHC expenditure per capita,|BAS,2023/24 ,1523.679
FS,Fezile Dabi DM: DC20,Provincial & LG PHC expenditure per capita,|BAS,2024/25,1223.36
FS,Lejweleputswa DM: DC18,Provincial & LG PHC expenditure per capita,|BAS,2017/18 ,1298.969
FS,Lejweleputswa DM: DC18,Provincial & LG PHC expenditure per capita,|BAS,2018/19 ,1354.753
FS,Lejweleputswa DM: DC18,Provincial & LG PHC expenditure per capita,|BAS,2015/16 ,1274.218
FS,Lejweleputswa DM: DC18,Provincial & LG PHC expenditure per capita,|BAS,2019/20 ,1417.131
FS,Lejweleputswa DM: DC18,Provincial & LG PHC expenditure per capita,|BAS,2020/21 ,1800.661
FS,Lejweleputswa DM: DC18,Provincial & LG PHC expenditure per capita,|BAS,2022/23 ,1630.728
FS,Lejweleputswa DM: DC18,Provincial & LG PHC expenditure per capita,|BAS,2021/22 ,1696.923
FS,Lejweleputswa DM: DC18,Provincial & LG PHC expenditure per capita,|BAS,2023/24 ,1423.1
FS,Lejweleputswa DM: DC18,Provincial & LG PHC expenditure per capita,|BAS,2024/25,1597.723
FS,Mangaung MM: MAN,Provincial & LG PHC expenditure per capita,|BAS,2017/18 ,1511.542
FS,Mangaung MM: MAN,Provincial & LG PHC expenditure per capita,|BAS,2018/19 ,1547.301
FS,Mangaung MM: MAN,Provincial & LG PHC expenditure per capita,|BAS,2015/16 ,1502.875
FS,Mangaung MM: MAN,Provincial & LG PHC expenditure per capita,|BAS,2019/20 ,1531.938
FS,Mangaung MM: MAN,Provincial & LG PHC expenditure per capita,|BAS,2020/21 ,1989.811
FS,Mangaung MM: MAN,Provincial & LG PHC expenditure per capita,|BAS,2022/23 ,1778.21
FS,Mangaung MM: MAN,Provincial & LG PHC expenditure per capita,|BAS,2021/22 ,1914.901
FS,Mangaung MM: MAN,Provincial & LG PHC expenditure per capita,|BAS,2023/24 ,1625.514
FS,Mangaung MM: MAN,Provincial & LG PHC expenditure per capita,|BAS,2024/25,1510.96
FS,T Mofutsanyana DM: DC19,Provincial & LG PHC expenditure per capita,|BAS,2017/18 ,1373.128
FS,T Mofutsanyana DM: DC19,Provincial & LG PHC expenditure per capita,|BAS,2018/19 ,1377.315
FS,T Mofutsanyana DM: DC19,Provincial & LG PHC expenditure per capita,|BAS,2015/16 ,1337.18
FS,T Mofutsanyana DM: DC19,Provincial & LG PHC expenditure per capita,|BAS,2019/20 ,1374.296
FS,T Mofutsanyana DM: DC19,Provincial & LG PHC expenditure per capita,|BAS,2020/21 ,1729.188
FS,T Mofutsanyana DM: DC19,Provincial & LG PHC expenditure per capita,|BAS,2022/23 ,1622.734
FS,T Mofutsanyana DM: DC19,Provincial & LG PHC expenditure per capita,|BAS,2021/22 ,1670.837
FS,T Mofutsanyana DM: DC19,Provincial & LG PHC expenditure per capita,|BAS,2023/24 ,1443.943
FS,T Mofutsanyana DM: DC19,Provincial & LG PHC expenditure per capita,|BAS,2024/25,1777.25
FS,Xhariep DM: DC16,Provincial & LG PHC expenditure per capita,|BAS,2017/18 ,2142.02
FS,Xhariep DM: DC16,Provincial & LG PHC expenditure per capita,|BAS,2018/19 ,2243.581
FS,Xhariep DM: DC16,Provincial & LG PHC expenditure per capita,|BAS,2015/16 ,2206.735
FS,Xhariep DM: DC16,Provincial & LG PHC expenditure per capita,|BAS,2019/20 ,2286.502
FS,Xhariep DM: DC16,Provincial & LG PHC expenditure per capita,|BAS,2020/21 ,2602.934
FS,Xhariep DM: DC16,Provincial & LG PHC expenditure per capita,|BAS,2022/23 ,2380.175
FS,Xhariep DM: DC16,Provincial & LG PHC expenditure per capita,|BAS,2021/22 ,2519.184
FS,Xhariep DM: DC16,Provincial & LG PHC expenditure per capita,|BAS,2023/24 ,2300.979
FS,Xhariep DM: DC16,Provincial & LG PHC expenditure per capita,|BAS,2024/25,1983.875
GP,City of Ekurhuleni MM: EKU,Provincial & LG PHC expenditure per capita,|BAS,2017/18 ,1857.723
GP,City of Ekurhuleni MM: EKU,Provincial & LG PHC expenditure per capita,|BAS,2018/19 ,1769.572
GP,City of Ekurhuleni MM: EKU,Provincial & LG PHC expenditure per capita,|BAS,2015/16 ,1686.28
GP,City of Ekurhuleni MM: EKU,Provincial & LG PHC expenditure per capita,|BAS,2019/20 ,1778.732
GP,City of Ekurhuleni MM: EKU,Provincial & LG PHC expenditure per capita,|BAS,2020/21 ,1851.853
GP,City of Ekurhuleni MM: EKU,Provincial & LG PHC expenditure per capita,|BAS,2022/23 ,1503.987
GP,City of Ekurhuleni MM: EKU,Provincial & LG PHC expenditure per capita,|BAS,2021/22 ,1589.419
GP,City of Ekurhuleni MM: EKU,Provincial & LG PHC expenditure per capita,|BAS,2023/24 ,1449.159
GP,City of Ekurhuleni MM: EKU,Provincial & LG PHC expenditure per capita,|BAS,2024/25,1419.759
GP,Johannesburg MM: JHB,Provincial & LG PHC expenditure per capita,|BAS,2017/18 ,1369.332
GP,Johannesburg MM: JHB,Provincial & LG PHC expenditure per capita,|BAS,2018/19 ,1419.322
GP,Johannesburg MM: JHB,Provincial & LG PHC expenditure per capita,|BAS,2015/16 ,1329.292
GP,Johannesburg MM: JHB,Provincial & LG PHC expenditure per capita,|BAS,2019/20 ,1427.997
GP,Johannesburg MM: JHB,Provincial & LG PHC expenditure per capita,|BAS,2020/21 ,1508.98
GP,Johannesburg MM: JHB,Provincial & LG PHC expenditure per capita,|BAS,2022/23 ,1349.793
GP,Johannesburg MM: JHB,Provincial & LG PHC expenditure per capita,|BAS,2021/22 ,1419.673
GP,Johannesburg MM: JHB,Provincial & LG PHC expenditure per capita,|BAS,2023/24 ,1253.783
GP,Johannesburg MM: JHB,Provincial & LG PHC expenditure per capita,|BAS,2024/25,1382.522
GP,Sedibeng DM: DC42,Provincial & LG PHC expenditure per capita,|BAS,2017/18 ,1827.67
GP,Sedibeng DM: DC42,Provincial & LG PHC expenditure per capita,|BAS,2018/19 ,1956.543
GP,Sedibeng DM: DC42,Provincial & LG PHC expenditure per capita,|BAS,2015/16 ,1888.625
GP,Sedibeng DM: DC42,Provincial & LG PHC expenditure per capita,|BAS,2019/20 ,1921.152
GP,Sedibeng DM: DC42,Provincial & LG PHC expenditure per capita,|BAS,2020/21 ,2053.896
GP,Sedibeng DM: DC42,Provincial & LG PHC expenditure per capita,|BAS,2022/23 ,1951.318
GP,Sedibeng DM: DC42,Provincial & LG PHC expenditure per capita,|BAS,2021/22 ,2058.627
GP,Sedibeng DM: DC42,Provincial & LG PHC expenditure per capita,|BAS,2023/24 ,1773.017
GP,Sedibeng DM: DC42,Provincial & LG PHC expenditure per capita,|BAS,2024/25,2210.184
GP,Tshwane MM: TSH,Provincial & LG PHC expenditure per capita,|BAS,2017/18 ,1567.852
GP,Tshwane MM: TSH,Provincial & LG PHC expenditure per capita,|BAS,2018/19 ,1615.3
GP,Tshwane MM: TSH,Provincial & LG PHC expenditure per capita,|BAS,2015/16 ,1482.696
GP,Tshwane MM: TSH,Provincial & LG PHC expenditure per capita,|BAS,2019/20 ,1742.057
GP,Tshwane MM: TSH,Provincial & LG PHC expenditure per capita,|BAS,2020/21 ,1893.594
GP,Tshwane MM: TSH,Provincial & LG PHC expenditure per capita,|BAS,2022/23 ,1597.037
GP,Tshwane MM: TSH,Provincial & LG PHC expenditure per capita,|BAS,2021/22 ,1775.683
GP,Tshwane MM: TSH,Provincial & LG PHC expenditure per capita,|BAS,2023/24 ,1619.089
GP,Tshwane MM: TSH,Provincial & LG PHC expenditure per capita,|BAS,2024/25,1554.164
GP,West Rand DM: DC48,Provincial & LG PHC expenditure per capita,|BAS,2017/18 ,1846.411
GP,West Rand DM: DC48,Provincial & LG PHC expenditure per capita,|BAS,2018/19 ,1803.502
GP,West Rand DM: DC48,Provincial & LG PHC expenditure per capita,|BAS,2015/16 ,1607.369
GP,West Rand DM: DC48,Provincial & LG PHC expenditure per capita,|BAS,2019/20 ,1751.223
GP,West Rand DM: DC48,Provincial & LG PHC expenditure per capita,|BAS,2020/21 ,1629.162
GP,West Rand DM: DC48,Provincial & LG PHC expenditure per capita,|BAS,2022/23 ,1644.45
GP,West Rand DM: DC48,Provincial & LG PHC expenditure per capita,|BAS,2021/22 ,1722.85
GP,West Rand DM: DC48,Provincial & LG PHC expenditure per capita,|BAS,2023/24 ,1686.554
GP,West Rand DM: DC48,Provincial & LG PHC expenditure per capita,|BAS,2024/25,1976.302
KZ,Amajuba DM: DC25,Provincial & LG PHC expenditure per capita,|BAS,2017/18 ,1419.815
KZ,Amajuba DM: DC25,Provincial & LG PHC expenditure per capita,|BAS,2018/19 ,1539.999
KZ,Amajuba DM: DC25,Provincial & LG PHC expenditure per capita,|BAS,2015/16 ,1228.902
KZ,Amajuba DM: DC25,Provincial & LG PHC expenditure per capita,|BAS,2019/20 ,1502.459
KZ,Amajuba DM: DC25,Provincial & LG PHC expenditure per capita,|BAS,2020/21 ,1576.708
KZ,Amajuba DM: DC25,Provincial & LG PHC expenditure per capita,|BAS,2022/23 ,1675.852
KZ,Amajuba DM: DC25,Provincial & LG PHC expenditure per capita,|BAS,2021/22 ,1843.444
KZ,Amajuba DM: DC25,Provincial & LG PHC expenditure per capita,|BAS,2023/24 ,1514.379
KZ,Amajuba DM: DC25,Provincial & LG PHC expenditure per capita,|BAS,2024/25,1402.566
KZ,eThekwini MM: ETH,Provincial & LG PHC expenditure per capita,|BAS,2017/18 ,1554.72
KZ,eThekwini MM: ETH,Provincial & LG PHC expenditure per capita,|BAS,2018/19 ,1638.063
KZ,eThekwini MM: ETH,Provincial & LG PHC expenditure per capita,|BAS,2015/16 ,1451.073
KZ,eThekwini MM: ETH,Provincial & LG PHC expenditure per capita,|BAS,2019/20 ,1689.138
KZ,eThekwini MM: ETH,Provincial & LG PHC expenditure per capita,|BAS,2020/21 ,1898.612
KZ,eThekwini MM: ETH,Provincial & LG PHC expenditure per capita,|BAS,2022/23 ,1739.192
KZ,eThekwini MM: ETH,Provincial & LG PHC expenditure per capita,|BAS,2021/22 ,1933.726
KZ,eThekwini MM: ETH,Provincial & LG PHC expenditure per capita,|BAS,2023/24 ,1427.995
KZ,eThekwini MM: ETH,Provincial & LG PHC expenditure per capita,|BAS,2024/25,1312.235
KZ,Harry Gwala DM: DC43,Provincial & LG PHC expenditure per capita,|BAS,2017/18 ,1841.171
KZ,Harry Gwala DM: DC43,Provincial & LG PHC expenditure per capita,|BAS,2018/19 ,1883.358
KZ,Harry Gwala DM: DC43,Provincial & LG PHC expenditure per capita,|BAS,2015/16 ,1713.098
KZ,Harry Gwala DM: DC43,Provincial & LG PHC expenditure per capita,|BAS,2019/20 ,1940.007
KZ,Harry Gwala DM: DC43,Provincial & LG PHC expenditure per capita,|BAS,2020/21 ,2008.703
KZ,Harry Gwala DM: DC43,Provincial & LG PHC expenditure per capita,|BAS,2022/23 ,1958.823
KZ,Harry Gwala DM: DC43,Provincial & LG PHC expenditure per capita,|BAS,2021/22 ,2150.721
KZ,Harry Gwala DM: DC43,Provincial & LG PHC expenditure per capita,|BAS,2023/24 ,1865.846
KZ,Harry Gwala DM: DC43,Provincial & LG PHC expenditure per capita,|BAS,2024/25,1868.466
KZ,iLembe DM: DC29,Provincial & LG PHC expenditure per capita,|BAS,2017/18 ,1685.503
KZ,iLembe DM: DC29,Provincial & LG PHC expenditure per capita,|BAS,2018/19 ,1769.122
KZ,iLembe DM: DC29,Provincial & LG PHC expenditure per capita,|BAS,2015/16 ,1577.723
KZ,iLembe DM: DC29,Provincial & LG PHC expenditure per capita,|BAS,2019/20 ,1803.374
KZ,iLembe DM: DC29,Provincial & LG PHC expenditure per capita,|BAS,2020/21 ,2046.415
KZ,iLembe DM: DC29,Provincial & LG PHC expenditure per capita,|BAS,2022/23 ,1942.516
KZ,iLembe DM: DC29,Provincial & LG PHC expenditure per capita,|BAS,2021/22 ,2163.023
KZ,iLembe DM: DC29,Provincial & LG PHC expenditure per capita,|BAS,2023/24 ,1729.903
KZ,iLembe DM: DC29,Provincial & LG PHC expenditure per capita,|BAS,2024/25,1560.818
KZ,King Cetshwayo DM: DC28,Provincial & LG PHC expenditure per capita,|BAS,2017/18 ,1659.058
KZ,King Cetshwayo DM: DC28,Provincial & LG PHC expenditure per capita,|BAS,2018/19 ,1763.271
KZ,King Cetshwayo DM: DC28,Provincial & LG PHC expenditure per capita,|BAS,2015/16 ,1541.942
KZ,King Cetshwayo DM: DC28,Provincial & LG PHC expenditure per capita,|BAS,2019/20 ,1807.244
KZ,King Cetshwayo DM: DC28,Provincial & LG PHC expenditure per capita,|BAS,2020/21 ,2054.383
KZ,King Cetshwayo DM: DC28,Provincial & LG PHC expenditure per capita,|BAS,2022/23 ,1914.667
KZ,King Cetshwayo DM: DC28,Provincial & LG PHC expenditure per capita,|BAS,2021/22 ,2147.134
KZ,King Cetshwayo DM: DC28,Provincial & LG PHC expenditure per capita,|BAS,2023/24 ,1732.801
KZ,King Cetshwayo DM: DC28,Provincial & LG PHC expenditure per capita,|BAS,2024/25,1673.432
KZ,Ugu DM: DC21,Provincial & LG PHC expenditure per capita,|BAS,2017/18 ,2055.776
KZ,Ugu DM: DC21,Provincial & LG PHC expenditure per capita,|BAS,2018/19 ,2065.856
KZ,Ugu DM: DC21,Provincial & LG PHC expenditure per capita,|BAS,2015/16 ,1938.668
KZ,Ugu DM: DC21,Provincial & LG PHC expenditure per capita,|BAS,2019/20 ,2121.016
KZ,Ugu DM: DC21,Provincial & LG PHC expenditure per capita,|BAS,2020/21 ,1913.09
KZ,Ugu DM: DC21,Provincial & LG PHC expenditure per capita,|BAS,2022/23 ,2231.751
KZ,Ugu DM: DC21,Provincial & LG PHC expenditure per capita,|BAS,2021/22 ,2367.62
KZ,Ugu DM: DC21,Provincial & LG PHC expenditure per capita,|BAS,2023/24 ,1975.806
KZ,Ugu DM: DC21,Provincial & LG PHC expenditure per capita,|BAS,2024/25,1915.227
KZ,uMgungundlovu DM: DC22,Provincial & LG PHC expenditure per capita,|BAS,2017/18 ,1738.399
KZ,uMgungundlovu DM: DC22,Provincial & LG PHC expenditure per capita,|BAS,2018/19 ,1764.7
KZ,uMgungundlovu DM: DC22,Provincial & LG PHC expenditure per capita,|BAS,2015/16 ,1516.725
KZ,uMgungundlovu DM: DC22,Provincial & LG PHC expenditure per capita,|BAS,2019/20 ,1802.659
KZ,uMgungundlovu DM: DC22,Provincial & LG PHC expenditure per capita,|BAS,2020/21 ,2013.097
KZ,uMgungundlovu DM: DC22,Provincial & LG PHC expenditure per capita,|BAS,2022/23 ,1963.95
KZ,uMgungundlovu DM: DC22,Provincial & LG PHC expenditure per capita,|BAS,2021/22 ,2097.368
KZ,uMgungundlovu DM: DC22,Provincial & LG PHC expenditure per capita,|BAS,2023/24 ,1652.504
KZ,uMgungundlovu DM: DC22,Provincial & LG PHC expenditure per capita,|BAS,2024/25,1559.264
KZ,uMkhanyakude DM: DC27,Provincial & LG PHC expenditure per capita,|BAS,2017/18 ,2030.64
KZ,uMkhanyakude DM: DC27,Provincial & LG PHC expenditure per capita,|BAS,2018/19 ,2184.629
KZ,uMkhanyakude DM: DC27,Provincial & LG PHC expenditure per capita,|BAS,2015/16 ,1883.827
KZ,uMkhanyakude DM: DC27,Provincial & LG PHC expenditure per capita,|BAS,2019/20 ,2229.259
KZ,uMkhanyakude DM: DC27,Provincial & LG PHC expenditure per capita,|BAS,2020/21 ,2380.965
KZ,uMkhanyakude DM: DC27,Provincial & LG PHC expenditure per capita,|BAS,2022/23 ,2300.079
KZ,uMkhanyakude DM: DC27,Provincial & LG PHC expenditure per capita,|BAS,2021/22 ,2484.046
KZ,uMkhanyakude DM: DC27,Provincial & LG PHC expenditure per capita,|BAS,2023/24 ,2118.493
KZ,uMkhanyakude DM: DC27,Provincial & LG PHC expenditure per capita,|BAS,2024/25,2001.325
KZ,uMzinyathi DM: DC24,Provincial & LG PHC expenditure per capita,|BAS,2017/18 ,1925.204
KZ,uMzinyathi DM: DC24,Provincial & LG PHC expenditure per capita,|BAS,2018/19 ,2169.749
KZ,uMzinyathi DM: DC24,Provincial & LG PHC expenditure per capita,|BAS,2015/16 ,1618.499
KZ,uMzinyathi DM: DC24,Provincial & LG PHC expenditure per capita,|BAS,2019/20 ,2007.117
KZ,uMzinyathi DM: DC24,Provincial & LG PHC expenditure per capita,|BAS,2020/21 ,2123.827
KZ,uMzinyathi DM: DC24,Provincial & LG PHC expenditure per capita,|BAS,2022/23 ,2071.46
KZ,uMzinyathi DM: DC24,Provincial & LG PHC expenditure per capita,|BAS,2021/22 ,2298.587
KZ,uMzinyathi DM: DC24,Provincial & LG PHC expenditure per capita,|BAS,2023/24 ,1770.248
KZ,uMzinyathi DM: DC24,Provincial & LG PHC expenditure per capita,|BAS,2024/25,1673.302
KZ,uThukela DM: DC23,Provincial & LG PHC expenditure per capita,|BAS,2017/18 ,1571.834
KZ,uThukela DM: DC23,Provincial & LG PHC expenditure per capita,|BAS,2018/19 ,1668.473
KZ,uThukela DM: DC23,Provincial & LG PHC expenditure per capita,|BAS,2015/16 ,1506.917
KZ,uThukela DM: DC23,Provincial & LG PHC expenditure per capita,|BAS,2019/20 ,1700.57
KZ,uThukela DM: DC23,Provincial & LG PHC expenditure per capita,|BAS,2020/21 ,1896.031
KZ,uThukela DM: DC23,Provincial & LG PHC expenditure per capita,|BAS,2022/23 ,1777.915
KZ,uThukela DM: DC23,Provincial & LG PHC expenditure per capita,|BAS,2021/22 ,1994.055
KZ,uThukela DM: DC23,Provincial & LG PHC expenditure per capita,|BAS,2023/24 ,1625.479
KZ,uThukela DM: DC23,Provincial & LG PHC expenditure per capita,|BAS,2024/25,1484.409
KZ,Zululand DM: DC26,Provincial & LG PHC expenditure per capita,|BAS,2017/18 ,1599.957
KZ,Zululand DM: DC26,Provincial & LG PHC expenditure per capita,|BAS,2018/19 ,1726.075
KZ,Zululand DM: DC26,Provincial & LG PHC expenditure per capita,|BAS,2015/16 ,1535.821
KZ,Zululand DM: DC26,Provincial & LG PHC expenditure per capita,|BAS,2019/20 ,1824.9
KZ,Zululand DM: DC26,Provincial & LG PHC expenditure per capita,|BAS,2020/21 ,1926.969
KZ,Zululand DM: DC26,Provincial & LG PHC expenditure per capita,|BAS,2022/23 ,1861.626
KZ,Zululand DM: DC26,Provincial & LG PHC expenditure per capita,|BAS,2021/22 ,2001.176
KZ,Zululand DM: DC26,Provincial & LG PHC expenditure per capita,|BAS,2023/24 ,1737.984
KZ,Zululand DM: DC26,Provincial & LG PHC expenditure per capita,|BAS,2024/25,1725.498
LP,Capricorn DM: DC35,Provincial & LG PHC expenditure per capita,|BAS,2017/18 ,1200.447
LP,Capricorn DM: DC35,Provincial & LG PHC expenditure per capita,|BAS,2018/19 ,1265.29
LP,Capricorn DM: DC35,Provincial & LG PHC expenditure per capita,|BAS,2015/16 ,1138.595
LP,Capricorn DM: DC35,Provincial & LG PHC expenditure per capita,|BAS,2019/20 ,1281.842
LP,Capricorn DM: DC35,Provincial & LG PHC expenditure per capita,|BAS,2020/21 ,1314.907
LP,Capricorn DM: DC35,Provincial & LG PHC expenditure per capita,|BAS,2022/23 ,1469.654
LP,Capricorn DM: DC35,Provincial & LG PHC expenditure per capita,|BAS,2021/22 ,1329.021
LP,Capricorn DM: DC35,Provincial & LG PHC expenditure per capita,|BAS,2023/24 ,1707.16
LP,Capricorn DM: DC35,Provincial & LG PHC expenditure per capita,|BAS,2024/25,1547.619
LP,Mopani DM: DC33,Provincial & LG PHC expenditure per capita,|BAS,2017/18 ,1403.092
LP,Mopani DM: DC33,Provincial & LG PHC expenditure per capita,|BAS,2018/19 ,1473.74
LP,Mopani DM: DC33,Provincial & LG PHC expenditure per capita,|BAS,2015/16 ,1232.851
LP,Mopani DM: DC33,Provincial & LG PHC expenditure per capita,|BAS,2019/20 ,1501.618
LP,Mopani DM: DC33,Provincial & LG PHC expenditure per capita,|BAS,2020/21 ,1543.591
LP,Mopani DM: DC33,Provincial & LG PHC expenditure per capita,|BAS,2022/23 ,1505.889
LP,Mopani DM: DC33,Provincial & LG PHC expenditure per capita,|BAS,2021/22 ,1489.477
LP,Mopani DM: DC33,Provincial & LG PHC expenditure per capita,|BAS,2023/24 ,1387.228
LP,Mopani DM: DC33,Provincial & LG PHC expenditure per capita,|BAS,2024/25,1460.844
LP,Sekhukhune DM: DC47,Provincial & LG PHC expenditure per capita,|BAS,2017/18 ,1129.231
LP,Sekhukhune DM: DC47,Provincial & LG PHC expenditure per capita,|BAS,2018/19 ,1195.838
LP,Sekhukhune DM: DC47,Provincial & LG PHC expenditure per capita,|BAS,2015/16 ,1036.586
LP,Sekhukhune DM: DC47,Provincial & LG PHC expenditure per capita,|BAS,2019/20 ,1254.439
LP,Sekhukhune DM: DC47,Provincial & LG PHC expenditure per capita,|BAS,2020/21 ,1292.253
LP,Sekhukhune DM: DC47,Provincial & LG PHC expenditure per capita,|BAS,2022/23 ,1319.845
LP,Sekhukhune DM: DC47,Provincial & LG PHC expenditure per capita,|BAS,2021/22 ,1270.581
LP,Sekhukhune DM: DC47,Provincial & LG PHC expenditure per capita,|BAS,2023/24 ,1089.354
LP,Sekhukhune DM: DC47,Provincial & LG PHC expenditure per capita,|BAS,2024/25,1197.421
LP,Vhembe DM: DC34,Provincial & LG PHC expenditure per capita,|BAS,2017/18 ,1465.418
LP,Vhembe DM: DC34,Provincial & LG PHC expenditure per capita,|BAS,2018/19 ,1563.668
LP,Vhembe DM: DC34,Provincial & LG PHC expenditure per capita,|BAS,2015/16 ,1355.613
LP,Vhembe DM: DC34,Provincial & LG PHC expenditure per capita,|BAS,2019/20 ,1547.309
LP,Vhembe DM: DC34,Provincial & LG PHC expenditure per capita,|BAS,2020/21 ,1563.514
LP,Vhembe DM: DC34,Provincial & LG PHC expenditure per capita,|BAS,2022/23 ,1455.92
LP,Vhembe DM: DC34,Provincial & LG PHC expenditure per capita,|BAS,2021/22 ,1490.595
LP,Vhembe DM: DC34,Provincial & LG PHC expenditure per capita,|BAS,2023/24 ,1084.156
LP,Vhembe DM: DC34,Provincial & LG PHC expenditure per capita,|BAS,2024/25,1285.781
LP,Waterberg DM: DC36,Provincial & LG PHC expenditure per capita,|BAS,2017/18 ,1313.804
LP,Waterberg DM: DC36,Provincial & LG PHC expenditure per capita,|BAS,2018/19 ,1474.458
LP,Waterberg DM: DC36,Provincial & LG PHC expenditure per capita,|BAS,2015/16 ,1201.731
LP,Waterberg DM: DC36,Provincial & LG PHC expenditure per capita,|BAS,2019/20 ,1510.61
LP,Waterberg DM: DC36,Provincial & LG PHC expenditure per capita,|BAS,2020/21 ,1448.519
LP,Waterberg DM: DC36,Provincial & LG PHC expenditure per capita,|BAS,2022/23 ,1544.212
LP,Waterberg DM: DC36,Provincial & LG PHC expenditure per capita,|BAS,2021/22 ,1513.728
LP,Waterberg DM: DC36,Provincial & LG PHC expenditure per capita,|BAS,2023/24 ,1330.163
LP,Waterberg DM: DC36,Provincial & LG PHC expenditure per capita,|BAS,2024/25,1417.788
MP,Ehlanzeni DM: DC32,Provincial & LG PHC expenditure per capita,|BAS,2017/18 ,1412.37
MP,Ehlanzeni DM: DC32,Provincial & LG PHC expenditure per capita,|BAS,2018/19 ,1501.617
MP,Ehlanzeni DM: DC32,Provincial & LG PHC expenditure per capita,|BAS,2015/16 ,1273.537
MP,Ehlanzeni DM: DC32,Provincial & LG PHC expenditure per capita,|BAS,2019/20 ,1626.076
MP,Ehlanzeni DM: DC32,Provincial & LG PHC expenditure per capita,|BAS,2020/21 ,1575.715
MP,Ehlanzeni DM: DC32,Provincial & LG PHC expenditure per capita,|BAS,2022/23 ,1519.06
MP,Ehlanzeni DM: DC32,Provincial & LG PHC expenditure per capita,|BAS,2021/22 ,1606.23
MP,Ehlanzeni DM: DC32,Provincial & LG PHC expenditure per capita,|BAS,2023/24 ,1463.048
MP,Ehlanzeni DM: DC32,Provincial & LG PHC expenditure per capita,|BAS,2024/25,1507.552
MP,G Sibande DM: DC30,Provincial & LG PHC expenditure per capita,|BAS,2017/18 ,1271.246
MP,G Sibande DM: DC30,Provincial & LG PHC expenditure per capita,|BAS,2018/19 ,1359.649
MP,G Sibande DM: DC30,Provincial & LG PHC expenditure per capita,|BAS,2015/16 ,1143.778
MP,G Sibande DM: DC30,Provincial & LG PHC expenditure per capita,|BAS,2019/20 ,1456.374
MP,G Sibande DM: DC30,Provincial & LG PHC expenditure per capita,|BAS,2020/21 ,1437.688
MP,G Sibande DM: DC30,Provincial & LG PHC expenditure per capita,|BAS,2022/23 ,1356.127
MP,G Sibande DM: DC30,Provincial & LG PHC expenditure per capita,|BAS,2021/22 ,1459.506
MP,G Sibande DM: DC30,Provincial & LG PHC expenditure per capita,|BAS,2023/24 ,1304.281
MP,G Sibande DM: DC30,Provincial & LG PHC expenditure per capita,|BAS,2024/25,1335.118
MP,Nkangala DM: DC31,Provincial & LG PHC expenditure per capita,|BAS,2017/18 ,1104.917
MP,Nkangala DM: DC31,Provincial & LG PHC expenditure per capita,|BAS,2018/19 ,1197.235
MP,Nkangala DM: DC31,Provincial & LG PHC expenditure per capita,|BAS,2015/16 ,968.93
MP,Nkangala DM: DC31,Provincial & LG PHC expenditure per capita,|BAS,2019/20 ,1270.937
MP,Nkangala DM: DC31,Provincial & LG PHC expenditure per capita,|BAS,2020/21 ,1258.466
MP,Nkangala DM: DC31,Provincial & LG PHC expenditure per capita,|BAS,2022/23 ,1217.134
MP,Nkangala DM: DC31,Provincial & LG PHC expenditure per capita,|BAS,2021/22 ,1300.247
MP,Nkangala DM: DC31,Provincial & LG PHC expenditure per capita,|BAS,2023/24 ,1186.784
MP,Nkangala DM: DC31,Provincial & LG PHC expenditure per capita,|BAS,2024/25,1189.901
NC,Frances Baard DM: DC9,Provincial & LG PHC expenditure per capita,|BAS,2017/18 ,1690.264
NC,Frances Baard DM: DC9,Provincial & LG PHC expenditure per capita,|BAS,2018/19 ,1854.173
NC,Frances Baard DM: DC9,Provincial & LG PHC expenditure per capita,|BAS,2015/16 ,1520.408
NC,Frances Baard DM: DC9,Provincial & LG PHC expenditure per capita,|BAS,2019/20 ,2065.034
NC,Frances Baard DM: DC9,Provincial & LG PHC expenditure per capita,|BAS,2020/21 ,1970.842
NC,Frances Baard DM: DC9,Provincial & LG PHC expenditure per capita,|BAS,2022/23 ,1970.101
NC,Frances Baard DM: DC9,Provincial & LG PHC expenditure per capita,|BAS,2021/22 ,2042.393
NC,Frances Baard DM: DC9,Provincial & LG PHC expenditure per capita,|BAS,2023/24 ,1553.249
NC,Frances Baard DM: DC9,Provincial & LG PHC expenditure per capita,|BAS,2024/25,1776.429
NC,JT Gaetsewe DM: DC45,Provincial & LG PHC expenditure per capita,|BAS,2017/18 ,1400.206
NC,JT Gaetsewe DM: DC45,Provincial & LG PHC expenditure per capita,|BAS,2018/19 ,1463.644
NC,JT Gaetsewe DM: DC45,Provincial & LG PHC expenditure per capita,|BAS,2015/16 ,1262.359
NC,JT Gaetsewe DM: DC45,Provincial & LG PHC expenditure per capita,|BAS,2019/20 ,1367.38
NC,JT Gaetsewe DM: DC45,Provincial & LG PHC expenditure per capita,|BAS,2020/21 ,1416.196
NC,JT Gaetsewe DM: DC45,Provincial & LG PHC expenditure per capita,|BAS,2022/23 ,1207.393
NC,JT Gaetsewe DM: DC45,Provincial & LG PHC expenditure per capita,|BAS,2021/22 ,1447.318
NC,JT Gaetsewe DM: DC45,Provincial & LG PHC expenditure per capita,|BAS,2023/24 ,1399.645
NC,JT Gaetsewe DM: DC45,Provincial & LG PHC expenditure per capita,|BAS,2024/25,1479.922
NC,Namakwa DM: DC6,Provincial & LG PHC expenditure per capita,|BAS,2017/18 ,2502.208
NC,Namakwa DM: DC6,Provincial & LG PHC expenditure per capita,|BAS,2018/19 ,2417.569
NC,Namakwa DM: DC6,Provincial & LG PHC expenditure per capita,|BAS,2015/16 ,2423.943
NC,Namakwa DM: DC6,Provincial & LG PHC expenditure per capita,|BAS,2019/20 ,2351.501
NC,Namakwa DM: DC6,Provincial & LG PHC expenditure per capita,|BAS,2020/21 ,2485.339
NC,Namakwa DM: DC6,Provincial & LG PHC expenditure per capita,|BAS,2022/23 ,2254.648
NC,Namakwa DM: DC6,Provincial & LG PHC expenditure per capita,|BAS,2021/22 ,2396.037
NC,Namakwa DM: DC6,Provincial & LG PHC expenditure per capita,|BAS,2023/24 ,2443.557
NC,Namakwa DM: DC6,Provincial & LG PHC expenditure per capita,|BAS,2024/25,2103.09
NC,Pixley Ka Seme DM: DC7,Provincial & LG PHC expenditure per capita,|BAS,2017/18 ,1952.133
NC,Pixley Ka Seme DM: DC7,Provincial & LG PHC expenditure per capita,|BAS,2018/19 ,1958.163
NC,Pixley Ka Seme DM: DC7,Provincial & LG PHC expenditure per capita,|BAS,2015/16 ,1821.783
NC,Pixley Ka Seme DM: DC7,Provincial & LG PHC expenditure per capita,|BAS,2019/20 ,2028.575
NC,Pixley Ka Seme DM: DC7,Provincial & LG PHC expenditure per capita,|BAS,2020/21 ,1932.362
NC,Pixley Ka Seme DM: DC7,Provincial & LG PHC expenditure per capita,|BAS,2022/23 ,2000.021
NC,Pixley Ka Seme DM: DC7,Provincial & LG PHC expenditure per capita,|BAS,2021/22 ,2075.88
NC,Pixley Ka Seme DM: DC7,Provincial & LG PHC expenditure per capita,|BAS,2023/24 ,2209.812
NC,Pixley Ka Seme DM: DC7,Provincial & LG PHC expenditure per capita,|BAS,2024/25,2199.761
NC,ZF Mgcawu DM: DC8,Provincial & LG PHC expenditure per capita,|BAS,2017/18 ,1158.544
NC,ZF Mgcawu DM: DC8,Provincial & LG PHC expenditure per capita,|BAS,2018/19 ,1218.294
NC,ZF Mgcawu DM: DC8,Provincial & LG PHC expenditure per capita,|BAS,2015/16 ,1222.823
NC,ZF Mgcawu DM: DC8,Provincial & LG PHC expenditure per capita,|BAS,2019/20 ,1174.731
NC,ZF Mgcawu DM: DC8,Provincial & LG PHC expenditure per capita,|BAS,2020/21 ,1229.46
NC,ZF Mgcawu DM: DC8,Provincial & LG PHC expenditure per capita,|BAS,2022/23 ,1180.246
NC,ZF Mgcawu DM: DC8,Provincial & LG PHC expenditure per capita,|BAS,2021/22 ,1317.274
NC,ZF Mgcawu DM: DC8,Provincial & LG PHC expenditure per capita,|BAS,2023/24 ,1202.866
NC,ZF Mgcawu DM: DC8,Provincial & LG PHC expenditure per capita,|BAS,2024/25,1090.341
NW,Bojanala Platinum DM: DC37,Provincial & LG PHC expenditure per capita,|BAS,2017/18 ,1437.352
NW,Bojanala Platinum DM: DC37,Provincial & LG PHC expenditure per capita,|BAS,2018/19 ,1487.017
NW,Bojanala Platinum DM: DC37,Provincial & LG PHC expenditure per capita,|BAS,2015/16 ,1354.235
NW,Bojanala Platinum DM: DC37,Provincial & LG PHC expenditure per capita,|BAS,2019/20 ,1554.96
NW,Bojanala Platinum DM: DC37,Provincial & LG PHC expenditure per capita,|BAS,2020/21 ,1454.5
NW,Bojanala Platinum DM: DC37,Provincial & LG PHC expenditure per capita,|BAS,2022/23 ,1469.892
NW,Bojanala Platinum DM: DC37,Provincial & LG PHC expenditure per capita,|BAS,2021/22 ,1536.977
NW,Bojanala Platinum DM: DC37,Provincial & LG PHC expenditure per capita,|BAS,2023/24 ,1350.981
NW,Bojanala Platinum DM: DC37,Provincial & LG PHC expenditure per capita,|BAS,2024/25,1455.473
NW,Dr K Kaunda DM: DC40,Provincial & LG PHC expenditure per capita,|BAS,2017/18 ,1516.312
NW,Dr K Kaunda DM: DC40,Provincial & LG PHC expenditure per capita,|BAS,2018/19 ,1609.216
NW,Dr K Kaunda DM: DC40,Provincial & LG PHC expenditure per capita,|BAS,2015/16 ,1503.5
NW,Dr K Kaunda DM: DC40,Provincial & LG PHC expenditure per capita,|BAS,2019/20 ,1619.982
NW,Dr K Kaunda DM: DC40,Provincial & LG PHC expenditure per capita,|BAS,2020/21 ,1511.772
NW,Dr K Kaunda DM: DC40,Provincial & LG PHC expenditure per capita,|BAS,2022/23 ,1496.619
NW,Dr K Kaunda DM: DC40,Provincial & LG PHC expenditure per capita,|BAS,2021/22 ,1532.017
NW,Dr K Kaunda DM: DC40,Provincial & LG PHC expenditure per capita,|BAS,2023/24 ,1431.517
NW,Dr K Kaunda DM: DC40,Provincial & LG PHC expenditure per capita,|BAS,2024/25,1439.39
NW,NM Molema DM: DC38,Provincial & LG PHC expenditure per capita,|BAS,2017/18 ,1792.703
NW,NM Molema DM: DC38,Provincial & LG PHC expenditure per capita,|BAS,2018/19 ,1803.082
NW,NM Molema DM: DC38,Provincial & LG PHC expenditure per capita,|BAS,2015/16 ,1722.782
NW,NM Molema DM: DC38,Provincial & LG PHC expenditure per capita,|BAS,2019/20 ,1833.964
NW,NM Molema DM: DC38,Provincial & LG PHC expenditure per capita,|BAS,2020/21 ,1768.222
NW,NM Molema DM: DC38,Provincial & LG PHC expenditure per capita,|BAS,2022/23 ,1686.706
NW,NM Molema DM: DC38,Provincial & LG PHC expenditure per capita,|BAS,2021/22 ,1725.042
NW,NM Molema DM: DC38,Provincial & LG PHC expenditure per capita,|BAS,2023/24 ,1649.0
NW,NM Molema DM: DC38,Provincial & LG PHC expenditure per capita,|BAS,2024/25,1389.889
NW,RS Mompati DM: DC39,Provincial & LG PHC expenditure per capita,|BAS,2017/18 ,1951.103
NW,RS Mompati DM: DC39,Provincial & LG PHC expenditure per capita,|BAS,2018/19 ,2038.025
NW,RS Mompati DM: DC39,Provincial & LG PHC expenditure per capita,|BAS,2015/16 ,1843.667
NW,RS Mompati DM: DC39,Provincial & LG PHC expenditure per capita,|BAS,2020/21 ,1981.716
NW,RS Mompati DM: DC39,Provincial & LG PHC expenditure per capita,|BAS,2022/23 ,2088.073
NW,RS Mompati DM: DC39,Provincial & LG PHC expenditure per capita,|BAS,2021/22 ,2031.592
NW,RS Mompati DM: DC39,Provincial & LG PHC expenditure per capita,|BAS,2023/24 ,1964.348
NW,RS Mompati DM: DC39,Provincial & LG PHC expenditure per capita,|BAS,2024/25,2168.966
WC,Cape Town MM: CPT,Provincial & LG PHC expenditure per capita,|BAS,2017/18 ,1719.387
WC,Cape Town MM: CPT,Provincial & LG PHC expenditure per capita,|BAS,2018/19 ,1705.581
WC,Cape Town MM: CPT,Provincial & LG PHC expenditure per capita,|BAS,2015/16 ,1594.1
WC,Cape Town MM: CPT,Provincial & LG PHC expenditure per capita,|BAS,2019/20 ,1780.024
WC,Cape Town MM: CPT,Provincial & LG PHC expenditure per capita,|BAS,2020/21 ,1904.094
WC,Cape Town MM: CPT,Provincial & LG PHC expenditure per capita,|BAS,2022/23 ,1719.516
WC,Cape Town MM: CPT,Provincial & LG PHC expenditure per capita,|BAS,2021/22 ,1836.643
WC,Cape Town MM: CPT,Provincial & LG PHC expenditure per capita,|BAS,2023/24 ,1585.713
WC,Cape Town MM: CPT,Provincial & LG PHC expenditure per capita,|BAS,2024/25,1503.772
WC,Cape Winelands DM: DC2,Provincial & LG PHC expenditure per capita,|BAS,2017/18 ,1152.793
WC,Cape Winelands DM: DC2,Provincial & LG PHC expenditure per capita,|BAS,2018/19 ,1199.811
WC,Cape Winelands DM: DC2,Provincial & LG PHC expenditure per capita,|BAS,2015/16 ,1157.155
WC,Cape Winelands DM: DC2,Provincial & LG PHC expenditure per capita,|BAS,2019/20 ,1262.42
WC,Cape Winelands DM: DC2,Provincial & LG PHC expenditure per capita,|BAS,2020/21 ,1394.111
WC,Cape Winelands DM: DC2,Provincial & LG PHC expenditure per capita,|BAS,2022/23 ,1204.008
WC,Cape Winelands DM: DC2,Provincial & LG PHC expenditure per capita,|BAS,2021/22 ,1240.8
WC,Cape Winelands DM: DC2,Provincial & LG PHC expenditure per capita,|BAS,2023/24 ,1183.915
WC,Cape Winelands DM: DC2,Provincial & LG PHC expenditure per capita,|BAS,2024/25,1371.194
WC,Central Karoo DM: DC5,Provincial & LG PHC expenditure per capita,|BAS,2017/18 ,2459.614
WC,Central Karoo DM: DC5,Provincial & LG PHC expenditure per capita,|BAS,2018/19 ,2462.868
WC,Central Karoo DM: DC5,Provincial & LG PHC expenditure per capita,|BAS,2015/16 ,2301.955
WC,Central Karoo DM: DC5,Provincial & LG PHC expenditure per capita,|BAS,2019/20 ,2482.131
WC,Central Karoo DM: DC5,Provincial & LG PHC expenditure per capita,|BAS,2020/21 ,2501.674
WC,Central Karoo DM: DC5,Provincial & LG PHC expenditure per capita,|BAS,2022/23 ,2386.106
WC,Central Karoo DM: DC5,Provincial & LG PHC expenditure per capita,|BAS,2021/22 ,2476.304
WC,Central Karoo DM: DC5,Provincial & LG PHC expenditure per capita,|BAS,2023/24 ,2445.864
WC,Central Karoo DM: DC5,Provincial & LG PHC expenditure per capita,|BAS,2024/25,2032.725
WC,Garden Route DM: DC4,Provincial & LG PHC expenditure per capita,|BAS,2017/18 ,1535.252
WC,Garden Route DM: DC4,Provincial & LG PHC expenditure per capita,|BAS,2018/19 ,1545.296
WC,Garden Route DM: DC4,Provincial & LG PHC expenditure per capita,|BAS,2015/16 ,1528.566
WC,Garden Route DM: DC4,Provincial & LG PHC expenditure per capita,|BAS,2019/20 ,1672.165
WC,Garden Route DM: DC4,Provincial & LG PHC expenditure per capita,|BAS,2020/21 ,1753.62
WC,Garden Route DM: DC4,Provincial & LG PHC expenditure per capita,|BAS,2022/23 ,1586.868
WC,Garden Route DM: DC4,Provincial & LG PHC expenditure per capita,|BAS,2021/22 ,1650.792
WC,Garden Route DM: DC4,Provincial & LG PHC expenditure per capita,|BAS,2023/24 ,1572.564
WC,Garden Route DM: DC4,Provincial & LG PHC expenditure per capita,|BAS,2024/25,1564.53
WC,Overberg DM: DC3,Provincial & LG PHC expenditure per capita,|BAS,2017/18 ,1636.212
WC,Overberg DM: DC3,Provincial & LG PHC expenditure per capita,|BAS,2018/19 ,1651.571
WC,Overberg DM: DC3,Provincial & LG PHC expenditure per capita,|BAS,2015/16 ,1488.635
WC,Overberg DM: DC3,Provincial & LG PHC expenditure per capita,|BAS,2019/20 ,1781.854
WC,Overberg DM: DC3,Provincial & LG PHC expenditure per capita,|BAS,2020/21 ,1894.08
WC,Overberg DM: DC3,Provincial & LG PHC expenditure per capita,|BAS,2022/23 ,1747.958
WC,Overberg DM: DC3,Provincial & LG PHC expenditure per capita,|BAS,2021/22 ,1799.084
WC,Overberg DM: DC3,Provincial & LG PHC expenditure per capita,|BAS,2023/24 ,1730.684
WC,Overberg DM: DC3,Provincial & LG PHC expenditure per capita,|BAS,2024/25,1760.828
WC,West Coast DM: DC1,Provincial & LG PHC expenditure per capita,|BAS,2017/18 ,1323.2
WC,West Coast DM: DC1,Provincial & LG PHC expenditure per capita,|BAS,2018/19 ,1331.566
WC,West Coast DM: DC1,Provincial & LG PHC expenditure per capita,|BAS,2015/16 ,1229.296
WC,West Coast DM: DC1,Provincial & LG PHC expenditure per capita,|BAS,2019/20 ,1412.899
WC,West Coast DM: DC1,Provincial & LG PHC expenditure per capita,|BAS,2020/21 ,1483.98
WC,West Coast DM: DC1,Provincial & LG PHC expenditure per capita,|BAS,2022/23 ,1346.529
WC,West Coast DM: DC1,Provincial & LG PHC expenditure per capita,|BAS,2021/22 ,1389.842
WC,West Coast DM: DC1,Provincial & LG PHC expenditure per capita,|BAS,2023/24 ,1298.98
WC,West Coast DM: DC1,Provincial & LG PHC expenditure per capita,|BAS,2024/25,1396.152
EC,A Nzo DM: DC44,TB child under 5 start on treatment,,2019/20,7.2
EC,A Nzo DM: DC44,TB child under 5 start on treatment,,2020/21,77.8
EC,A Nzo DM: DC44,TB child under 5 start on treatment,,2021/22,85.0
EC,A Nzo DM: DC44,TB child under 5 start on treatment,,2022/23,108.3
EC,A Nzo DM: DC44,TB child under 5 start on treatment,,2023/24,102.0
EC,A Nzo DM: DC44,TB child under 5 start on treatment,,2024/25,98.3
EC,Amathole DM: DC12,TB child under 5 start on treatment,,2019/20,14.7
EC,Amathole DM: DC12,TB child under 5 start on treatment,,2020/21,41.9
EC,Amathole DM: DC12,TB child under 5 start on treatment,,2021/22,103.3
EC,Amathole DM: DC12,TB child under 5 start on treatment,,2022/23,102.4
EC,Amathole DM: DC12,TB child under 5 start on treatment,,2023/24,84.7
EC,Amathole DM: DC12,TB child under 5 start on treatment,,2024/25,96.6
EC,Buffalo City MM: BUF,TB child under 5 start on treatment,,2019/20,9.4
EC,Buffalo City MM: BUF,TB child under 5 start on treatment,,2020/21,105.4
EC,Buffalo City MM: BUF,TB child under 5 start on treatment,,2021/22,94.8
EC,Buffalo City MM: BUF,TB child under 5 start on treatment,,2022/23,95.4
EC,Buffalo City MM: BUF,TB child under 5 start on treatment,,2023/24,93.3
EC,Buffalo City MM: BUF,TB child under 5 start on treatment,,2024/25,95.1
EC,C Hani DM: DC13,TB child under 5 start on treatment,,2019/20,5.9
EC,C Hani DM: DC13,TB child under 5 start on treatment,,2020/21,117.3
EC,C Hani DM: DC13,TB child under 5 start on treatment,,2021/22,119.7
EC,C Hani DM: DC13,TB child under 5 start on treatment,,2022/23,77.2
EC,C Hani DM: DC13,TB child under 5 start on treatment,,2023/24,70.2
EC,C Hani DM: DC13,TB child under 5 start on treatment,,2024/25,88.6
EC,Joe Gqabi DM: DC14,TB child under 5 start on treatment,,2019/20,5.8
EC,Joe Gqabi DM: DC14,TB child under 5 start on treatment,,2020/21,127.3
EC,Joe Gqabi DM: DC14,TB child under 5 start on treatment,,2021/22,106.4
EC,Joe Gqabi DM: DC14,TB child under 5 start on treatment,,2022/23,90.2
EC,Joe Gqabi DM: DC14,TB child under 5 start on treatment,,2023/24,102.9
EC,Joe Gqabi DM: DC14,TB child under 5 start on treatment,,2024/25,100.0
EC,N Mandela Bay MM: NMA,TB child under 5 start on treatment,,2019/20,13.8
EC,N Mandela Bay MM: NMA,TB child under 5 start on treatment,,2020/21,121.1
EC,N Mandela Bay MM: NMA,TB child under 5 start on treatment,,2021/22,101.2
EC,N Mandela Bay MM: NMA,TB child under 5 start on treatment,,2022/23,105.2
EC,N Mandela Bay MM: NMA,TB child under 5 start on treatment,,2023/24,92.7
EC,N Mandela Bay MM: NMA,TB child under 5 start on treatment,,2024/25,83.5
EC,OR Tambo DM: DC15,TB child under 5 start on treatment,,2019/20,9.9
EC,OR Tambo DM: DC15,TB child under 5 start on treatment,,2020/21,100.0
EC,OR Tambo DM: DC15,TB child under 5 start on treatment,,2021/22,57.8
EC,OR Tambo DM: DC15,TB child under 5 start on treatment,,2022/23,98.9
EC,OR Tambo DM: DC15,TB child under 5 start on treatment,,2023/24,75.2
EC,OR Tambo DM: DC15,TB child under 5 start on treatment,,2024/25,84.0
EC,Sarah Baartman DM: DC10,TB child under 5 start on treatment,,2019/20,9.0
EC,Sarah Baartman DM: DC10,TB child under 5 start on treatment,,2020/21,122.3
EC,Sarah Baartman DM: DC10,TB child under 5 start on treatment,,2021/22,81.1
EC,Sarah Baartman DM: DC10,TB child under 5 start on treatment,,2022/23,98.7
EC,Sarah Baartman DM: DC10,TB child under 5 start on treatment,,2023/24,79.2
EC,Sarah Baartman DM: DC10,TB child under 5 start on treatment,,2024/25,92.1
FS,Fezile Dabi DM: DC20,TB child under 5 start on treatment,,2019/20,3.4
FS,Fezile Dabi DM: DC20,TB child under 5 start on treatment,,2020/21,109.1
FS,Fezile Dabi DM: DC20,TB child under 5 start on treatment,,2021/22,96.3
FS,Fezile Dabi DM: DC20,TB child under 5 start on treatment,,2022/23,94.2
FS,Fezile Dabi DM: DC20,TB child under 5 start on treatment,,2023/24,97.3
FS,Fezile Dabi DM: DC20,TB child under 5 start on treatment,,2024/25,98.3
FS,Lejweleputswa DM: DC18,TB child under 5 start on treatment,,2019/20,2.3
FS,Lejweleputswa DM: DC18,TB child under 5 start on treatment,,2020/21,100.0
FS,Lejweleputswa DM: DC18,TB child under 5 start on treatment,,2021/22,97.7
FS,Lejweleputswa DM: DC18,TB child under 5 start on treatment,,2022/23,88.1
FS,Lejweleputswa DM: DC18,TB child under 5 start on treatment,,2023/24,82.6
FS,Lejweleputswa DM: DC18,TB child under 5 start on treatment,,2024/25,100.0
FS,Mangaung MM: MAN,TB child under 5 start on treatment,,2019/20,9.4
FS,Mangaung MM: MAN,TB child under 5 start on treatment,,2020/21,101.7
FS,Mangaung MM: MAN,TB child under 5 start on treatment,,2021/22,49.8
FS,Mangaung MM: MAN,TB child under 5 start on treatment,,2022/23,80.1
FS,Mangaung MM: MAN,TB child under 5 start on treatment,,2023/24,96.1
FS,Mangaung MM: MAN,TB child under 5 start on treatment,,2024/25,94.0
FS,T Mofutsanyana DM: DC19,TB child under 5 start on treatment,,2019/20,4.2
FS,T Mofutsanyana DM: DC19,TB child under 5 start on treatment,,2020/21,125.0
FS,T Mofutsanyana DM: DC19,TB child under 5 start on treatment,,2021/22,94.1
FS,T Mofutsanyana DM: DC19,TB child under 5 start on treatment,,2022/23,116.0
FS,T Mofutsanyana DM: DC19,TB child under 5 start on treatment,,2023/24,88.5
FS,T Mofutsanyana DM: DC19,TB child under 5 start on treatment,,2024/25,88.5
FS,Xhariep DM: DC16,TB child under 5 start on treatment,,2019/20,15.9
FS,Xhariep DM: DC16,TB child under 5 start on treatment,,2020/21,95.2
FS,Xhariep DM: DC16,TB child under 5 start on treatment,,2021/22,93.8
FS,Xhariep DM: DC16,TB child under 5 start on treatment,,2022/23,97.0
FS,Xhariep DM: DC16,TB child under 5 start on treatment,,2023/24,86.4
FS,Xhariep DM: DC16,TB child under 5 start on treatment,,2024/25,97.5
GP,City of Ekurhuleni MM: EKU,TB child under 5 start on treatment,,2019/20,8.3
GP,City of Ekurhuleni MM: EKU,TB child under 5 start on treatment,,2020/21,57.5
GP,City of Ekurhuleni MM: EKU,TB child under 5 start on treatment,,2021/22,99.7
GP,City of Ekurhuleni MM: EKU,TB child under 5 start on treatment,,2022/23,94.6
GP,City of Ekurhuleni MM: EKU,TB child under 5 start on treatment,,2023/24,72.0
GP,City of Ekurhuleni MM: EKU,TB child under 5 start on treatment,,2024/25,91.4
GP,Johannesburg MM: JHB,TB child under 5 start on treatment,,2019/20,21.5
GP,Johannesburg MM: JHB,TB child under 5 start on treatment,,2020/21,108.8
GP,Johannesburg MM: JHB,TB child under 5 start on treatment,,2021/22,101.3
GP,Johannesburg MM: JHB,TB child under 5 start on treatment,,2022/23,99.8
GP,Johannesburg MM: JHB,TB child under 5 start on treatment,,2023/24,87.4
GP,Johannesburg MM: JHB,TB child under 5 start on treatment,,2024/25,99.5
GP,Sedibeng DM: DC42,TB child under 5 start on treatment,,2019/20,12.0
GP,Sedibeng DM: DC42,TB child under 5 start on treatment,,2020/21,117.6
GP,Sedibeng DM: DC42,TB child under 5 start on treatment,,2021/22,97.5
GP,Sedibeng DM: DC42,TB child under 5 start on treatment,,2022/23,99.2
GP,Sedibeng DM: DC42,TB child under 5 start on treatment,,2023/24,94.4
GP,Sedibeng DM: DC42,TB child under 5 start on treatment,,2024/25,92.6
GP,Tshwane MM: TSH,TB child under 5 start on treatment,,2019/20,16.0
GP,Tshwane MM: TSH,TB child under 5 start on treatment,,2020/21,83.3
GP,Tshwane MM: TSH,TB child under 5 start on treatment,,2021/22,94.5
GP,Tshwane MM: TSH,TB child under 5 start on treatment,,2022/23,96.7
GP,Tshwane MM: TSH,TB child under 5 start on treatment,,2023/24,93.5
GP,Tshwane MM: TSH,TB child under 5 start on treatment,,2024/25,80.2
GP,West Rand DM: DC48,TB child under 5 start on treatment,,2019/20,8.9
GP,West Rand DM: DC48,TB child under 5 start on treatment,,2020/21,100.0
GP,West Rand DM: DC48,TB child under 5 start on treatment,,2021/22,91.2
GP,West Rand DM: DC48,TB child under 5 start on treatment,,2022/23,99.1
GP,West Rand DM: DC48,TB child under 5 start on treatment,,2023/24,99.0
GP,West Rand DM: DC48,TB child under 5 start on treatment,,2024/25,100.0
KZ,Amajuba DM: DC25,TB child under 5 start on treatment,,2019/20,11.6
KZ,Amajuba DM: DC25,TB child under 5 start on treatment,,2020/21,85.6
KZ,Amajuba DM: DC25,TB child under 5 start on treatment,,2021/22,97.6
KZ,Amajuba DM: DC25,TB child under 5 start on treatment,,2022/23,94.5
KZ,Amajuba DM: DC25,TB child under 5 start on treatment,,2023/24,70.9
KZ,Amajuba DM: DC25,TB child under 5 start on treatment,,2024/25,77.1
KZ,eThekwini MM: ETH,TB child under 5 start on treatment,,2019/20,10.1
KZ,eThekwini MM: ETH,TB child under 5 start on treatment,,2020/21,82.5
KZ,eThekwini MM: ETH,TB child under 5 start on treatment,,2021/22,110.1
KZ,eThekwini MM: ETH,TB child under 5 start on treatment,,2022/23,100.0
KZ,eThekwini MM: ETH,TB child under 5 start on treatment,,2023/24,56.1
KZ,eThekwini MM: ETH,TB child under 5 start on treatment,,2024/25,84.0
KZ,Harry Gwala DM: DC43,TB child under 5 start on treatment,,2019/20,2.8
KZ,Harry Gwala DM: DC43,TB child under 5 start on treatment,,2020/21,100.0
KZ,Harry Gwala DM: DC43,TB child under 5 start on treatment,,2021/22,101.9
KZ,Harry Gwala DM: DC43,TB child under 5 start on treatment,,2022/23,98.8
KZ,Harry Gwala DM: DC43,TB child under 5 start on treatment,,2023/24,68.8
KZ,Harry Gwala DM: DC43,TB child under 5 start on treatment,,2024/25,72.9
KZ,iLembe DM: DC29,TB child under 5 start on treatment,,2019/20,23.3
KZ,iLembe DM: DC29,TB child under 5 start on treatment,,2020/21,83.6
KZ,iLembe DM: DC29,TB child under 5 start on treatment,,2021/22,104.4
KZ,iLembe DM: DC29,TB child under 5 start on treatment,,2022/23,96.8
KZ,iLembe DM: DC29,TB child under 5 start on treatment,,2023/24,30.0
KZ,iLembe DM: DC29,TB child under 5 start on treatment,,2024/25,34.7
KZ,King Cetshwayo DM: DC28,TB child under 5 start on treatment,,2019/20,38.0
KZ,King Cetshwayo DM: DC28,TB child under 5 start on treatment,,2020/21,104.8
KZ,King Cetshwayo DM: DC28,TB child under 5 start on treatment,,2021/22,96.0
KZ,King Cetshwayo DM: DC28,TB child under 5 start on treatment,,2022/23,97.1
KZ,King Cetshwayo DM: DC28,TB child under 5 start on treatment,,2023/24,82.0
KZ,King Cetshwayo DM: DC28,TB child under 5 start on treatment,,2024/25,108.5
KZ,Ugu DM: DC21,TB child under 5 start on treatment,,2019/20,7.5
KZ,Ugu DM: DC21,TB child under 5 start on treatment,,2020/21,97.3
KZ,Ugu DM: DC21,TB child under 5 start on treatment,,2021/22,94.7
KZ,Ugu DM: DC21,TB child under 5 start on treatment,,2022/23,106.0
KZ,Ugu DM: DC21,TB child under 5 start on treatment,,2023/24,65.1
KZ,Ugu DM: DC21,TB child under 5 start on treatment,,2024/25,61.1
KZ,uMgungundlovu DM: DC22,TB child under 5 start on treatment,,2019/20,1.8
KZ,uMgungundlovu DM: DC22,TB child under 5 start on treatment,,2020/21,91.8
KZ,uMgungundlovu DM: DC22,TB child under 5 start on treatment,,2021/22,100.9
KZ,uMgungundlovu DM: DC22,TB child under 5 start on treatment,,2022/23,106.1
KZ,uMgungundlovu DM: DC22,TB child under 5 start on treatment,,2023/24,76.6
KZ,uMgungundlovu DM: DC22,TB child under 5 start on treatment,,2024/25,79.0
KZ,uMkhanyakude DM: DC27,TB child under 5 start on treatment,,2019/20,33.8
KZ,uMkhanyakude DM: DC27,TB child under 5 start on treatment,,2020/21,168.4
KZ,uMkhanyakude DM: DC27,TB child under 5 start on treatment,,2021/22,89.1
KZ,uMkhanyakude DM: DC27,TB child under 5 start on treatment,,2022/23,100.0
KZ,uMkhanyakude DM: DC27,TB child under 5 start on treatment,,2023/24,66.0
KZ,uMkhanyakude DM: DC27,TB child under 5 start on treatment,,2024/25,65.6
KZ,uMzinyathi DM: DC24,TB child under 5 start on treatment,,2019/20,0.88
KZ,uMzinyathi DM: DC24,TB child under 5 start on treatment,,2020/21,125.0
KZ,uMzinyathi DM: DC24,TB child under 5 start on treatment,,2021/22,100.0
KZ,uMzinyathi DM: DC24,TB child under 5 start on treatment,,2022/23,97.7
KZ,uMzinyathi DM: DC24,TB child under 5 start on treatment,,2023/24,56.6
KZ,uMzinyathi DM: DC24,TB child under 5 start on treatment,,2024/25,68.8
KZ,uThukela DM: DC23,TB child under 5 start on treatment,,2019/20,2.2
KZ,uThukela DM: DC23,TB child under 5 start on treatment,,2020/21,66.7
KZ,uThukela DM: DC23,TB child under 5 start on treatment,,2021/22,79.5
KZ,uThukela DM: DC23,TB child under 5 start on treatment,,2022/23,83.7
KZ,uThukela DM: DC23,TB child under 5 start on treatment,,2023/24,75.9
KZ,uThukela DM: DC23,TB child under 5 start on treatment,,2024/25,59.2
KZ,Zululand DM: DC26,TB child under 5 start on treatment,,2019/20,4.1
KZ,Zululand DM: DC26,TB child under 5 start on treatment,,2020/21,106.9
KZ,Zululand DM: DC26,TB child under 5 start on treatment,,2021/22,96.6
KZ,Zululand DM: DC26,TB child under 5 start on treatment,,2022/23,100.0
KZ,Zululand DM: DC26,TB child under 5 start on treatment,,2023/24,110.6
KZ,Zululand DM: DC26,TB child under 5 start on treatment,,2024/25,98.6
LP,Capricorn DM: DC35,TB child under 5 start on treatment,,2019/20,16.8
LP,Capricorn DM: DC35,TB child under 5 start on treatment,,2020/21,102.5
LP,Capricorn DM: DC35,TB child under 5 start on treatment,,2021/22,99.0
LP,Capricorn DM: DC35,TB child under 5 start on treatment,,2022/23,103.2
LP,Capricorn DM: DC35,TB child under 5 start on treatment,,2023/24,85.7
LP,Capricorn DM: DC35,TB child under 5 start on treatment,,2024/25,115.7
LP,Mopani DM: DC33,TB child under 5 start on treatment,,2019/20,4.6
LP,Mopani DM: DC33,TB child under 5 start on treatment,,2020/21,85.0
LP,Mopani DM: DC33,TB child under 5 start on treatment,,2021/22,126.9
LP,Mopani DM: DC33,TB child under 5 start on treatment,,2022/23,102.1
LP,Mopani DM: DC33,TB child under 5 start on treatment,,2023/24,60.0
LP,Mopani DM: DC33,TB child under 5 start on treatment,,2024/25,79.7
LP,Sekhukhune DM: DC47,TB child under 5 start on treatment,,2019/20,5.3
LP,Sekhukhune DM: DC47,TB child under 5 start on treatment,,2020/21,93.9
LP,Sekhukhune DM: DC47,TB child under 5 start on treatment,,2021/22,102.6
LP,Sekhukhune DM: DC47,TB child under 5 start on treatment,,2022/23,100.0
LP,Sekhukhune DM: DC47,TB child under 5 start on treatment,,2023/24,57.7
LP,Sekhukhune DM: DC47,TB child under 5 start on treatment,,2024/25,97.3
LP,Vhembe DM: DC34,TB child under 5 start on treatment,,2019/20,6.4
LP,Vhembe DM: DC34,TB child under 5 start on treatment,,2020/21,24.6
LP,Vhembe DM: DC34,TB child under 5 start on treatment,,2021/22,123.5
LP,Vhembe DM: DC34,TB child under 5 start on treatment,,2022/23,133.3
LP,Vhembe DM: DC34,TB child under 5 start on treatment,,2023/24,66.3
LP,Vhembe DM: DC34,TB child under 5 start on treatment,,2024/25,91.9
LP,Waterberg DM: DC36,TB child under 5 start on treatment,,2019/20,9.9
LP,Waterberg DM: DC36,TB child under 5 start on treatment,,2020/21,66.0
LP,Waterberg DM: DC36,TB child under 5 start on treatment,,2021/22,98.0
LP,Waterberg DM: DC36,TB child under 5 start on treatment,,2022/23,102.6
LP,Waterberg DM: DC36,TB child under 5 start on treatment,,2023/24,88.2
LP,Waterberg DM: DC36,TB child under 5 start on treatment,,2024/25,113.8
MP,Ehlanzeni DM: DC32,TB child under 5 start on treatment,,2019/20,2.8
MP,Ehlanzeni DM: DC32,TB child under 5 start on treatment,,2020/21,107.8
MP,Ehlanzeni DM: DC32,TB child under 5 start on treatment,,2021/22,82.4
MP,Ehlanzeni DM: DC32,TB child under 5 start on treatment,,2022/23,96.5
MP,Ehlanzeni DM: DC32,TB child under 5 start on treatment,,2023/24,96.3
MP,Ehlanzeni DM: DC32,TB child under 5 start on treatment,,2024/25,94.6
MP,G Sibande DM: DC30,TB child under 5 start on treatment,,2019/20,3.3
MP,G Sibande DM: DC30,TB child under 5 start on treatment,,2020/21,165.2
MP,G Sibande DM: DC30,TB child under 5 start on treatment,,2021/22,136.7
MP,G Sibande DM: DC30,TB child under 5 start on treatment,,2022/23,122.2
MP,G Sibande DM: DC30,TB child under 5 start on treatment,,2023/24,131.4
MP,G Sibande DM: DC30,TB child under 5 start on treatment,,2024/25,100.0
MP,Nkangala DM: DC31,TB child under 5 start on treatment,,2019/20,5.1
MP,Nkangala DM: DC31,TB child under 5 start on treatment,,2020/21,108.6
MP,Nkangala DM: DC31,TB child under 5 start on treatment,,2021/22,93.9
MP,Nkangala DM: DC31,TB child under 5 start on treatment,,2022/23,100.0
MP,Nkangala DM: DC31,TB child under 5 start on treatment,,2023/24,83.7
MP,Nkangala DM: DC31,TB child under 5 start on treatment,,2024/25,94.9
NC,Frances Baard DM: DC9,TB child under 5 start on treatment,,2019/20,32.6
NC,Frances Baard DM: DC9,TB child under 5 start on treatment,,2020/21,152.8
NC,Frances Baard DM: DC9,TB child under 5 start on treatment,,2021/22,161.5
NC,Frances Baard DM: DC9,TB child under 5 start on treatment,,2022/23,93.3
NC,Frances Baard DM: DC9,TB child under 5 start on treatment,,2023/24,40.6
NC,Frances Baard DM: DC9,TB child under 5 start on treatment,,2024/25,54.3
NC,JT Gaetsewe DM: DC45,TB child under 5 start on treatment,,2019/20,2.3
NC,JT Gaetsewe DM: DC45,TB child under 5 start on treatment,,2020/21,81.8
NC,JT Gaetsewe DM: DC45,TB child under 5 start on treatment,,2021/22,172.2
NC,JT Gaetsewe DM: DC45,TB child under 5 start on treatment,,2022/23,93.9
NC,JT Gaetsewe DM: DC45,TB child under 5 start on treatment,,2023/24,80.4
NC,JT Gaetsewe DM: DC45,TB child under 5 start on treatment,,2024/25,92.7
NC,Namakwa DM: DC6,TB child under 5 start on treatment,,2019/20,17.4
NC,Namakwa DM: DC6,TB child under 5 start on treatment,,2020/21,79.3
NC,Namakwa DM: DC6,TB child under 5 start on treatment,,2021/22,60.0
NC,Namakwa DM: DC6,TB child under 5 start on treatment,,2022/23,86.2
NC,Namakwa DM: DC6,TB child under 5 start on treatment,,2023/24,63.1
NC,Namakwa DM: DC6,TB child under 5 start on treatment,,2024/25,69.0
NC,Pixley Ka Seme DM: DC7,TB child under 5 start on treatment,,2019/20,24.1
NC,Pixley Ka Seme DM: DC7,TB child under 5 start on treatment,,2020/21,113.6
NC,Pixley Ka Seme DM: DC7,TB child under 5 start on treatment,,2021/22,97.1
NC,Pixley Ka Seme DM: DC7,TB child under 5 start on treatment,,2022/23,98.2
NC,Pixley Ka Seme DM: DC7,TB child under 5 start on treatment,,2023/24,87.1
NC,Pixley Ka Seme DM: DC7,TB child under 5 start on treatment,,2024/25,96.4
NC,ZF Mgcawu DM: DC8,TB child under 5 start on treatment,,2019/20,8.2
NC,ZF Mgcawu DM: DC8,TB child under 5 start on treatment,,2020/21,28.9
NC,ZF Mgcawu DM: DC8,TB child under 5 start on treatment,,2021/22,87.2
NC,ZF Mgcawu DM: DC8,TB child under 5 start on treatment,,2022/23,85.7
NC,ZF Mgcawu DM: DC8,TB child under 5 start on treatment,,2023/24,57.4
NC,ZF Mgcawu DM: DC8,TB child under 5 start on treatment,,2024/25,85.1
NW,Bojanala Platinum DM: DC37,TB child under 5 start on treatment,,2019/20,9.8
NW,Bojanala Platinum DM: DC37,TB child under 5 start on treatment,,2020/21,142.6
NW,Bojanala Platinum DM: DC37,TB child under 5 start on treatment,,2021/22,127.8
NW,Bojanala Platinum DM: DC37,TB child under 5 start on treatment,,2022/23,100.6
NW,Bojanala Platinum DM: DC37,TB child under 5 start on treatment,,2023/24,99.2
NW,Bojanala Platinum DM: DC37,TB child under 5 start on treatment,,2024/25,97.3
NW,Dr K Kaunda DM: DC40,TB child under 5 start on treatment,,2019/20,7.2
NW,Dr K Kaunda DM: DC40,TB child under 5 start on treatment,,2020/21,97.4
NW,Dr K Kaunda DM: DC40,TB child under 5 start on treatment,,2021/22,100.8
NW,Dr K Kaunda DM: DC40,TB child under 5 start on treatment,,2022/23,103.1
NW,Dr K Kaunda DM: DC40,TB child under 5 start on treatment,,2023/24,85.8
NW,Dr K Kaunda DM: DC40,TB child under 5 start on treatment,,2024/25,103.1
NW,NM Molema DM: DC38,TB child under 5 start on treatment,,2019/20,9.5
NW,NM Molema DM: DC38,TB child under 5 start on treatment,,2020/21,110.8
NW,NM Molema DM: DC38,TB child under 5 start on treatment,,2021/22,116.0
NW,NM Molema DM: DC38,TB child under 5 start on treatment,,2022/23,97.7
NW,NM Molema DM: DC38,TB child under 5 start on treatment,,2023/24,59.7
NW,NM Molema DM: DC38,TB child under 5 start on treatment,,2024/25,76.0
NW,RS Mompati DM: DC39,TB child under 5 start on treatment,,2019/20,16.6
NW,RS Mompati DM: DC39,TB child under 5 start on treatment,,2020/21,98.6
NW,RS Mompati DM: DC39,TB child under 5 start on treatment,,2021/22,84.2
NW,RS Mompati DM: DC39,TB child under 5 start on treatment,,2022/23,177.3
NW,RS Mompati DM: DC39,TB child under 5 start on treatment,,2023/24,55.7
NW,RS Mompati DM: DC39,TB child under 5 start on treatment,,2024/25,93.2
WC,Cape Town MM: CPT,TB child under 5 start on treatment,,2019/20,23.9
WC,Cape Town MM: CPT,TB child under 5 start on treatment,,2020/21,98.2
WC,Cape Town MM: CPT,TB child under 5 start on treatment,,2021/22,98.9
WC,Cape Town MM: CPT,TB child under 5 start on treatment,,2022/23,96.4
WC,Cape Town MM: CPT,TB child under 5 start on treatment,,2023/24,54.3
WC,Cape Town MM: CPT,TB child under 5 start on treatment,,2024/25,104.5
WC,Cape Winelands DM: DC2,TB child under 5 start on treatment,,2019/20,68.5
WC,Cape Winelands DM: DC2,TB child under 5 start on treatment,,2020/21,99.8
WC,Cape Winelands DM: DC2,TB child under 5 start on treatment,,2021/22,97.2
WC,Cape Winelands DM: DC2,TB child under 5 start on treatment,,2022/23,98.3
WC,Cape Winelands DM: DC2,TB child under 5 start on treatment,,2023/24,90.8
WC,Cape Winelands DM: DC2,TB child under 5 start on treatment,,2024/25,94.8
WC,Central Karoo DM: DC5,TB child under 5 start on treatment,,2019/20,94.4
WC,Central Karoo DM: DC5,TB child under 5 start on treatment,,2020/21,100.0
WC,Central Karoo DM: DC5,TB child under 5 start on treatment,,2021/22,103.7
WC,Central Karoo DM: DC5,TB child under 5 start on treatment,,2022/23,82.1
WC,Central Karoo DM: DC5,TB child under 5 start on treatment,,2023/24,87.5
WC,Central Karoo DM: DC5,TB child under 5 start on treatment,,2024/25,120.8
WC,Garden Route DM: DC4,TB child under 5 start on treatment,,2019/20,47.7
WC,Garden Route DM: DC4,TB child under 5 start on treatment,,2020/21,95.7
WC,Garden Route DM: DC4,TB child under 5 start on treatment,,2021/22,97.2
WC,Garden Route DM: DC4,TB child under 5 start on treatment,,2022/23,96.1
WC,Garden Route DM: DC4,TB child under 5 start on treatment,,2023/24,66.8
WC,Garden Route DM: DC4,TB child under 5 start on treatment,,2024/25,89.8
WC,Overberg DM: DC3,TB child under 5 start on treatment,,2019/20,60.6
WC,Overberg DM: DC3,TB child under 5 start on treatment,,2020/21,112.4
WC,Overberg DM: DC3,TB child under 5 start on treatment,,2021/22,81.8
WC,Overberg DM: DC3,TB child under 5 start on treatment,,2022/23,104.4
WC,Overberg DM: DC3,TB child under 5 start on treatment,,2023/24,96.3
WC,Overberg DM: DC3,TB child under 5 start on treatment,,2024/25,101.0
WC,West Coast DM: DC1,TB child under 5 start on treatment,,2019/20,61.3
WC,West Coast DM: DC1,TB child under 5 start on treatment,,2020/21,99.5
WC,West Coast DM: DC1,TB child under 5 start on treatment,,2021/22,95.3
WC,West Coast DM: DC1,TB child under 5 start on treatment,,2022/23,92.6
WC,West Coast DM: DC1,TB child under 5 start on treatment,,2023/24,89.8
WC,West Coast DM: DC1,TB child under 5 start on treatment,,2024/25,95.2
EC,A Nzo DM: DC44,Immunisation coverage under 1 year,both sexes <1 years | DHIS,2015/16,69.6
EC,A Nzo DM: DC44,Immunisation coverage under 1 year,both sexes <1 years | DHIS,2016/17,64.4
EC,A Nzo DM: DC44,Immunisation coverage under 1 year,both sexes <1 years | DHIS,2017/18,66.8
EC,A Nzo DM: DC44,Immunisation coverage under 1 year,both sexes <1 years | DHIS,2018/19,63.4
EC,A Nzo DM: DC44,Immunisation coverage under 1 year,both sexes <1 years | DHIS,2019/20,74.3
EC,A Nzo DM: DC44,Immunisation coverage under 1 year,both sexes <1 years | DHIS,2020/21,69.6
EC,A Nzo DM: DC44,Immunisation coverage under 1 year,both sexes <1 years | DHIS,2021/22,68.5
EC,A Nzo DM: DC44,Immunisation coverage under 1 year,both sexes <1 years | DHIS,2022/23,64.0
EC,A Nzo DM: DC44,Immunisation coverage under 1 year,both sexes <1 years | DHIS,2023/24,63.0
EC,A Nzo DM: DC44,Immunisation coverage under 1 year,both sexes <1 years | DHIS,2024/25,54.8
EC,Amathole DM: DC12,Immunisation coverage under 1 year,both sexes <1 years | DHIS,2015/16,90.2
EC,Amathole DM: DC12,Immunisation coverage under 1 year,both sexes <1 years | DHIS,2016/17,72.8
EC,Amathole DM: DC12,Immunisation coverage under 1 year,both sexes <1 years | DHIS,2017/18,75.8
EC,Amathole DM: DC12,Immunisation coverage under 1 year,both sexes <1 years | DHIS,2018/19,85.5
EC,Amathole DM: DC12,Immunisation coverage under 1 year,both sexes <1 years | DHIS,2019/20,83.4
EC,Amathole DM: DC12,Immunisation coverage under 1 year,both sexes <1 years | DHIS,2020/21,70.3
EC,Amathole DM: DC12,Immunisation coverage under 1 year,both sexes <1 years | DHIS,2021/22,73.5
EC,Amathole DM: DC12,Immunisation coverage under 1 year,both sexes <1 years | DHIS,2022/23,67.2
EC,Amathole DM: DC12,Immunisation coverage under 1 year,both sexes <1 years | DHIS,2023/24,62.4
EC,Amathole DM: DC12,Immunisation coverage under 1 year,both sexes <1 years | DHIS,2024/25,54.7
EC,Buffalo City MM: BUF,Immunisation coverage under 1 year,both sexes <1 years | DHIS,2015/16,68.9
EC,Buffalo City MM: BUF,Immunisation coverage under 1 year,both sexes <1 years | DHIS,2016/17,62.2
EC,Buffalo City MM: BUF,Immunisation coverage under 1 year,both sexes <1 years | DHIS,2017/18,63.5
EC,Buffalo City MM: BUF,Immunisation coverage under 1 year,both sexes <1 years | DHIS,2018/19,72.7
EC,Buffalo City MM: BUF,Immunisation coverage under 1 year,both sexes <1 years | DHIS,2019/20,68.4
EC,Buffalo City MM: BUF,Immunisation coverage under 1 year,both sexes <1 years | DHIS,2020/21,64.2
EC,Buffalo City MM: BUF,Immunisation coverage under 1 year,both sexes <1 years | DHIS,2021/22,73.0
EC,Buffalo City MM: BUF,Immunisation coverage under 1 year,both sexes <1 years | DHIS,2022/23,66.1
EC,Buffalo City MM: BUF,Immunisation coverage under 1 year,both sexes <1 years | DHIS,2023/24,67.1
EC,Buffalo City MM: BUF,Immunisation coverage under 1 year,both sexes <1 years | DHIS,2024/25,65.1
EC,C Hani DM: DC13,Immunisation coverage under 1 year,both sexes <1 years | DHIS,2015/16,79.7
EC,C Hani DM: DC13,Immunisation coverage under 1 year,both sexes <1 years | DHIS,2016/17,77.9
EC,C Hani DM: DC13,Immunisation coverage under 1 year,both sexes <1 years | DHIS,2017/18,84.0
EC,C Hani DM: DC13,Immunisation coverage under 1 year,both sexes <1 years | DHIS,2018/19,87.9
EC,C Hani DM: DC13,Immunisation coverage under 1 year,both sexes <1 years | DHIS,2019/20,95.0
EC,C Hani DM: DC13,Immunisation coverage under 1 year,both sexes <1 years | DHIS,2020/21,79.0
EC,C Hani DM: DC13,Immunisation coverage under 1 year,both sexes <1 years | DHIS,2021/22,75.2
EC,C Hani DM: DC13,Immunisation coverage under 1 year,both sexes <1 years | DHIS,2022/23,70.5
EC,C Hani DM: DC13,Immunisation coverage under 1 year,both sexes <1 years | DHIS,2023/24,69.4
EC,C Hani DM: DC13,Immunisation coverage under 1 year,both sexes <1 years | DHIS,2024/25,66.3
EC,Joe Gqabi DM: DC14,Immunisation coverage under 1 year,both sexes <1 years | DHIS,2015/16,64.7
EC,Joe Gqabi DM: DC14,Immunisation coverage under 1 year,both sexes <1 years | DHIS,2016/17,56.0
EC,Joe Gqabi DM: DC14,Immunisation coverage under 1 year,both sexes <1 years | DHIS,2017/18,59.3
EC,Joe Gqabi DM: DC14,Immunisation coverage under 1 year,both sexes <1 years | DHIS,2018/19,60.0
EC,Joe Gqabi DM: DC14,Immunisation coverage under 1 year,both sexes <1 years | DHIS,2019/20,63.5
EC,Joe Gqabi DM: DC14,Immunisation coverage under 1 year,both sexes <1 years | DHIS,2020/21,63.4
EC,Joe Gqabi DM: DC14,Immunisation coverage under 1 year,both sexes <1 years | DHIS,2021/22,62.8
EC,Joe Gqabi DM: DC14,Immunisation coverage under 1 year,both sexes <1 years | DHIS,2022/23,59.7
EC,Joe Gqabi DM: DC14,Immunisation coverage under 1 year,both sexes <1 years | DHIS,2023/24,52.4
EC,Joe Gqabi DM: DC14,Immunisation coverage under 1 year,both sexes <1 years | DHIS,2024/25,49.0
EC,N Mandela Bay MM: NMA,Immunisation coverage under 1 year,both sexes <1 years | DHIS,2015/16,67.0
EC,N Mandela Bay MM: NMA,Immunisation coverage under 1 year,both sexes <1 years | DHIS,2016/17,70.5
EC,N Mandela Bay MM: NMA,Immunisation coverage under 1 year,both sexes <1 years | DHIS,2017/18,76.1
EC,N Mandela Bay MM: NMA,Immunisation coverage under 1 year,both sexes <1 years | DHIS,2018/19,76.6
EC,N Mandela Bay MM: NMA,Immunisation coverage under 1 year,both sexes <1 years | DHIS,2019/20,76.7
EC,N Mandela Bay MM: NMA,Immunisation coverage under 1 year,both sexes <1 years | DHIS,2020/21,72.4
EC,N Mandela Bay MM: NMA,Immunisation coverage under 1 year,both sexes <1 years | DHIS,2021/22,81.5
EC,N Mandela Bay MM: NMA,Immunisation coverage under 1 year,both sexes <1 years | DHIS,2022/23,73.1
EC,N Mandela Bay MM: NMA,Immunisation coverage under 1 year,both sexes <1 years | DHIS,2023/24,71.3
EC,N Mandela Bay MM: NMA,Immunisation coverage under 1 year,both sexes <1 years | DHIS,2024/25,71.3
EC,OR Tambo DM: DC15,Immunisation coverage under 1 year,both sexes <1 years | DHIS,2015/16,81.2
EC,OR Tambo DM: DC15,Immunisation coverage under 1 year,both sexes <1 years | DHIS,2016/17,68.6
EC,OR Tambo DM: DC15,Immunisation coverage under 1 year,both sexes <1 years | DHIS,2017/18,80.1
EC,OR Tambo DM: DC15,Immunisation coverage under 1 year,both sexes <1 years | DHIS,2018/19,79.3
EC,OR Tambo DM: DC15,Immunisation coverage under 1 year,both sexes <1 years | DHIS,2019/20,79.1
EC,OR Tambo DM: DC15,Immunisation coverage under 1 year,both sexes <1 years | DHIS,2020/21,68.1
EC,OR Tambo DM: DC15,Immunisation coverage under 1 year,both sexes <1 years | DHIS,2021/22,70.6
EC,OR Tambo DM: DC15,Immunisation coverage under 1 year,both sexes <1 years | DHIS,2022/23,70.2
EC,OR Tambo DM: DC15,Immunisation coverage under 1 year,both sexes <1 years | DHIS,2023/24,67.7
EC,OR Tambo DM: DC15,Immunisation coverage under 1 year,both sexes <1 years | DHIS,2024/25,64.2
EC,Sarah Baartman DM: DC10,Immunisation coverage under 1 year,both sexes <1 years | DHIS,2015/16,70.4
EC,Sarah Baartman DM: DC10,Immunisation coverage under 1 year,both sexes <1 years | DHIS,2016/17,69.5
EC,Sarah Baartman DM: DC10,Immunisation coverage under 1 year,both sexes <1 years | DHIS,2017/18,68.0
EC,Sarah Baartman DM: DC10,Immunisation coverage under 1 year,both sexes <1 years | DHIS,2018/19,68.2
EC,Sarah Baartman DM: DC10,Immunisation coverage under 1 year,both sexes <1 years | DHIS,2019/20,75.5
EC,Sarah Baartman DM: DC10,Immunisation coverage under 1 year,both sexes <1 years | DHIS,2020/21,67.4
EC,Sarah Baartman DM: DC10,Immunisation coverage under 1 year,both sexes <1 years | DHIS,2021/22,71.6
EC,Sarah Baartman DM: DC10,Immunisation coverage under 1 year,both sexes <1 years | DHIS,2022/23,65.6
EC,Sarah Baartman DM: DC10,Immunisation coverage under 1 year,both sexes <1 years | DHIS,2023/24,60.7
EC,Sarah Baartman DM: DC10,Immunisation coverage under 1 year,both sexes <1 years | DHIS,2024/25,61.6
FS,Fezile Dabi DM: DC20,Immunisation coverage under 1 year,both sexes <1 years | DHIS,2015/16,66.6
FS,Fezile Dabi DM: DC20,Immunisation coverage under 1 year,both sexes <1 years | DHIS,2016/17,66.1
FS,Fezile Dabi DM: DC20,Immunisation coverage under 1 year,both sexes <1 years | DHIS,2017/18,71.9
FS,Fezile Dabi DM: DC20,Immunisation coverage under 1 year,both sexes <1 years | DHIS,2018/19,73.0
FS,Fezile Dabi DM: DC20,Immunisation coverage under 1 year,both sexes <1 years | DHIS,2019/20,71.0
FS,Fezile Dabi DM: DC20,Immunisation coverage under 1 year,both sexes <1 years | DHIS,2020/21,62.7
FS,Fezile Dabi DM: DC20,Immunisation coverage under 1 year,both sexes <1 years | DHIS,2021/22,73.5
FS,Fezile Dabi DM: DC20,Immunisation coverage under 1 year,both sexes <1 years | DHIS,2022/23,63.6
FS,Fezile Dabi DM: DC20,Immunisation coverage under 1 year,both sexes <1 years | DHIS,2023/24,64.2
FS,Fezile Dabi DM: DC20,Immunisation coverage under 1 year,both sexes <1 years | DHIS,2024/25,58.0
FS,Lejweleputswa DM: DC18,Immunisation coverage under 1 year,both sexes <1 years | DHIS,2015/16,74.8
FS,Lejweleputswa DM: DC18,Immunisation coverage under 1 year,both sexes <1 years | DHIS,2016/17,70.3
FS,Lejweleputswa DM: DC18,Immunisation coverage under 1 year,both sexes <1 years | DHIS,2017/18,69.4
FS,Lejweleputswa DM: DC18,Immunisation coverage under 1 year,both sexes <1 years | DHIS,2018/19,72.7
FS,Lejweleputswa DM: DC18,Immunisation coverage under 1 year,both sexes <1 years | DHIS,2019/20,74.8
FS,Lejweleputswa DM: DC18,Immunisation coverage under 1 year,both sexes <1 years | DHIS,2020/21,69.6
FS,Lejweleputswa DM: DC18,Immunisation coverage under 1 year,both sexes <1 years | DHIS,2021/22,70.4
FS,Lejweleputswa DM: DC18,Immunisation coverage under 1 year,both sexes <1 years | DHIS,2022/23,71.4
FS,Lejweleputswa DM: DC18,Immunisation coverage under 1 year,both sexes <1 years | DHIS,2023/24,70.3
FS,Lejweleputswa DM: DC18,Immunisation coverage under 1 year,both sexes <1 years | DHIS,2024/25,60.7
FS,Mangaung MM: MAN,Immunisation coverage under 1 year,both sexes <1 years | DHIS,2015/16,69.4
FS,Mangaung MM: MAN,Immunisation coverage under 1 year,both sexes <1 years | DHIS,2016/17,65.0
FS,Mangaung MM: MAN,Immunisation coverage under 1 year,both sexes <1 years | DHIS,2017/18,66.5
FS,Mangaung MM: MAN,Immunisation coverage under 1 year,both sexes <1 years | DHIS,2018/19,69.0
FS,Mangaung MM: MAN,Immunisation coverage under 1 year,both sexes <1 years | DHIS,2019/20,73.7
FS,Mangaung MM: MAN,Immunisation coverage under 1 year,both sexes <1 years | DHIS,2020/21,73.5
FS,Mangaung MM: MAN,Immunisation coverage under 1 year,both sexes <1 years | DHIS,2021/22,74.8
FS,Mangaung MM: MAN,Immunisation coverage under 1 year,both sexes <1 years | DHIS,2022/23,74.2
FS,Mangaung MM: MAN,Immunisation coverage under 1 year,both sexes <1 years | DHIS,2023/24,67.8
FS,Mangaung MM: MAN,Immunisation coverage under 1 year,both sexes <1 years | DHIS,2024/25,62.2
FS,T Mofutsanyana DM: DC19,Immunisation coverage under 1 year,both sexes <1 years | DHIS,2015/16,66.9
FS,T Mofutsanyana DM: DC19,Immunisation coverage under 1 year,both sexes <1 years | DHIS,2016/17,65.3
FS,T Mofutsanyana DM: DC19,Immunisation coverage under 1 year,both sexes <1 years | DHIS,2017/18,67.9
FS,T Mofutsanyana DM: DC19,Immunisation coverage under 1 year,both sexes <1 years | DHIS,2018/19,70.0
FS,T Mofutsanyana DM: DC19,Immunisation coverage under 1 year,both sexes <1 years | DHIS,2019/20,70.7
FS,T Mofutsanyana DM: DC19,Immunisation coverage under 1 year,both sexes <1 years | DHIS,2020/21,72.0
FS,T Mofutsanyana DM: DC19,Immunisation coverage under 1 year,both sexes <1 years | DHIS,2021/22,75.7
FS,T Mofutsanyana DM: DC19,Immunisation coverage under 1 year,both sexes <1 years | DHIS,2022/23,68.7
FS,T Mofutsanyana DM: DC19,Immunisation coverage under 1 year,both sexes <1 years | DHIS,2023/24,63.5
FS,T Mofutsanyana DM: DC19,Immunisation coverage under 1 year,both sexes <1 years | DHIS,2024/25,56.3
FS,Xhariep DM: DC16,Immunisation coverage under 1 year,both sexes <1 years | DHIS,2015/16,71.8
FS,Xhariep DM: DC16,Immunisation coverage under 1 year,both sexes <1 years | DHIS,2016/17,58.3
FS,Xhariep DM: DC16,Immunisation coverage under 1 year,both sexes <1 years | DHIS,2017/18,62.6
FS,Xhariep DM: DC16,Immunisation coverage under 1 year,both sexes <1 years | DHIS,2018/19,65.3
FS,Xhariep DM: DC16,Immunisation coverage under 1 year,both sexes <1 years | DHIS,2019/20,67.2
FS,Xhariep DM: DC16,Immunisation coverage under 1 year,both sexes <1 years | DHIS,2020/21,71.0
FS,Xhariep DM: DC16,Immunisation coverage under 1 year,both sexes <1 years | DHIS,2021/22,71.6
FS,Xhariep DM: DC16,Immunisation coverage under 1 year,both sexes <1 years | DHIS,2022/23,68.2
FS,Xhariep DM: DC16,Immunisation coverage under 1 year,both sexes <1 years | DHIS,2023/24,66.9
FS,Xhariep DM: DC16,Immunisation coverage under 1 year,both sexes <1 years | DHIS,2024/25,60.4
GP,City of Ekurhuleni MM: EKU,Immunisation coverage under 1 year,both sexes <1 years | DHIS,2015/16,85.7
GP,City of Ekurhuleni MM: EKU,Immunisation coverage under 1 year,both sexes <1 years | DHIS,2016/17,78.5
GP,City of Ekurhuleni MM: EKU,Immunisation coverage under 1 year,both sexes <1 years | DHIS,2017/18,83.1
GP,City of Ekurhuleni MM: EKU,Immunisation coverage under 1 year,both sexes <1 years | DHIS,2018/19,89.8
GP,City of Ekurhuleni MM: EKU,Immunisation coverage under 1 year,both sexes <1 years | DHIS,2019/20,91.9
GP,City of Ekurhuleni MM: EKU,Immunisation coverage under 1 year,both sexes <1 years | DHIS,2020/21,84.2
GP,City of Ekurhuleni MM: EKU,Immunisation coverage under 1 year,both sexes <1 years | DHIS,2021/22,89.1
GP,City of Ekurhuleni MM: EKU,Immunisation coverage under 1 year,both sexes <1 years | DHIS,2022/23,85.4
GP,City of Ekurhuleni MM: EKU,Immunisation coverage under 1 year,both sexes <1 years | DHIS,2023/24,86.1
GP,City of Ekurhuleni MM: EKU,Immunisation coverage under 1 year,both sexes <1 years | DHIS,2024/25,84.2
GP,Johannesburg MM: JHB,Immunisation coverage under 1 year,both sexes <1 years | DHIS,2015/16,101.2
GP,Johannesburg MM: JHB,Immunisation coverage under 1 year,both sexes <1 years | DHIS,2016/17,96.3
GP,Johannesburg MM: JHB,Immunisation coverage under 1 year,both sexes <1 years | DHIS,2017/18,97.5
GP,Johannesburg MM: JHB,Immunisation coverage under 1 year,both sexes <1 years | DHIS,2018/19,99.7
GP,Johannesburg MM: JHB,Immunisation coverage under 1 year,both sexes <1 years | DHIS,2019/20,98.0
GP,Johannesburg MM: JHB,Immunisation coverage under 1 year,both sexes <1 years | DHIS,2020/21,95.7
GP,Johannesburg MM: JHB,Immunisation coverage under 1 year,both sexes <1 years | DHIS,2021/22,99.5
GP,Johannesburg MM: JHB,Immunisation coverage under 1 year,both sexes <1 years | DHIS,2022/23,93.8
GP,Johannesburg MM: JHB,Immunisation coverage under 1 year,both sexes <1 years | DHIS,2023/24,92.2
GP,Johannesburg MM: JHB,Immunisation coverage under 1 year,both sexes <1 years | DHIS,2024/25,93.0
GP,Sedibeng DM: DC42,Immunisation coverage under 1 year,both sexes <1 years | DHIS,2015/16,81.0
GP,Sedibeng DM: DC42,Immunisation coverage under 1 year,both sexes <1 years | DHIS,2016/17,78.3
GP,Sedibeng DM: DC42,Immunisation coverage under 1 year,both sexes <1 years | DHIS,2017/18,79.5
GP,Sedibeng DM: DC42,Immunisation coverage under 1 year,both sexes <1 years | DHIS,2018/19,80.9
GP,Sedibeng DM: DC42,Immunisation coverage under 1 year,both sexes <1 years | DHIS,2019/20,88.5
GP,Sedibeng DM: DC42,Immunisation coverage under 1 year,both sexes <1 years | DHIS,2020/21,82.6
GP,Sedibeng DM: DC42,Immunisation coverage under 1 year,both sexes <1 years | DHIS,2021/22,91.4
GP,Sedibeng DM: DC42,Immunisation coverage under 1 year,both sexes <1 years | DHIS,2022/23,89.8
GP,Sedibeng DM: DC42,Immunisation coverage under 1 year,both sexes <1 years | DHIS,2023/24,81.9
GP,Sedibeng DM: DC42,Immunisation coverage under 1 year,both sexes <1 years | DHIS,2024/25,82.1
GP,Tshwane MM: TSH,Immunisation coverage under 1 year,both sexes <1 years | DHIS,2015/16,83.1
GP,Tshwane MM: TSH,Immunisation coverage under 1 year,both sexes <1 years | DHIS,2016/17,68.6
GP,Tshwane MM: TSH,Immunisation coverage under 1 year,both sexes <1 years | DHIS,2017/18,77.8
GP,Tshwane MM: TSH,Immunisation coverage under 1 year,both sexes <1 years | DHIS,2018/19,91.5
GP,Tshwane MM: TSH,Immunisation coverage under 1 year,both sexes <1 years | DHIS,2019/20,89.1
GP,Tshwane MM: TSH,Immunisation coverage under 1 year,both sexes <1 years | DHIS,2020/21,82.0
GP,Tshwane MM: TSH,Immunisation coverage under 1 year,both sexes <1 years | DHIS,2021/22,87.8
GP,Tshwane MM: TSH,Immunisation coverage under 1 year,both sexes <1 years | DHIS,2022/23,78.8
GP,Tshwane MM: TSH,Immunisation coverage under 1 year,both sexes <1 years | DHIS,2023/24,80.0
GP,Tshwane MM: TSH,Immunisation coverage under 1 year,both sexes <1 years | DHIS,2024/25,72.8
GP,West Rand DM: DC48,Immunisation coverage under 1 year,both sexes <1 years | DHIS,2015/16,83.7
GP,West Rand DM: DC48,Immunisation coverage under 1 year,both sexes <1 years | DHIS,2016/17,80.8
GP,West Rand DM: DC48,Immunisation coverage under 1 year,both sexes <1 years | DHIS,2017/18,92.9
GP,West Rand DM: DC48,Immunisation coverage under 1 year,both sexes <1 years | DHIS,2018/19,97.3
GP,West Rand DM: DC48,Immunisation coverage under 1 year,both sexes <1 years | DHIS,2019/20,95.8
GP,West Rand DM: DC48,Immunisation coverage under 1 year,both sexes <1 years | DHIS,2020/21,89.9
GP,West Rand DM: DC48,Immunisation coverage under 1 year,both sexes <1 years | DHIS,2021/22,99.4
GP,West Rand DM: DC48,Immunisation coverage under 1 year,both sexes <1 years | DHIS,2022/23,89.0
GP,West Rand DM: DC48,Immunisation coverage under 1 year,both sexes <1 years | DHIS,2023/24,91.7
GP,West Rand DM: DC48,Immunisation coverage under 1 year,both sexes <1 years | DHIS,2024/25,89.2
KZ,Amajuba DM: DC25,Immunisation coverage under 1 year,both sexes <1 years | DHIS,2015/16,79.3
KZ,Amajuba DM: DC25,Immunisation coverage under 1 year,both sexes <1 years | DHIS,2016/17,82.9
KZ,Amajuba DM: DC25,Immunisation coverage under 1 year,both sexes <1 years | DHIS,2017/18,99.0
KZ,Amajuba DM: DC25,Immunisation coverage under 1 year,both sexes <1 years | DHIS,2018/19,109.9
KZ,Amajuba DM: DC25,Immunisation coverage under 1 year,both sexes <1 years | DHIS,2019/20,110.0
KZ,Amajuba DM: DC25,Immunisation coverage under 1 year,both sexes <1 years | DHIS,2020/21,95.0
KZ,Amajuba DM: DC25,Immunisation coverage under 1 year,both sexes <1 years | DHIS,2021/22,97.4
KZ,Amajuba DM: DC25,Immunisation coverage under 1 year,both sexes <1 years | DHIS,2022/23,88.5
KZ,Amajuba DM: DC25,Immunisation coverage under 1 year,both sexes <1 years | DHIS,2023/24,91.6
KZ,Amajuba DM: DC25,Immunisation coverage under 1 year,both sexes <1 years | DHIS,2024/25,80.3
KZ,eThekwini MM: ETH,Immunisation coverage under 1 year,both sexes <1 years | DHIS,2015/16,83.6
KZ,eThekwini MM: ETH,Immunisation coverage under 1 year,both sexes <1 years | DHIS,2016/17,95.3
KZ,eThekwini MM: ETH,Immunisation coverage under 1 year,both sexes <1 years | DHIS,2017/18,99.2
KZ,eThekwini MM: ETH,Immunisation coverage under 1 year,both sexes <1 years | DHIS,2018/19,99.4
KZ,eThekwini MM: ETH,Immunisation coverage under 1 year,both sexes <1 years | DHIS,2019/20,97.1
KZ,eThekwini MM: ETH,Immunisation coverage under 1 year,both sexes <1 years | DHIS,2020/21,86.8
KZ,eThekwini MM: ETH,Immunisation coverage under 1 year,both sexes <1 years | DHIS,2021/22,96.6
KZ,eThekwini MM: ETH,Immunisation coverage under 1 year,both sexes <1 years | DHIS,2022/23,96.7
KZ,eThekwini MM: ETH,Immunisation coverage under 1 year,both sexes <1 years | DHIS,2023/24,94.6
KZ,eThekwini MM: ETH,Immunisation coverage under 1 year,both sexes <1 years | DHIS,2024/25,86.7
KZ,Harry Gwala DM: DC43,Immunisation coverage under 1 year,both sexes <1 years | DHIS,2015/16,69.1
KZ,Harry Gwala DM: DC43,Immunisation coverage under 1 year,both sexes <1 years | DHIS,2016/17,75.4
KZ,Harry Gwala DM: DC43,Immunisation coverage under 1 year,both sexes <1 years | DHIS,2017/18,74.1
KZ,Harry Gwala DM: DC43,Immunisation coverage under 1 year,both sexes <1 years | DHIS,2018/19,83.3
KZ,Harry Gwala DM: DC43,Immunisation coverage under 1 year,both sexes <1 years | DHIS,2019/20,88.6
KZ,Harry Gwala DM: DC43,Immunisation coverage under 1 year,both sexes <1 years | DHIS,2020/21,82.5
KZ,Harry Gwala DM: DC43,Immunisation coverage under 1 year,both sexes <1 years | DHIS,2021/22,85.0
KZ,Harry Gwala DM: DC43,Immunisation coverage under 1 year,both sexes <1 years | DHIS,2022/23,78.7
KZ,Harry Gwala DM: DC43,Immunisation coverage under 1 year,both sexes <1 years | DHIS,2023/24,79.1
KZ,Harry Gwala DM: DC43,Immunisation coverage under 1 year,both sexes <1 years | DHIS,2024/25,70.1
KZ,iLembe DM: DC29,Immunisation coverage under 1 year,both sexes <1 years | DHIS,2015/16,70.1
KZ,iLembe DM: DC29,Immunisation coverage under 1 year,both sexes <1 years | DHIS,2016/17,77.5
KZ,iLembe DM: DC29,Immunisation coverage under 1 year,both sexes <1 years | DHIS,2017/18,87.8
KZ,iLembe DM: DC29,Immunisation coverage under 1 year,both sexes <1 years | DHIS,2018/19,98.5
KZ,iLembe DM: DC29,Immunisation coverage under 1 year,both sexes <1 years | DHIS,2019/20,101.3
KZ,iLembe DM: DC29,Immunisation coverage under 1 year,both sexes <1 years | DHIS,2020/21,94.4
KZ,iLembe DM: DC29,Immunisation coverage under 1 year,both sexes <1 years | DHIS,2021/22,99.0
KZ,iLembe DM: DC29,Immunisation coverage under 1 year,both sexes <1 years | DHIS,2022/23,95.8
KZ,iLembe DM: DC29,Immunisation coverage under 1 year,both sexes <1 years | DHIS,2023/24,94.3
KZ,iLembe DM: DC29,Immunisation coverage under 1 year,both sexes <1 years | DHIS,2024/25,87.4
KZ,King Cetshwayo DM: DC28,Immunisation coverage under 1 year,both sexes <1 years | DHIS,2015/16,80.9
KZ,King Cetshwayo DM: DC28,Immunisation coverage under 1 year,both sexes <1 years | DHIS,2016/17,84.0
KZ,King Cetshwayo DM: DC28,Immunisation coverage under 1 year,both sexes <1 years | DHIS,2017/18,93.3
KZ,King Cetshwayo DM: DC28,Immunisation coverage under 1 year,both sexes <1 years | DHIS,2018/19,95.6
KZ,King Cetshwayo DM: DC28,Immunisation coverage under 1 year,both sexes <1 years | DHIS,2019/20,91.8
KZ,King Cetshwayo DM: DC28,Immunisation coverage under 1 year,both sexes <1 years | DHIS,2020/21,85.9
KZ,King Cetshwayo DM: DC28,Immunisation coverage under 1 year,both sexes <1 years | DHIS,2021/22,90.2
KZ,King Cetshwayo DM: DC28,Immunisation coverage under 1 year,both sexes <1 years | DHIS,2022/23,84.6
KZ,King Cetshwayo DM: DC28,Immunisation coverage under 1 year,both sexes <1 years | DHIS,2023/24,88.6
KZ,King Cetshwayo DM: DC28,Immunisation coverage under 1 year,both sexes <1 years | DHIS,2024/25,78.1
KZ,Ugu DM: DC21,Immunisation coverage under 1 year,both sexes <1 years | DHIS,2015/16,83.5
KZ,Ugu DM: DC21,Immunisation coverage under 1 year,both sexes <1 years | DHIS,2016/17,77.9
KZ,Ugu DM: DC21,Immunisation coverage under 1 year,both sexes <1 years | DHIS,2017/18,78.6
KZ,Ugu DM: DC21,Immunisation coverage under 1 year,both sexes <1 years | DHIS,2018/19,91.5
KZ,Ugu DM: DC21,Immunisation coverage under 1 year,both sexes <1 years | DHIS,2019/20,89.0
KZ,Ugu DM: DC21,Immunisation coverage under 1 year,both sexes <1 years | DHIS,2020/21,82.8
KZ,Ugu DM: DC21,Immunisation coverage under 1 year,both sexes <1 years | DHIS,2021/22,86.3
KZ,Ugu DM: DC21,Immunisation coverage under 1 year,both sexes <1 years | DHIS,2022/23,85.6
KZ,Ugu DM: DC21,Immunisation coverage under 1 year,both sexes <1 years | DHIS,2023/24,85.0
KZ,Ugu DM: DC21,Immunisation coverage under 1 year,both sexes <1 years | DHIS,2024/25,81.1
KZ,uMgungundlovu DM: DC22,Immunisation coverage under 1 year,both sexes <1 years | DHIS,2015/16,74.8
KZ,uMgungundlovu DM: DC22,Immunisation coverage under 1 year,both sexes <1 years | DHIS,2016/17,67.9
KZ,uMgungundlovu DM: DC22,Immunisation coverage under 1 year,both sexes <1 years | DHIS,2017/18,78.2
KZ,uMgungundlovu DM: DC22,Immunisation coverage under 1 year,both sexes <1 years | DHIS,2018/19,95.7
KZ,uMgungundlovu DM: DC22,Immunisation coverage under 1 year,both sexes <1 years | DHIS,2019/20,93.4
KZ,uMgungundlovu DM: DC22,Immunisation coverage under 1 year,both sexes <1 years | DHIS,2020/21,86.2
KZ,uMgungundlovu DM: DC22,Immunisation coverage under 1 year,both sexes <1 years | DHIS,2021/22,90.5
KZ,uMgungundlovu DM: DC22,Immunisation coverage under 1 year,both sexes <1 years | DHIS,2022/23,86.9
KZ,uMgungundlovu DM: DC22,Immunisation coverage under 1 year,both sexes <1 years | DHIS,2023/24,88.1
KZ,uMgungundlovu DM: DC22,Immunisation coverage under 1 year,both sexes <1 years | DHIS,2024/25,85.7
KZ,uMkhanyakude DM: DC27,Immunisation coverage under 1 year,both sexes <1 years | DHIS,2015/16,77.8
KZ,uMkhanyakude DM: DC27,Immunisation coverage under 1 year,both sexes <1 years | DHIS,2016/17,73.8
KZ,uMkhanyakude DM: DC27,Immunisation coverage under 1 year,both sexes <1 years | DHIS,2017/18,84.5
KZ,uMkhanyakude DM: DC27,Immunisation coverage under 1 year,both sexes <1 years | DHIS,2018/19,90.5
KZ,uMkhanyakude DM: DC27,Immunisation coverage under 1 year,both sexes <1 years | DHIS,2019/20,96.6
KZ,uMkhanyakude DM: DC27,Immunisation coverage under 1 year,both sexes <1 years | DHIS,2020/21,93.6
KZ,uMkhanyakude DM: DC27,Immunisation coverage under 1 year,both sexes <1 years | DHIS,2021/22,96.0
KZ,uMkhanyakude DM: DC27,Immunisation coverage under 1 year,both sexes <1 years | DHIS,2022/23,94.6
KZ,uMkhanyakude DM: DC27,Immunisation coverage under 1 year,both sexes <1 years | DHIS,2023/24,97.8
KZ,uMkhanyakude DM: DC27,Immunisation coverage under 1 year,both sexes <1 years | DHIS,2024/25,84.5
KZ,uMzinyathi DM: DC24,Immunisation coverage under 1 year,both sexes <1 years | DHIS,2015/16,79.7
KZ,uMzinyathi DM: DC24,Immunisation coverage under 1 year,both sexes <1 years | DHIS,2016/17,73.1
KZ,uMzinyathi DM: DC24,Immunisation coverage under 1 year,both sexes <1 years | DHIS,2017/18,87.1
KZ,uMzinyathi DM: DC24,Immunisation coverage under 1 year,both sexes <1 years | DHIS,2018/19,94.1
KZ,uMzinyathi DM: DC24,Immunisation coverage under 1 year,both sexes <1 years | DHIS,2019/20,95.3
KZ,uMzinyathi DM: DC24,Immunisation coverage under 1 year,both sexes <1 years | DHIS,2020/21,89.3
KZ,uMzinyathi DM: DC24,Immunisation coverage under 1 year,both sexes <1 years | DHIS,2021/22,92.2
KZ,uMzinyathi DM: DC24,Immunisation coverage under 1 year,both sexes <1 years | DHIS,2022/23,85.7
KZ,uMzinyathi DM: DC24,Immunisation coverage under 1 year,both sexes <1 years | DHIS,2023/24,91.8
KZ,uMzinyathi DM: DC24,Immunisation coverage under 1 year,both sexes <1 years | DHIS,2024/25,75.8
KZ,uThukela DM: DC23,Immunisation coverage under 1 year,both sexes <1 years | DHIS,2015/16,84.5
KZ,uThukela DM: DC23,Immunisation coverage under 1 year,both sexes <1 years | DHIS,2016/17,79.8
KZ,uThukela DM: DC23,Immunisation coverage under 1 year,both sexes <1 years | DHIS,2017/18,87.2
KZ,uThukela DM: DC23,Immunisation coverage under 1 year,both sexes <1 years | DHIS,2018/19,106.3
KZ,uThukela DM: DC23,Immunisation coverage under 1 year,both sexes <1 years | DHIS,2019/20,99.0
KZ,uThukela DM: DC23,Immunisation coverage under 1 year,both sexes <1 years | DHIS,2020/21,95.1
KZ,uThukela DM: DC23,Immunisation coverage under 1 year,both sexes <1 years | DHIS,2021/22,96.7
KZ,uThukela DM: DC23,Immunisation coverage under 1 year,both sexes <1 years | DHIS,2022/23,91.7
KZ,uThukela DM: DC23,Immunisation coverage under 1 year,both sexes <1 years | DHIS,2023/24,91.6
KZ,uThukela DM: DC23,Immunisation coverage under 1 year,both sexes <1 years | DHIS,2024/25,82.0
KZ,Zululand DM: DC26,Immunisation coverage under 1 year,both sexes <1 years | DHIS,2015/16,66.9
KZ,Zululand DM: DC26,Immunisation coverage under 1 year,both sexes <1 years | DHIS,2016/17,66.9
KZ,Zululand DM: DC26,Immunisation coverage under 1 year,both sexes <1 years | DHIS,2017/18,78.1
KZ,Zululand DM: DC26,Immunisation coverage under 1 year,both sexes <1 years | DHIS,2018/19,87.2
KZ,Zululand DM: DC26,Immunisation coverage under 1 year,both sexes <1 years | DHIS,2019/20,88.3
KZ,Zululand DM: DC26,Immunisation coverage under 1 year,both sexes <1 years | DHIS,2020/21,89.2
KZ,Zululand DM: DC26,Immunisation coverage under 1 year,both sexes <1 years | DHIS,2021/22,93.6
KZ,Zululand DM: DC26,Immunisation coverage under 1 year,both sexes <1 years | DHIS,2022/23,86.9
KZ,Zululand DM: DC26,Immunisation coverage under 1 year,both sexes <1 years | DHIS,2023/24,96.4
KZ,Zululand DM: DC26,Immunisation coverage under 1 year,both sexes <1 years | DHIS,2024/25,85.9
LP,Capricorn DM: DC35,Immunisation coverage under 1 year,both sexes <1 years | DHIS,2015/16,64.7
LP,Capricorn DM: DC35,Immunisation coverage under 1 year,both sexes <1 years | DHIS,2016/17,49.3
LP,Capricorn DM: DC35,Immunisation coverage under 1 year,both sexes <1 years | DHIS,2017/18,59.1
LP,Capricorn DM: DC35,Immunisation coverage under 1 year,both sexes <1 years | DHIS,2018/19,57.6
LP,Capricorn DM: DC35,Immunisation coverage under 1 year,both sexes <1 years | DHIS,2019/20,62.6
LP,Capricorn DM: DC35,Immunisation coverage under 1 year,both sexes <1 years | DHIS,2020/21,50.6
LP,Capricorn DM: DC35,Immunisation coverage under 1 year,both sexes <1 years | DHIS,2021/22,55.4
LP,Capricorn DM: DC35,Immunisation coverage under 1 year,both sexes <1 years | DHIS,2022/23,54.7
LP,Capricorn DM: DC35,Immunisation coverage under 1 year,both sexes <1 years | DHIS,2023/24,60.5
LP,Capricorn DM: DC35,Immunisation coverage under 1 year,both sexes <1 years | DHIS,2024/25,63.6
LP,Mopani DM: DC33,Immunisation coverage under 1 year,both sexes <1 years | DHIS,2015/16,69.5
LP,Mopani DM: DC33,Immunisation coverage under 1 year,both sexes <1 years | DHIS,2016/17,58.0
LP,Mopani DM: DC33,Immunisation coverage under 1 year,both sexes <1 years | DHIS,2017/18,66.8
LP,Mopani DM: DC33,Immunisation coverage under 1 year,both sexes <1 years | DHIS,2018/19,64.2
LP,Mopani DM: DC33,Immunisation coverage under 1 year,both sexes <1 years | DHIS,2019/20,69.2
LP,Mopani DM: DC33,Immunisation coverage under 1 year,both sexes <1 years | DHIS,2020/21,58.8
LP,Mopani DM: DC33,Immunisation coverage under 1 year,both sexes <1 years | DHIS,2021/22,65.6
LP,Mopani DM: DC33,Immunisation coverage under 1 year,both sexes <1 years | DHIS,2022/23,65.7
LP,Mopani DM: DC33,Immunisation coverage under 1 year,both sexes <1 years | DHIS,2023/24,70.8
LP,Mopani DM: DC33,Immunisation coverage under 1 year,both sexes <1 years | DHIS,2024/25,69.2
LP,Sekhukhune DM: DC47,Immunisation coverage under 1 year,both sexes <1 years | DHIS,2015/16,64.2
LP,Sekhukhune DM: DC47,Immunisation coverage under 1 year,both sexes <1 years | DHIS,2016/17,47.2
LP,Sekhukhune DM: DC47,Immunisation coverage under 1 year,both sexes <1 years | DHIS,2017/18,64.5
LP,Sekhukhune DM: DC47,Immunisation coverage under 1 year,both sexes <1 years | DHIS,2018/19,60.2
LP,Sekhukhune DM: DC47,Immunisation coverage under 1 year,both sexes <1 years | DHIS,2019/20,55.4
LP,Sekhukhune DM: DC47,Immunisation coverage under 1 year,both sexes <1 years | DHIS,2020/21,42.4
LP,Sekhukhune DM: DC47,Immunisation coverage under 1 year,both sexes <1 years | DHIS,2021/22,43.2
LP,Sekhukhune DM: DC47,Immunisation coverage under 1 year,both sexes <1 years | DHIS,2022/23,46.4
LP,Sekhukhune DM: DC47,Immunisation coverage under 1 year,both sexes <1 years | DHIS,2023/24,57.3
LP,Sekhukhune DM: DC47,Immunisation coverage under 1 year,both sexes <1 years | DHIS,2024/25,69.8
LP,Vhembe DM: DC34,Immunisation coverage under 1 year,both sexes <1 years | DHIS,2015/16,75.3
LP,Vhembe DM: DC34,Immunisation coverage under 1 year,both sexes <1 years | DHIS,2016/17,62.5
LP,Vhembe DM: DC34,Immunisation coverage under 1 year,both sexes <1 years | DHIS,2017/18,66.2
LP,Vhembe DM: DC34,Immunisation coverage under 1 year,both sexes <1 years | DHIS,2018/19,68.7
LP,Vhembe DM: DC34,Immunisation coverage under 1 year,both sexes <1 years | DHIS,2019/20,70.4
LP,Vhembe DM: DC34,Immunisation coverage under 1 year,both sexes <1 years | DHIS,2020/21,56.3
LP,Vhembe DM: DC34,Immunisation coverage under 1 year,both sexes <1 years | DHIS,2021/22,63.9
LP,Vhembe DM: DC34,Immunisation coverage under 1 year,both sexes <1 years | DHIS,2022/23,59.9
LP,Vhembe DM: DC34,Immunisation coverage under 1 year,both sexes <1 years | DHIS,2023/24,65.2
LP,Vhembe DM: DC34,Immunisation coverage under 1 year,both sexes <1 years | DHIS,2024/25,70.0
LP,Waterberg DM: DC36,Immunisation coverage under 1 year,both sexes <1 years | DHIS,2015/16,69.0
LP,Waterberg DM: DC36,Immunisation coverage under 1 year,both sexes <1 years | DHIS,2016/17,56.1
LP,Waterberg DM: DC36,Immunisation coverage under 1 year,both sexes <1 years | DHIS,2017/18,66.0
LP,Waterberg DM: DC36,Immunisation coverage under 1 year,both sexes <1 years | DHIS,2018/19,66.8
LP,Waterberg DM: DC36,Immunisation coverage under 1 year,both sexes <1 years | DHIS,2019/20,68.2
LP,Waterberg DM: DC36,Immunisation coverage under 1 year,both sexes <1 years | DHIS,2020/21,58.9
LP,Waterberg DM: DC36,Immunisation coverage under 1 year,both sexes <1 years | DHIS,2021/22,60.7
LP,Waterberg DM: DC36,Immunisation coverage under 1 year,both sexes <1 years | DHIS,2022/23,56.8
LP,Waterberg DM: DC36,Immunisation coverage under 1 year,both sexes <1 years | DHIS,2023/24,60.2
LP,Waterberg DM: DC36,Immunisation coverage under 1 year,both sexes <1 years | DHIS,2024/25,57.7
MP,Ehlanzeni DM: DC32,Immunisation coverage under 1 year,both sexes <1 years | DHIS,2015/16,84.6
MP,Ehlanzeni DM: DC32,Immunisation coverage under 1 year,both sexes <1 years | DHIS,2016/17,83.8
MP,Ehlanzeni DM: DC32,Immunisation coverage under 1 year,both sexes <1 years | DHIS,2017/18,92.7
MP,Ehlanzeni DM: DC32,Immunisation coverage under 1 year,both sexes <1 years | DHIS,2018/19,100.2
MP,Ehlanzeni DM: DC32,Immunisation coverage under 1 year,both sexes <1 years | DHIS,2019/20,94.1
MP,Ehlanzeni DM: DC32,Immunisation coverage under 1 year,both sexes <1 years | DHIS,2020/21,84.9
MP,Ehlanzeni DM: DC32,Immunisation coverage under 1 year,both sexes <1 years | DHIS,2021/22,105.0
MP,Ehlanzeni DM: DC32,Immunisation coverage under 1 year,both sexes <1 years | DHIS,2022/23,86.9
MP,Ehlanzeni DM: DC32,Immunisation coverage under 1 year,both sexes <1 years | DHIS,2023/24,82.2
MP,Ehlanzeni DM: DC32,Immunisation coverage under 1 year,both sexes <1 years | DHIS,2024/25,75.4
MP,G Sibande DM: DC30,Immunisation coverage under 1 year,both sexes <1 years | DHIS,2015/16,69.2
MP,G Sibande DM: DC30,Immunisation coverage under 1 year,both sexes <1 years | DHIS,2016/17,49.2
MP,G Sibande DM: DC30,Immunisation coverage under 1 year,both sexes <1 years | DHIS,2017/18,85.8
MP,G Sibande DM: DC30,Immunisation coverage under 1 year,both sexes <1 years | DHIS,2018/19,89.5
MP,G Sibande DM: DC30,Immunisation coverage under 1 year,both sexes <1 years | DHIS,2019/20,86.3
MP,G Sibande DM: DC30,Immunisation coverage under 1 year,both sexes <1 years | DHIS,2020/21,87.4
MP,G Sibande DM: DC30,Immunisation coverage under 1 year,both sexes <1 years | DHIS,2021/22,92.9
MP,G Sibande DM: DC30,Immunisation coverage under 1 year,both sexes <1 years | DHIS,2022/23,90.8
MP,G Sibande DM: DC30,Immunisation coverage under 1 year,both sexes <1 years | DHIS,2023/24,89.0
MP,G Sibande DM: DC30,Immunisation coverage under 1 year,both sexes <1 years | DHIS,2024/25,82.5
MP,Nkangala DM: DC31,Immunisation coverage under 1 year,both sexes <1 years | DHIS,2015/16,88.7
MP,Nkangala DM: DC31,Immunisation coverage under 1 year,both sexes <1 years | DHIS,2016/17,82.6
MP,Nkangala DM: DC31,Immunisation coverage under 1 year,both sexes <1 years | DHIS,2017/18,84.5
MP,Nkangala DM: DC31,Immunisation coverage under 1 year,both sexes <1 years | DHIS,2018/19,85.1
MP,Nkangala DM: DC31,Immunisation coverage under 1 year,both sexes <1 years | DHIS,2019/20,87.9
MP,Nkangala DM: DC31,Immunisation coverage under 1 year,both sexes <1 years | DHIS,2020/21,78.9
MP,Nkangala DM: DC31,Immunisation coverage under 1 year,both sexes <1 years | DHIS,2021/22,86.8
MP,Nkangala DM: DC31,Immunisation coverage under 1 year,both sexes <1 years | DHIS,2022/23,82.9
MP,Nkangala DM: DC31,Immunisation coverage under 1 year,both sexes <1 years | DHIS,2023/24,82.5
MP,Nkangala DM: DC31,Immunisation coverage under 1 year,both sexes <1 years | DHIS,2024/25,82.9
NC,Frances Baard DM: DC9,Immunisation coverage under 1 year,both sexes <1 years | DHIS,2015/16,58.8
NC,Frances Baard DM: DC9,Immunisation coverage under 1 year,both sexes <1 years | DHIS,2016/17,57.6
NC,Frances Baard DM: DC9,Immunisation coverage under 1 year,both sexes <1 years | DHIS,2017/18,57.7
NC,Frances Baard DM: DC9,Immunisation coverage under 1 year,both sexes <1 years | DHIS,2018/19,61.5
NC,Frances Baard DM: DC9,Immunisation coverage under 1 year,both sexes <1 years | DHIS,2019/20,61.4
NC,Frances Baard DM: DC9,Immunisation coverage under 1 year,both sexes <1 years | DHIS,2020/21,55.7
NC,Frances Baard DM: DC9,Immunisation coverage under 1 year,both sexes <1 years | DHIS,2021/22,65.6
NC,Frances Baard DM: DC9,Immunisation coverage under 1 year,both sexes <1 years | DHIS,2022/23,66.0
NC,Frances Baard DM: DC9,Immunisation coverage under 1 year,both sexes <1 years | DHIS,2023/24,68.2
NC,Frances Baard DM: DC9,Immunisation coverage under 1 year,both sexes <1 years | DHIS,2024/25,53.5
NC,JT Gaetsewe DM: DC45,Immunisation coverage under 1 year,both sexes <1 years | DHIS,2015/16,88.8
NC,JT Gaetsewe DM: DC45,Immunisation coverage under 1 year,both sexes <1 years | DHIS,2016/17,80.6
NC,JT Gaetsewe DM: DC45,Immunisation coverage under 1 year,both sexes <1 years | DHIS,2017/18,73.3
NC,JT Gaetsewe DM: DC45,Immunisation coverage under 1 year,both sexes <1 years | DHIS,2018/19,73.2
NC,JT Gaetsewe DM: DC45,Immunisation coverage under 1 year,both sexes <1 years | DHIS,2019/20,84.4
NC,JT Gaetsewe DM: DC45,Immunisation coverage under 1 year,both sexes <1 years | DHIS,2020/21,74.4
NC,JT Gaetsewe DM: DC45,Immunisation coverage under 1 year,both sexes <1 years | DHIS,2021/22,80.8
NC,JT Gaetsewe DM: DC45,Immunisation coverage under 1 year,both sexes <1 years | DHIS,2022/23,85.5
NC,JT Gaetsewe DM: DC45,Immunisation coverage under 1 year,both sexes <1 years | DHIS,2023/24,81.8
NC,JT Gaetsewe DM: DC45,Immunisation coverage under 1 year,both sexes <1 years | DHIS,2024/25,76.1
NC,Namakwa DM: DC6,Immunisation coverage under 1 year,both sexes <1 years | DHIS,2015/16,70.2
NC,Namakwa DM: DC6,Immunisation coverage under 1 year,both sexes <1 years | DHIS,2016/17,74.9
NC,Namakwa DM: DC6,Immunisation coverage under 1 year,both sexes <1 years | DHIS,2017/18,73.0
NC,Namakwa DM: DC6,Immunisation coverage under 1 year,both sexes <1 years | DHIS,2018/19,76.3
NC,Namakwa DM: DC6,Immunisation coverage under 1 year,both sexes <1 years | DHIS,2019/20,75.4
NC,Namakwa DM: DC6,Immunisation coverage under 1 year,both sexes <1 years | DHIS,2020/21,69.1
NC,Namakwa DM: DC6,Immunisation coverage under 1 year,both sexes <1 years | DHIS,2021/22,69.3
NC,Namakwa DM: DC6,Immunisation coverage under 1 year,both sexes <1 years | DHIS,2022/23,63.5
NC,Namakwa DM: DC6,Immunisation coverage under 1 year,both sexes <1 years | DHIS,2023/24,66.2
NC,Namakwa DM: DC6,Immunisation coverage under 1 year,both sexes <1 years | DHIS,2024/25,70.4
NC,Pixley Ka Seme DM: DC7,Immunisation coverage under 1 year,both sexes <1 years | DHIS,2015/16,78.2
NC,Pixley Ka Seme DM: DC7,Immunisation coverage under 1 year,both sexes <1 years | DHIS,2016/17,67.1
NC,Pixley Ka Seme DM: DC7,Immunisation coverage under 1 year,both sexes <1 years | DHIS,2017/18,69.1
NC,Pixley Ka Seme DM: DC7,Immunisation coverage under 1 year,both sexes <1 years | DHIS,2018/19,67.2
NC,Pixley Ka Seme DM: DC7,Immunisation coverage under 1 year,both sexes <1 years | DHIS,2019/20,63.1
NC,Pixley Ka Seme DM: DC7,Immunisation coverage under 1 year,both sexes <1 years | DHIS,2020/21,57.4
NC,Pixley Ka Seme DM: DC7,Immunisation coverage under 1 year,both sexes <1 years | DHIS,2021/22,62.3
NC,Pixley Ka Seme DM: DC7,Immunisation coverage under 1 year,both sexes <1 years | DHIS,2022/23,63.9
NC,Pixley Ka Seme DM: DC7,Immunisation coverage under 1 year,both sexes <1 years | DHIS,2023/24,61.1
NC,Pixley Ka Seme DM: DC7,Immunisation coverage under 1 year,both sexes <1 years | DHIS,2024/25,60.6
NC,ZF Mgcawu DM: DC8,Immunisation coverage under 1 year,both sexes <1 years | DHIS,2015/16,64.0
NC,ZF Mgcawu DM: DC8,Immunisation coverage under 1 year,both sexes <1 years | DHIS,2016/17,65.5
NC,ZF Mgcawu DM: DC8,Immunisation coverage under 1 year,both sexes <1 years | DHIS,2017/18,54.3
NC,ZF Mgcawu DM: DC8,Immunisation coverage under 1 year,both sexes <1 years | DHIS,2018/19,63.1
NC,ZF Mgcawu DM: DC8,Immunisation coverage under 1 year,both sexes <1 years | DHIS,2019/20,64.1
NC,ZF Mgcawu DM: DC8,Immunisation coverage under 1 year,both sexes <1 years | DHIS,2020/21,57.7
NC,ZF Mgcawu DM: DC8,Immunisation coverage under 1 year,both sexes <1 years | DHIS,2021/22,66.5
NC,ZF Mgcawu DM: DC8,Immunisation coverage under 1 year,both sexes <1 years | DHIS,2022/23,66.5
NC,ZF Mgcawu DM: DC8,Immunisation coverage under 1 year,both sexes <1 years | DHIS,2023/24,64.4
NC,ZF Mgcawu DM: DC8,Immunisation coverage under 1 year,both sexes <1 years | DHIS,2024/25,65.0
NW,Bojanala Platinum DM: DC37,Immunisation coverage under 1 year,both sexes <1 years | DHIS,2015/16,86.5
NW,Bojanala Platinum DM: DC37,Immunisation coverage under 1 year,both sexes <1 years | DHIS,2016/17,79.9
NW,Bojanala Platinum DM: DC37,Immunisation coverage under 1 year,both sexes <1 years | DHIS,2017/18,78.6
NW,Bojanala Platinum DM: DC37,Immunisation coverage under 1 year,both sexes <1 years | DHIS,2018/19,75.0
NW,Bojanala Platinum DM: DC37,Immunisation coverage under 1 year,both sexes <1 years | DHIS,2019/20,62.5
NW,Bojanala Platinum DM: DC37,Immunisation coverage under 1 year,both sexes <1 years | DHIS,2020/21,75.0
NW,Bojanala Platinum DM: DC37,Immunisation coverage under 1 year,both sexes <1 years | DHIS,2021/22,65.2
NW,Bojanala Platinum DM: DC37,Immunisation coverage under 1 year,both sexes <1 years | DHIS,2022/23,76.9
NW,Bojanala Platinum DM: DC37,Immunisation coverage under 1 year,both sexes <1 years | DHIS,2023/24,85.3
NW,Bojanala Platinum DM: DC37,Immunisation coverage under 1 year,both sexes <1 years | DHIS,2024/25,81.8
NW,Dr K Kaunda DM: DC40,Immunisation coverage under 1 year,both sexes <1 years | DHIS,2015/16,72.8
NW,Dr K Kaunda DM: DC40,Immunisation coverage under 1 year,both sexes <1 years | DHIS,2016/17,62.8
NW,Dr K Kaunda DM: DC40,Immunisation coverage under 1 year,both sexes <1 years | DHIS,2017/18,68.9
NW,Dr K Kaunda DM: DC40,Immunisation coverage under 1 year,both sexes <1 years | DHIS,2018/19,68.6
NW,Dr K Kaunda DM: DC40,Immunisation coverage under 1 year,both sexes <1 years | DHIS,2019/20,71.0
NW,Dr K Kaunda DM: DC40,Immunisation coverage under 1 year,both sexes <1 years | DHIS,2020/21,71.7
NW,Dr K Kaunda DM: DC40,Immunisation coverage under 1 year,both sexes <1 years | DHIS,2021/22,58.5
NW,Dr K Kaunda DM: DC40,Immunisation coverage under 1 year,both sexes <1 years | DHIS,2022/23,68.5
NW,Dr K Kaunda DM: DC40,Immunisation coverage under 1 year,both sexes <1 years | DHIS,2023/24,75.7
NW,Dr K Kaunda DM: DC40,Immunisation coverage under 1 year,both sexes <1 years | DHIS,2024/25,69.7
NW,NM Molema DM: DC38,Immunisation coverage under 1 year,both sexes <1 years | DHIS,2015/16,70.4
NW,NM Molema DM: DC38,Immunisation coverage under 1 year,both sexes <1 years | DHIS,2016/17,62.4
NW,NM Molema DM: DC38,Immunisation coverage under 1 year,both sexes <1 years | DHIS,2017/18,59.8
NW,NM Molema DM: DC38,Immunisation coverage under 1 year,both sexes <1 years | DHIS,2018/19,55.8
NW,NM Molema DM: DC38,Immunisation coverage under 1 year,both sexes <1 years | DHIS,2019/20,59.7
NW,NM Molema DM: DC38,Immunisation coverage under 1 year,both sexes <1 years | DHIS,2020/21,68.2
NW,NM Molema DM: DC38,Immunisation coverage under 1 year,both sexes <1 years | DHIS,2021/22,61.2
NW,NM Molema DM: DC38,Immunisation coverage under 1 year,both sexes <1 years | DHIS,2022/23,68.4
NW,NM Molema DM: DC38,Immunisation coverage under 1 year,both sexes <1 years | DHIS,2023/24,71.0
NW,NM Molema DM: DC38,Immunisation coverage under 1 year,both sexes <1 years | DHIS,2024/25,69.4
NW,RS Mompati DM: DC39,Immunisation coverage under 1 year,both sexes <1 years | DHIS,2015/16,70.6
NW,RS Mompati DM: DC39,Immunisation coverage under 1 year,both sexes <1 years | DHIS,2016/17,62.7
NW,RS Mompati DM: DC39,Immunisation coverage under 1 year,both sexes <1 years | DHIS,2017/18,62.7
NW,RS Mompati DM: DC39,Immunisation coverage under 1 year,both sexes <1 years | DHIS,2018/19,64.7
NW,RS Mompati DM: DC39,Immunisation coverage under 1 year,both sexes <1 years | DHIS,2019/20,53.0
NW,RS Mompati DM: DC39,Immunisation coverage under 1 year,both sexes <1 years | DHIS,2020/21,61.2
NW,RS Mompati DM: DC39,Immunisation coverage under 1 year,both sexes <1 years | DHIS,2021/22,63.2
NW,RS Mompati DM: DC39,Immunisation coverage under 1 year,both sexes <1 years | DHIS,2022/23,77.2
NW,RS Mompati DM: DC39,Immunisation coverage under 1 year,both sexes <1 years | DHIS,2023/24,83.5
NW,RS Mompati DM: DC39,Immunisation coverage under 1 year,both sexes <1 years | DHIS,2024/25,77.4
WC,Cape Town MM: CPT,Immunisation coverage under 1 year,both sexes <1 years | DHIS,2015/16,83.0
WC,Cape Town MM: CPT,Immunisation coverage under 1 year,both sexes <1 years | DHIS,2016/17,74.8
WC,Cape Town MM: CPT,Immunisation coverage under 1 year,both sexes <1 years | DHIS,2017/18,83.3
WC,Cape Town MM: CPT,Immunisation coverage under 1 year,both sexes <1 years | DHIS,2018/19,80.8
WC,Cape Town MM: CPT,Immunisation coverage under 1 year,both sexes <1 years | DHIS,2019/20,82.5
WC,Cape Town MM: CPT,Immunisation coverage under 1 year,both sexes <1 years | DHIS,2020/21,79.4
WC,Cape Town MM: CPT,Immunisation coverage under 1 year,both sexes <1 years | DHIS,2021/22,79.5
WC,Cape Town MM: CPT,Immunisation coverage under 1 year,both sexes <1 years | DHIS,2022/23,71.6
WC,Cape Town MM: CPT,Immunisation coverage under 1 year,both sexes <1 years | DHIS,2023/24,71.7
WC,Cape Town MM: CPT,Immunisation coverage under 1 year,both sexes <1 years | DHIS,2024/25,71.7
WC,Cape Winelands DM: DC2,Immunisation coverage under 1 year,both sexes <1 years | DHIS,2015/16,80.7
WC,Cape Winelands DM: DC2,Immunisation coverage under 1 year,both sexes <1 years | DHIS,2016/17,71.9
WC,Cape Winelands DM: DC2,Immunisation coverage under 1 year,both sexes <1 years | DHIS,2017/18,80.7
WC,Cape Winelands DM: DC2,Immunisation coverage under 1 year,both sexes <1 years | DHIS,2018/19,82.6
WC,Cape Winelands DM: DC2,Immunisation coverage under 1 year,both sexes <1 years | DHIS,2019/20,78.4
WC,Cape Winelands DM: DC2,Immunisation coverage under 1 year,both sexes <1 years | DHIS,2020/21,76.6
WC,Cape Winelands DM: DC2,Immunisation coverage under 1 year,both sexes <1 years | DHIS,2021/22,75.1
WC,Cape Winelands DM: DC2,Immunisation coverage under 1 year,both sexes <1 years | DHIS,2022/23,74.2
WC,Cape Winelands DM: DC2,Immunisation coverage under 1 year,both sexes <1 years | DHIS,2023/24,72.9
WC,Cape Winelands DM: DC2,Immunisation coverage under 1 year,both sexes <1 years | DHIS,2024/25,70.4
WC,Central Karoo DM: DC5,Immunisation coverage under 1 year,both sexes <1 years | DHIS,2015/16,68.7
WC,Central Karoo DM: DC5,Immunisation coverage under 1 year,both sexes <1 years | DHIS,2016/17,63.8
WC,Central Karoo DM: DC5,Immunisation coverage under 1 year,both sexes <1 years | DHIS,2017/18,73.3
WC,Central Karoo DM: DC5,Immunisation coverage under 1 year,both sexes <1 years | DHIS,2018/19,70.1
WC,Central Karoo DM: DC5,Immunisation coverage under 1 year,both sexes <1 years | DHIS,2019/20,73.4
WC,Central Karoo DM: DC5,Immunisation coverage under 1 year,both sexes <1 years | DHIS,2020/21,62.2
WC,Central Karoo DM: DC5,Immunisation coverage under 1 year,both sexes <1 years | DHIS,2021/22,65.3
WC,Central Karoo DM: DC5,Immunisation coverage under 1 year,both sexes <1 years | DHIS,2022/23,60.7
WC,Central Karoo DM: DC5,Immunisation coverage under 1 year,both sexes <1 years | DHIS,2023/24,59.3
WC,Central Karoo DM: DC5,Immunisation coverage under 1 year,both sexes <1 years | DHIS,2024/25,60.5
WC,Garden Route DM: DC4,Immunisation coverage under 1 year,both sexes <1 years | DHIS,2015/16,75.4
WC,Garden Route DM: DC4,Immunisation coverage under 1 year,both sexes <1 years | DHIS,2016/17,74.9
WC,Garden Route DM: DC4,Immunisation coverage under 1 year,both sexes <1 years | DHIS,2017/18,74.6
WC,Garden Route DM: DC4,Immunisation coverage under 1 year,both sexes <1 years | DHIS,2018/19,78.9
WC,Garden Route DM: DC4,Immunisation coverage under 1 year,both sexes <1 years | DHIS,2019/20,80.0
WC,Garden Route DM: DC4,Immunisation coverage under 1 year,both sexes <1 years | DHIS,2020/21,80.8
WC,Garden Route DM: DC4,Immunisation coverage under 1 year,both sexes <1 years | DHIS,2021/22,79.2
WC,Garden Route DM: DC4,Immunisation coverage under 1 year,both sexes <1 years | DHIS,2022/23,75.9
WC,Garden Route DM: DC4,Immunisation coverage under 1 year,both sexes <1 years | DHIS,2023/24,76.6
WC,Garden Route DM: DC4,Immunisation coverage under 1 year,both sexes <1 years | DHIS,2024/25,74.0
WC,Overberg DM: DC3,Immunisation coverage under 1 year,both sexes <1 years | DHIS,2015/16,92.4
WC,Overberg DM: DC3,Immunisation coverage under 1 year,both sexes <1 years | DHIS,2016/17,78.8
WC,Overberg DM: DC3,Immunisation coverage under 1 year,both sexes <1 years | DHIS,2017/18,79.9
WC,Overberg DM: DC3,Immunisation coverage under 1 year,both sexes <1 years | DHIS,2018/19,80.6
WC,Overberg DM: DC3,Immunisation coverage under 1 year,both sexes <1 years | DHIS,2019/20,81.9
WC,Overberg DM: DC3,Immunisation coverage under 1 year,both sexes <1 years | DHIS,2020/21,85.5
WC,Overberg DM: DC3,Immunisation coverage under 1 year,both sexes <1 years | DHIS,2021/22,82.7
WC,Overberg DM: DC3,Immunisation coverage under 1 year,both sexes <1 years | DHIS,2022/23,81.5
WC,Overberg DM: DC3,Immunisation coverage under 1 year,both sexes <1 years | DHIS,2023/24,84.8
WC,Overberg DM: DC3,Immunisation coverage under 1 year,both sexes <1 years | DHIS,2024/25,86.2
WC,West Coast DM: DC1,Immunisation coverage under 1 year,both sexes <1 years | DHIS,2015/16,84.6
WC,West Coast DM: DC1,Immunisation coverage under 1 year,both sexes <1 years | DHIS,2016/17,84.0
WC,West Coast DM: DC1,Immunisation coverage under 1 year,both sexes <1 years | DHIS,2017/18,77.3
WC,West Coast DM: DC1,Immunisation coverage under 1 year,both sexes <1 years | DHIS,2018/19,85.5
WC,West Coast DM: DC1,Immunisation coverage under 1 year,both sexes <1 years | DHIS,2019/20,78.5
WC,West Coast DM: DC1,Immunisation coverage under 1 year,both sexes <1 years | DHIS,2020/21,85.5
WC,West Coast DM: DC1,Immunisation coverage under 1 year,both sexes <1 years | DHIS,2021/22,85.4
WC,West Coast DM: DC1,Immunisation coverage under 1 year,both sexes <1 years | DHIS,2022/23,78.6
WC,West Coast DM: DC1,Immunisation coverage under 1 year,both sexes <1 years | DHIS,2023/24,81.9
WC,West Coast DM: DC1,Immunisation coverage under 1 year,both sexes <1 years | DHIS,2024/25,75.9
