province,department,programme,subprogramme,econ5,audited_2022_23,audited_2023_24,preliminary_2024_25,main_appropriation_2025_26,adjusted_appropriation_2025_26
Eastern Cape,HEALTH,Administration,OFFICE OF THE MEC,Other machinery and equipment,210,21,0,0,0
Eastern Cape,HEALTH,Administration,OFFICE OF THE MEC,Transport equipment,0,0,0,1000,1000
Eastern Cape,HEALTH,Administration,OFFICE OF THE MEC,Salaries and wages,5988,7118,6166,7047,7047
Eastern Cape,HEALTH,Administration,OFFICE OF THE MEC,Social contributions,457,620,474,892,892
Eastern Cape,HEALTH,Administration,OFFICE OF THE MEC,Advertising,0,0,0,665,0
Eastern Cape,HEALTH,Administration,OFFICE OF THE MEC,Catering: Departmental activities,0,8,0,0,80
Eastern Cape,HEALTH,Administration,OFFICE OF THE MEC,Communication (G&S),11,10,12,562,0
Eastern Cape,HEALTH,Administration,OFFICE OF THE MEC,Consumable supplies,9,23,28,376,0
Eastern Cape,HEALTH,Administration,OFFICE OF THE MEC,"Consumables: Stationery, printing and office supplies",0,0,0,208,100
Eastern Cape,HEALTH,Administration,OFFICE OF THE MEC,Fleet services (including government motor transport),0,0,0,261,261
Eastern Cape,HEALTH,Administration,OFFICE OF THE MEC,Inventory: Food and food supplies,28,28,58,751,51
Eastern Cape,HEALTH,Administration,OFFICE OF THE MEC,Inventory: Learner and teacher support material,31,0,0,0,0
Eastern Cape,HEALTH,Administration,OFFICE OF THE MEC,Legal services (G&S),0,0,0,5243,0
Eastern Cape,HEALTH,Administration,OFFICE OF THE MEC,Minor assets,0,0,0,485,675
Eastern Cape,HEALTH,Administration,OFFICE OF THE MEC,Operating leases,0,0,0,68,68
Eastern Cape,HEALTH,Administration,OFFICE OF THE MEC,Operating payments,0,1,0,283,0
Eastern Cape,HEALTH,Administration,OFFICE OF THE MEC,Property payments,0,0,0,126,126
Eastern Cape,HEALTH,Administration,OFFICE OF THE MEC,Science and technological services,0,0,0,0,0
Eastern Cape,HEALTH,Administration,OFFICE OF THE MEC,Training and development,0,0,0,0,0
Eastern Cape,HEALTH,Administration,OFFICE OF THE MEC,Transport provided: Departmental activity,0,0,0,0,0
Eastern Cape,HEALTH,Administration,OFFICE OF THE MEC,Travel and subsistence,1518,4279,6423,1176,4550
Eastern Cape,HEALTH,Administration,OFFICE OF THE MEC,Venues and facilities,0,159,122,0,283
Eastern Cape,HEALTH,Administration,MANAGEMENT,Other machinery and equipment,58507,27985,43477,75659,78860
Eastern Cape,HEALTH,Administration,MANAGEMENT,Transport equipment,52138,6193,4993,5360,4560
Eastern Cape,HEALTH,Administration,MANAGEMENT,Salaries and wages,338307,349769,351431,386865,381952
Eastern Cape,HEALTH,Administration,MANAGEMENT,Social contributions,51261,53968,55639,70415,74885
Eastern Cape,HEALTH,Administration,MANAGEMENT,Administrative fees,877,1486,1224,477,1139
Eastern Cape,HEALTH,Administration,MANAGEMENT,Advertising,1170,100,114,203,918
Eastern Cape,HEALTH,Administration,MANAGEMENT,Agency and support/outsourced services,0,137,0,0,4530
Eastern Cape,HEALTH,Administration,MANAGEMENT,Audit costs: External,28492,31879,39806,44743,44743
Eastern Cape,HEALTH,Administration,MANAGEMENT,Bursaries: Employees,10,71,79,0,0
Eastern Cape,HEALTH,Administration,MANAGEMENT,Catering: Departmental activities,281,177,220,0,130
Eastern Cape,HEALTH,Administration,MANAGEMENT,Communication (G&S),48932,74310,33644,34016,81433
Eastern Cape,HEALTH,Administration,MANAGEMENT,Computer services,56081,33165,30949,84764,82283
Eastern Cape,HEALTH,Administration,MANAGEMENT,Consultants: Business and advisory services,11807,98245,12262,20415,24997
Eastern Cape,HEALTH,Administration,MANAGEMENT,Consumable supplies,610,28131,694,4290,3893
Eastern Cape,HEALTH,Administration,MANAGEMENT,"Consumables: Stationery, printing and office supplies",1722,1179,1231,23544,7972
Eastern Cape,HEALTH,Administration,MANAGEMENT,Contractors,0,73,4,2450,300
Eastern Cape,HEALTH,Administration,MANAGEMENT,Fleet services (including government motor transport),8865,3116,6622,68860,14653
Eastern Cape,HEALTH,Administration,MANAGEMENT,Inventory: Food and food supplies,0,30,16,0,151
Eastern Cape,HEALTH,Administration,MANAGEMENT,"Inventory: Fuel, oil and gas",87,0,0,0,0
Eastern Cape,HEALTH,Administration,MANAGEMENT,Inventory: Materials and supplies,129,134,140,805,1158
Eastern Cape,HEALTH,Administration,MANAGEMENT,Inventory: Other supplies,220,229,662,0,700
Eastern Cape,HEALTH,Administration,MANAGEMENT,Legal services (G&S),82631,831,49303,28890,64237
Eastern Cape,HEALTH,Administration,MANAGEMENT,Minor assets,18,50,40,4123,4194
Eastern Cape,HEALTH,Administration,MANAGEMENT,Operating leases,2774,3521,6316,3297,6197
Eastern Cape,HEALTH,Administration,MANAGEMENT,Operating payments,510,617,546,1982,1363
Eastern Cape,HEALTH,Administration,MANAGEMENT,Property payments,226,283,227,0,2455
Eastern Cape,HEALTH,Administration,MANAGEMENT,Science and technological services,0,0,0,0,0
Eastern Cape,HEALTH,Administration,MANAGEMENT,Training and development,0,0,0,0,100
Eastern Cape,HEALTH,Administration,MANAGEMENT,Travel and subsistence,12388,22147,14264,6251,17441
Eastern Cape,HEALTH,Administration,MANAGEMENT,Venues and facilities,297,1187,645,0,732
Eastern Cape,HEALTH,Administration,MANAGEMENT,Interest (Incl. interest on unitary payments (PPP)),2911,4084,8168,0,0
Eastern Cape,HEALTH,Administration,MANAGEMENT,Other transfers to households,11,5,-1282,0,0
Eastern Cape,HEALTH,Administration,MANAGEMENT,Social benefits,4189,3298,3854,2201,2644
Eastern Cape,HEALTH,District Health Services,DISTRICT MANAGEMENT,Other machinery and equipment,24416,15412,10148,15240,15240
Eastern Cape,HEALTH,District Health Services,DISTRICT MANAGEMENT,Transport equipment,25321,29014,25476,27161,27161
Eastern Cape,HEALTH,District Health Services,DISTRICT MANAGEMENT,Salaries and wages,706265,723941,701822,770788,752465
Eastern Cape,HEALTH,District Health Services,DISTRICT MANAGEMENT,Social contributions,105694,114203,123296,115704,134027
Eastern Cape,HEALTH,District Health Services,DISTRICT MANAGEMENT,Administrative fees,0,0,0,5,5
Eastern Cape,HEALTH,District Health Services,DISTRICT MANAGEMENT,Advertising,0,0,0,90,60
Eastern Cape,HEALTH,District Health Services,DISTRICT MANAGEMENT,Agency and support/outsourced services,333,561,497,7409,4769
Eastern Cape,HEALTH,District Health Services,DISTRICT MANAGEMENT,Bursaries: Employees,48,51,17,0,0
Eastern Cape,HEALTH,District Health Services,DISTRICT MANAGEMENT,Catering: Departmental activities,147,416,57,0,0
Eastern Cape,HEALTH,District Health Services,DISTRICT MANAGEMENT,Communication (G&S),12571,15548,166,5559,738
Eastern Cape,HEALTH,District Health Services,DISTRICT MANAGEMENT,Computer services,1628,2043,1861,2843,1272
Eastern Cape,HEALTH,District Health Services,DISTRICT MANAGEMENT,Consultants: Business and advisory services,0,60,61,80,80
Eastern Cape,HEALTH,District Health Services,DISTRICT MANAGEMENT,Consumable supplies,3975,3857,5015,6124,5583
Eastern Cape,HEALTH,District Health Services,DISTRICT MANAGEMENT,"Consumables: Stationery, printing and office supplies",4892,4180,6530,9659,10349
Eastern Cape,HEALTH,District Health Services,DISTRICT MANAGEMENT,Contractors,441,3429,344,198,1895
Eastern Cape,HEALTH,District Health Services,DISTRICT MANAGEMENT,Entertainment,15,0,0,0,0
Eastern Cape,HEALTH,District Health Services,DISTRICT MANAGEMENT,Fleet services (including government motor transport),38176,13446,36303,6326,6326
Eastern Cape,HEALTH,District Health Services,DISTRICT MANAGEMENT,Inventory: Clothing material and accessories,192,39,287,774,764
Eastern Cape,HEALTH,District Health Services,DISTRICT MANAGEMENT,Inventory: Food and food supplies,495,465,111,297,52
Eastern Cape,HEALTH,District Health Services,DISTRICT MANAGEMENT,"Inventory: Fuel, oil and gas",3101,1732,210,1192,1224
Eastern Cape,HEALTH,District Health Services,DISTRICT MANAGEMENT,Inventory: Materials and supplies,1644,979,1181,4920,4371
Eastern Cape,HEALTH,District Health Services,DISTRICT MANAGEMENT,Inventory: Medical supplies,60557,5299,4654,4269,6479
Eastern Cape,HEALTH,District Health Services,DISTRICT MANAGEMENT,Inventory: Medicine,0,0,0,0,0
Eastern Cape,HEALTH,District Health Services,DISTRICT MANAGEMENT,Inventory: Other supplies,2417,865,2160,3902,4319
Eastern Cape,HEALTH,District Health Services,DISTRICT MANAGEMENT,Laboratory services,-8690,408,0,0,0
Eastern Cape,HEALTH,District Health Services,DISTRICT MANAGEMENT,Minor assets,1538,2752,917,7655,5282
Eastern Cape,HEALTH,District Health Services,DISTRICT MANAGEMENT,Operating leases,8169,4484,7413,7341,7761
Eastern Cape,HEALTH,District Health Services,DISTRICT MANAGEMENT,Operating payments,1090,858,2879,4747,4739
Eastern Cape,HEALTH,District Health Services,DISTRICT MANAGEMENT,Property payments,47939,24464,34896,28334,31320
Eastern Cape,HEALTH,District Health Services,DISTRICT MANAGEMENT,Rental and hiring,91,248,749,50,0
Eastern Cape,HEALTH,District Health Services,DISTRICT MANAGEMENT,Training and development,0,0,624,3000,2156
Eastern Cape,HEALTH,District Health Services,DISTRICT MANAGEMENT,Transport provided: Departmental activity,30,37,10,99,0
Eastern Cape,HEALTH,District Health Services,DISTRICT MANAGEMENT,Travel and subsistence,9146,9471,7141,7760,8450
Eastern Cape,HEALTH,District Health Services,DISTRICT MANAGEMENT,Venues and facilities,131,1019,66,0,0
Eastern Cape,HEALTH,District Health Services,DISTRICT MANAGEMENT,Social benefits,32303,56711,45276,44984,44984
Eastern Cape,HEALTH,District Health Services,COMMUNITY HEALTH CLINICS,Other machinery and equipment,5957,5547,4787,11276,11276
Eastern Cape,HEALTH,District Health Services,COMMUNITY HEALTH CLINICS,Transport equipment,0,22,0,10111,10111
Eastern Cape,HEALTH,District Health Services,COMMUNITY HEALTH CLINICS,Salaries and wages,1715388,1843493,1887021,1948112,1645938
Eastern Cape,HEALTH,District Health Services,COMMUNITY HEALTH CLINICS,Social contributions,263165,298871,317460,279807,641981
Eastern Cape,HEALTH,District Health Services,COMMUNITY HEALTH CLINICS,Administrative fees,19,0,0,34,30
Eastern Cape,HEALTH,District Health Services,COMMUNITY HEALTH CLINICS,Advertising,0,0,0,20,20
Eastern Cape,HEALTH,District Health Services,COMMUNITY HEALTH CLINICS,Agency and support/outsourced services,621,970,0,150,270
Eastern Cape,HEALTH,District Health Services,COMMUNITY HEALTH CLINICS,Bursaries: Employees,382,631,34,0,0
Eastern Cape,HEALTH,District Health Services,COMMUNITY HEALTH CLINICS,Catering: Departmental activities,17,0,16,0,0
Eastern Cape,HEALTH,District Health Services,COMMUNITY HEALTH CLINICS,Communication (G&S),9783,12384,6,3070,-6426
Eastern Cape,HEALTH,District Health Services,COMMUNITY HEALTH CLINICS,Computer services,0,437,845,1068,1000
Eastern Cape,HEALTH,District Health Services,COMMUNITY HEALTH CLINICS,Consultants: Business and advisory services,3854,6246,6673,15020,14020
Eastern Cape,HEALTH,District Health Services,COMMUNITY HEALTH CLINICS,Consumable supplies,14268,18495,20135,23989,24973
Eastern Cape,HEALTH,District Health Services,COMMUNITY HEALTH CLINICS,"Consumables: Stationery, printing and office supplies",3772,14902,14712,38418,23224
Eastern Cape,HEALTH,District Health Services,COMMUNITY HEALTH CLINICS,Contractors,2658,3777,5279,7572,11950
Eastern Cape,HEALTH,District Health Services,COMMUNITY HEALTH CLINICS,Fleet services (including government motor transport),0,0,18,1065,165
Eastern Cape,HEALTH,District Health Services,COMMUNITY HEALTH CLINICS,Inventory: Clothing material and accessories,216,467,532,3122,2018
Eastern Cape,HEALTH,District Health Services,COMMUNITY HEALTH CLINICS,Inventory: Food and food supplies,204,281,68,0,675
Eastern Cape,HEALTH,District Health Services,COMMUNITY HEALTH CLINICS,"Inventory: Fuel, oil and gas",2858,3785,783,4576,6037
Eastern Cape,HEALTH,District Health Services,COMMUNITY HEALTH CLINICS,Inventory: Materials and supplies,1335,6280,4367,6707,8910
Eastern Cape,HEALTH,District Health Services,COMMUNITY HEALTH CLINICS,Inventory: Medical supplies,52721,46217,51330,14445,35506
Eastern Cape,HEALTH,District Health Services,COMMUNITY HEALTH CLINICS,Inventory: Medicine,430074,557515,510525,119293,186603
Eastern Cape,HEALTH,District Health Services,COMMUNITY HEALTH CLINICS,Inventory: Other supplies,2948,2952,4549,10506,12674
Eastern Cape,HEALTH,District Health Services,COMMUNITY HEALTH CLINICS,Laboratory services,67611,61029,5989,111336,113899
Eastern Cape,HEALTH,District Health Services,COMMUNITY HEALTH CLINICS,Medsas inventory interface,0,0,0,0,0
Eastern Cape,HEALTH,District Health Services,COMMUNITY HEALTH CLINICS,Minor assets,543,2537,2612,15465,11036
Eastern Cape,HEALTH,District Health Services,COMMUNITY HEALTH CLINICS,Operating leases,9291,6938,10525,15095,12465
Eastern Cape,HEALTH,District Health Services,COMMUNITY HEALTH CLINICS,Operating payments,1397,531,2130,3928,6758
Eastern Cape,HEALTH,District Health Services,COMMUNITY HEALTH CLINICS,Property payments,348692,380907,502118,352510,374848
Eastern Cape,HEALTH,District Health Services,COMMUNITY HEALTH CLINICS,Rental and hiring,0,0,27,100,100
Eastern Cape,HEALTH,District Health Services,COMMUNITY HEALTH CLINICS,Training and development,0,0,0,2000,0
Eastern Cape,HEALTH,District Health Services,COMMUNITY HEALTH CLINICS,Transport provided: Departmental activity,0,0,0,0,0
Eastern Cape,HEALTH,District Health Services,COMMUNITY HEALTH CLINICS,Travel and subsistence,918,1783,1342,2049,1806
Eastern Cape,HEALTH,District Health Services,COMMUNITY HEALTH CLINICS,Venues and facilities,176,153,54,0,0
Eastern Cape,HEALTH,District Health Services,COMMUNITY HEALTH CLINICS,Interest (Incl. interest on unitary payments (PPP)),15,78,0,0,0
Eastern Cape,HEALTH,District Health Services,COMMUNITY HEALTH CLINICS,Other transfers to households,0,2588,0,0,0
Eastern Cape,HEALTH,District Health Services,COMMUNITY HEALTH CLINICS,Social benefits,3264,4277,4774,0,0
Eastern Cape,HEALTH,District Health Services,COMMUNITY HEALTH CENTRES,Other machinery and equipment,1521,775,581,2981,2981
Eastern Cape,HEALTH,District Health Services,COMMUNITY HEALTH CENTRES,Transport equipment,4719,3954,4092,5204,5204
Eastern Cape,HEALTH,District Health Services,COMMUNITY HEALTH CENTRES,Salaries and wages,998623,1139877,1135985,1158579,1148357
Eastern Cape,HEALTH,District Health Services,COMMUNITY HEALTH CENTRES,Social contributions,146471,164143,174842,170365,180587
Eastern Cape,HEALTH,District Health Services,COMMUNITY HEALTH CENTRES,Administrative fees,0,4,0,100,84
Eastern Cape,HEALTH,District Health Services,COMMUNITY HEALTH CENTRES,Advertising,0,0,0,0,0
Eastern Cape,HEALTH,District Health Services,COMMUNITY HEALTH CENTRES,Agency and support/outsourced services,1618,386,0,403,403
Eastern Cape,HEALTH,District Health Services,COMMUNITY HEALTH CENTRES,Bursaries: Employees,84,9198,24,0,0
Eastern Cape,HEALTH,District Health Services,COMMUNITY HEALTH CENTRES,Catering: Departmental activities,41,16,0,0,0
Eastern Cape,HEALTH,District Health Services,COMMUNITY HEALTH CENTRES,Communication (G&S),4170,7851,10,2457,509
Eastern Cape,HEALTH,District Health Services,COMMUNITY HEALTH CENTRES,Computer services,0,554,141,110,80
Eastern Cape,HEALTH,District Health Services,COMMUNITY HEALTH CENTRES,Consultants: Business and advisory services,0,91,3,820,820
Eastern Cape,HEALTH,District Health Services,COMMUNITY HEALTH CENTRES,Consumable supplies,7493,8401,8545,14725,12140
Eastern Cape,HEALTH,District Health Services,COMMUNITY HEALTH CENTRES,"Consumables: Stationery, printing and office supplies",1760,2840,3499,11250,9596
Eastern Cape,HEALTH,District Health Services,COMMUNITY HEALTH CENTRES,Contractors,253,627,614,1488,1497
Eastern Cape,HEALTH,District Health Services,COMMUNITY HEALTH CENTRES,Fleet services (including government motor transport),5176,1704,4964,1566,1566
Eastern Cape,HEALTH,District Health Services,COMMUNITY HEALTH CENTRES,Inventory: Clothing material and accessories,56,147,310,1067,1028
Eastern Cape,HEALTH,District Health Services,COMMUNITY HEALTH CENTRES,Inventory: Food and food supplies,681,1722,1300,2743,2668
Eastern Cape,HEALTH,District Health Services,COMMUNITY HEALTH CENTRES,"Inventory: Fuel, oil and gas",2865,5346,2263,4175,3675
Eastern Cape,HEALTH,District Health Services,COMMUNITY HEALTH CENTRES,Inventory: Materials and supplies,1295,513,1058,3439,3277
Eastern Cape,HEALTH,District Health Services,COMMUNITY HEALTH CENTRES,Inventory: Medical supplies,19791,20664,19899,21964,26527
Eastern Cape,HEALTH,District Health Services,COMMUNITY HEALTH CENTRES,Inventory: Medicine,54731,72451,77138,42019,37262
Eastern Cape,HEALTH,District Health Services,COMMUNITY HEALTH CENTRES,Inventory: Other supplies,2098,1702,2906,8839,7927
Eastern Cape,HEALTH,District Health Services,COMMUNITY HEALTH CENTRES,Laboratory services,36133,3789,10775,24432,42881
Eastern Cape,HEALTH,District Health Services,COMMUNITY HEALTH CENTRES,Legal services (G&S),0,229,2293,0,0
Eastern Cape,HEALTH,District Health Services,COMMUNITY HEALTH CENTRES,Minor assets,291,688,591,8266,7443
Eastern Cape,HEALTH,District Health Services,COMMUNITY HEALTH CENTRES,Operating leases,3144,3299,3302,4803,4713
Eastern Cape,HEALTH,District Health Services,COMMUNITY HEALTH CENTRES,Operating payments,386,247,391,1205,1505
Eastern Cape,HEALTH,District Health Services,COMMUNITY HEALTH CENTRES,Property payments,92612,79077,94540,85953,96752
Eastern Cape,HEALTH,District Health Services,COMMUNITY HEALTH CENTRES,Rental and hiring,0,0,0,20,20
Eastern Cape,HEALTH,District Health Services,COMMUNITY HEALTH CENTRES,Training and development,0,0,0,300,0
Eastern Cape,HEALTH,District Health Services,COMMUNITY HEALTH CENTRES,Transport provided: Departmental activity,0,0,0,100,100
Eastern Cape,HEALTH,District Health Services,COMMUNITY HEALTH CENTRES,Travel and subsistence,591,755,736,417,267
Eastern Cape,HEALTH,District Health Services,COMMUNITY HEALTH CENTRES,Venues and facilities,0,0,0,0,0
Eastern Cape,HEALTH,District Health Services,COMMUNITY HEALTH CENTRES,Interest (Incl. interest on unitary payments (PPP)),2048,79,238,0,0
Eastern Cape,HEALTH,District Health Services,COMMUNITY HEALTH CENTRES,Other transfers to households,20000,9691,8840,0,0
Eastern Cape,HEALTH,District Health Services,COMMUNITY HEALTH CENTRES,Social benefits,1115,662,2898,0,0
Eastern Cape,HEALTH,District Health Services,COMMUNITY BASED SERVICES,Other machinery and equipment,329,21458,110,17620,24170
Eastern Cape,HEALTH,District Health Services,COMMUNITY BASED SERVICES,Transport equipment,3632,3320,2975,881,881
Eastern Cape,HEALTH,District Health Services,COMMUNITY BASED SERVICES,Salaries and wages,651497,611753,644645,674446,698267
Eastern Cape,HEALTH,District Health Services,COMMUNITY BASED SERVICES,Social contributions,46033,49348,50731,51141,74914
Eastern Cape,HEALTH,District Health Services,COMMUNITY BASED SERVICES,Administrative fees,0,0,0,60,68
Eastern Cape,HEALTH,District Health Services,COMMUNITY BASED SERVICES,Advertising,65,0,0,0,140
Eastern Cape,HEALTH,District Health Services,COMMUNITY BASED SERVICES,Agency and support/outsourced services,56382,44715,75900,59374,69755
Eastern Cape,HEALTH,District Health Services,COMMUNITY BASED SERVICES,Bursaries: Employees,28,74,8,0,0
Eastern Cape,HEALTH,District Health Services,COMMUNITY BASED SERVICES,Catering: Departmental activities,0,104,0,0,0
Eastern Cape,HEALTH,District Health Services,COMMUNITY BASED SERVICES,Communication (G&S),517,0,0,230,0
Eastern Cape,HEALTH,District Health Services,COMMUNITY BASED SERVICES,Consumable supplies,8552,1915,1741,396,409
Eastern Cape,HEALTH,District Health Services,COMMUNITY BASED SERVICES,"Consumables: Stationery, printing and office supplies",234,148,193,685,407
Eastern Cape,HEALTH,District Health Services,COMMUNITY BASED SERVICES,Contractors,28,0,23,151,101
Eastern Cape,HEALTH,District Health Services,COMMUNITY BASED SERVICES,Fleet services (including government motor transport),4861,1480,5344,2167,3
Eastern Cape,HEALTH,District Health Services,COMMUNITY BASED SERVICES,Inventory: Food and food supplies,18,43,7,103,0
Eastern Cape,HEALTH,District Health Services,COMMUNITY BASED SERVICES,Inventory: Materials and supplies,4,0,0,0,-50
Eastern Cape,HEALTH,District Health Services,COMMUNITY BASED SERVICES,Inventory: Medical supplies,5729,3167,4522,8405,8490
Eastern Cape,HEALTH,District Health Services,COMMUNITY BASED SERVICES,Inventory: Medicine,19151,28784,19342,18452,11815
Eastern Cape,HEALTH,District Health Services,COMMUNITY BASED SERVICES,Laboratory services,0,0,0,0,0
Eastern Cape,HEALTH,District Health Services,COMMUNITY BASED SERVICES,Minor assets,21,0,5,102,526
Eastern Cape,HEALTH,District Health Services,COMMUNITY BASED SERVICES,Operating leases,0,0,0,0,0
Eastern Cape,HEALTH,District Health Services,COMMUNITY BASED SERVICES,Operating payments,766,324,200,137,966
Eastern Cape,HEALTH,District Health Services,COMMUNITY BASED SERVICES,Property payments,512,555,583,0,0
Eastern Cape,HEALTH,District Health Services,COMMUNITY BASED SERVICES,Rental and hiring,0,123,0,0,0
Eastern Cape,HEALTH,District Health Services,COMMUNITY BASED SERVICES,Travel and subsistence,18561,20998,11956,32809,33627
Eastern Cape,HEALTH,District Health Services,COMMUNITY BASED SERVICES,Venues and facilities,1473,973,0,28,558
Eastern Cape,HEALTH,District Health Services,COMMUNITY BASED SERVICES,Social benefits,771,679,1182,0,0
Eastern Cape,HEALTH,District Health Services,OTHER COMMUNITY SERVICES,Other machinery and equipment,0,3841,24481,9651,13573
Eastern Cape,HEALTH,District Health Services,OTHER COMMUNITY SERVICES,Salaries and wages,192322,37986,32534,58391,58391
Eastern Cape,HEALTH,District Health Services,OTHER COMMUNITY SERVICES,Social contributions,5063,2533,3914,4281,4281
Eastern Cape,HEALTH,District Health Services,OTHER COMMUNITY SERVICES,Advertising,0,0,0,0,0
Eastern Cape,HEALTH,District Health Services,OTHER COMMUNITY SERVICES,Agency and support/outsourced services,6253,6149,8566,8126,10696
Eastern Cape,HEALTH,District Health Services,OTHER COMMUNITY SERVICES,Bursaries: Employees,14,19,0,0,0
Eastern Cape,HEALTH,District Health Services,OTHER COMMUNITY SERVICES,Catering: Departmental activities,0,29,0,0,0
Eastern Cape,HEALTH,District Health Services,OTHER COMMUNITY SERVICES,Computer services,0,0,0,0,0
Eastern Cape,HEALTH,District Health Services,OTHER COMMUNITY SERVICES,Consumable supplies,469,149,104,300,250
Eastern Cape,HEALTH,District Health Services,OTHER COMMUNITY SERVICES,"Consumables: Stationery, printing and office supplies",94,74,51,556,431
Eastern Cape,HEALTH,District Health Services,OTHER COMMUNITY SERVICES,Contractors,2049,3,777,1900,1000
Eastern Cape,HEALTH,District Health Services,OTHER COMMUNITY SERVICES,Inventory: Clothing material and accessories,0,0,0,0,200
Eastern Cape,HEALTH,District Health Services,OTHER COMMUNITY SERVICES,Inventory: Materials and supplies,7,0,0,0,0
Eastern Cape,HEALTH,District Health Services,OTHER COMMUNITY SERVICES,Inventory: Medical supplies,1107,2785,918,1600,1657
Eastern Cape,HEALTH,District Health Services,OTHER COMMUNITY SERVICES,Inventory: Medicine,0,0,0,0,0
Eastern Cape,HEALTH,District Health Services,OTHER COMMUNITY SERVICES,Inventory: Other supplies,97,0,0,0,0
Eastern Cape,HEALTH,District Health Services,OTHER COMMUNITY SERVICES,Laboratory services,3,0,0,194,194
Eastern Cape,HEALTH,District Health Services,OTHER COMMUNITY SERVICES,Minor assets,97,199,28,723,723
Eastern Cape,HEALTH,District Health Services,OTHER COMMUNITY SERVICES,Operating payments,0,0,0,183,124
Eastern Cape,HEALTH,District Health Services,OTHER COMMUNITY SERVICES,Property payments,0,23,0,0,0
Eastern Cape,HEALTH,District Health Services,OTHER COMMUNITY SERVICES,Training and development,0,0,0,605,605
Eastern Cape,HEALTH,District Health Services,OTHER COMMUNITY SERVICES,Travel and subsistence,384,841,621,1412,1389
Eastern Cape,HEALTH,District Health Services,OTHER COMMUNITY SERVICES,Venues and facilities,0,125,0,50,20
Eastern Cape,HEALTH,District Health Services,OTHER COMMUNITY SERVICES,Social benefits,56,0,0,0,0
Eastern Cape,HEALTH,District Health Services,HIV/AIDS,Buildings,0,2257,0,0,0
Eastern Cape,HEALTH,District Health Services,HIV/AIDS,Other machinery and equipment,19476,15383,14011,5271,23231
Eastern Cape,HEALTH,District Health Services,HIV/AIDS,Transport equipment,0,0,0,8695,8695
Eastern Cape,HEALTH,District Health Services,HIV/AIDS,Salaries and wages,482245,567010,576583,612934,935490
Eastern Cape,HEALTH,District Health Services,HIV/AIDS,Social contributions,77731,86339,88048,67496,79981
Eastern Cape,HEALTH,District Health Services,HIV/AIDS,Administrative fees,929,255,165,0,150
Eastern Cape,HEALTH,District Health Services,HIV/AIDS,Advertising,2561,2795,5200,2570,8718
Eastern Cape,HEALTH,District Health Services,HIV/AIDS,Agency and support/outsourced services,6070,8303,7982,21831,24831
Eastern Cape,HEALTH,District Health Services,HIV/AIDS,Bursaries: Employees,30,266,15,0,0
Eastern Cape,HEALTH,District Health Services,HIV/AIDS,Catering: Departmental activities,513,976,858,1320,3236
Eastern Cape,HEALTH,District Health Services,HIV/AIDS,Communication (G&S),186,57659,47867,40316,64637
Eastern Cape,HEALTH,District Health Services,HIV/AIDS,Computer services,2933,890,3125,40000,38000
Eastern Cape,HEALTH,District Health Services,HIV/AIDS,Consultants: Business and advisory services,0,0,0,0,0
Eastern Cape,HEALTH,District Health Services,HIV/AIDS,Consumable supplies,2640,11458,10363,12442,17172
Eastern Cape,HEALTH,District Health Services,HIV/AIDS,"Consumables: Stationery, printing and office supplies",6419,813,1224,1721,815
Eastern Cape,HEALTH,District Health Services,HIV/AIDS,Contractors,948,419,463,3989,2655
Eastern Cape,HEALTH,District Health Services,HIV/AIDS,Fleet services (including government motor transport),0,0,0,500,500
Eastern Cape,HEALTH,District Health Services,HIV/AIDS,Inventory: Food and food supplies,0,484,46,3264,2964
Eastern Cape,HEALTH,District Health Services,HIV/AIDS,Inventory: Materials and supplies,1086,360,373,3480,3500
Eastern Cape,HEALTH,District Health Services,HIV/AIDS,Inventory: Medical supplies,33927,93621,115449,134851,132575
Eastern Cape,HEALTH,District Health Services,HIV/AIDS,Inventory: Medicine,1254223,1089688,1243570,878226,388335
Eastern Cape,HEALTH,District Health Services,HIV/AIDS,Inventory: Other supplies,4902,1057,64,9198,9198
Eastern Cape,HEALTH,District Health Services,HIV/AIDS,Laboratory services,768829,594249,581924,789933,998457
Eastern Cape,HEALTH,District Health Services,HIV/AIDS,Minor assets,0,31,74,2776,3578
Eastern Cape,HEALTH,District Health Services,HIV/AIDS,Operating leases,900,185,889,50,50
Eastern Cape,HEALTH,District Health Services,HIV/AIDS,Operating payments,44140,43664,48331,99889,88064
Eastern Cape,HEALTH,District Health Services,HIV/AIDS,Property payments,190,112,0,8000,8000
Eastern Cape,HEALTH,District Health Services,HIV/AIDS,Rental and hiring,195,665,422,400,1070
Eastern Cape,HEALTH,District Health Services,HIV/AIDS,Travel and subsistence,50417,70788,54464,78899,85567
Eastern Cape,HEALTH,District Health Services,HIV/AIDS,Venues and facilities,7451,10725,1433,6957,13042
Eastern Cape,HEALTH,District Health Services,HIV/AIDS,Social benefits,361,1093,977,900,800
Eastern Cape,HEALTH,District Health Services,HIV/AIDS,Non-profit institutions,26528,35450,35190,17892,4946
Eastern Cape,HEALTH,District Health Services,NUTRITION,Other machinery and equipment,0,21,264,4529,3461
Eastern Cape,HEALTH,District Health Services,NUTRITION,Transport equipment,0,0,0,0,0
Eastern Cape,HEALTH,District Health Services,NUTRITION,Advertising,0,0,0,0,100
Eastern Cape,HEALTH,District Health Services,NUTRITION,Agency and support/outsourced services,659,841,712,4619,1600
Eastern Cape,HEALTH,District Health Services,NUTRITION,Communication (G&S),0,0,0,66,0
Eastern Cape,HEALTH,District Health Services,NUTRITION,Consumable supplies,449,321,182,960,523
Eastern Cape,HEALTH,District Health Services,NUTRITION,"Consumables: Stationery, printing and office supplies",126,260,1199,1087,2586
Eastern Cape,HEALTH,District Health Services,NUTRITION,Contractors,0,0,0,254,0
Eastern Cape,HEALTH,District Health Services,NUTRITION,Inventory: Food and food supplies,15867,15872,16480,20742,22563
Eastern Cape,HEALTH,District Health Services,NUTRITION,"Inventory: Fuel, oil and gas",0,0,0,0,0
Eastern Cape,HEALTH,District Health Services,NUTRITION,Inventory: Materials and supplies,12,106,34,100,0
Eastern Cape,HEALTH,District Health Services,NUTRITION,Inventory: Medical supplies,7669,2426,992,0,200
Eastern Cape,HEALTH,District Health Services,NUTRITION,Inventory: Medicine,0,0,0,0,0
Eastern Cape,HEALTH,District Health Services,NUTRITION,Inventory: Other supplies,674,2701,73,0,0
Eastern Cape,HEALTH,District Health Services,NUTRITION,Minor assets,54,-2,4,0,706
Eastern Cape,HEALTH,District Health Services,NUTRITION,Operating leases,0,0,0,0,0
Eastern Cape,HEALTH,District Health Services,NUTRITION,Operating payments,1299,837,657,1553,1299
Eastern Cape,HEALTH,District Health Services,NUTRITION,Property payments,0,0,0,322,0
Eastern Cape,HEALTH,District Health Services,NUTRITION,Training and development,0,0,0,0,1
Eastern Cape,HEALTH,District Health Services,NUTRITION,Travel and subsistence,3717,5765,2969,4482,4377
Eastern Cape,HEALTH,District Health Services,NUTRITION,Venues and facilities,571,1207,589,0,230
Eastern Cape,HEALTH,District Health Services,CORONER SERVICES,Other machinery and equipment,1264,579,975,4089,4089
Eastern Cape,HEALTH,District Health Services,CORONER SERVICES,Transport equipment,6186,8225,5292,2091,2091
Eastern Cape,HEALTH,District Health Services,CORONER SERVICES,Salaries and wages,90890,100500,103402,89478,85729
Eastern Cape,HEALTH,District Health Services,CORONER SERVICES,Social contributions,12361,14309,15034,13301,17050
Eastern Cape,HEALTH,District Health Services,CORONER SERVICES,Agency and support/outsourced services,0,0,0,647,0
Eastern Cape,HEALTH,District Health Services,CORONER SERVICES,Bursaries: Employees,0,0,9,0,0
Eastern Cape,HEALTH,District Health Services,CORONER SERVICES,Communication (G&S),846,1047,0,600,50
Eastern Cape,HEALTH,District Health Services,CORONER SERVICES,Computer services,0,0,0,0,0
Eastern Cape,HEALTH,District Health Services,CORONER SERVICES,Consumable supplies,512,829,406,2263,1811
Eastern Cape,HEALTH,District Health Services,CORONER SERVICES,"Consumables: Stationery, printing and office supplies",140,253,288,621,651
Eastern Cape,HEALTH,District Health Services,CORONER SERVICES,Contractors,0,20,0,29,122
Eastern Cape,HEALTH,District Health Services,CORONER SERVICES,Fleet services (including government motor transport),10160,6618,14035,1138,0
Eastern Cape,HEALTH,District Health Services,CORONER SERVICES,Inventory: Clothing material and accessories,0,0,0,0,70
Eastern Cape,HEALTH,District Health Services,CORONER SERVICES,"Inventory: Fuel, oil and gas",326,287,82,200,336
Eastern Cape,HEALTH,District Health Services,CORONER SERVICES,Inventory: Materials and supplies,0,25,0,0,15
Eastern Cape,HEALTH,District Health Services,CORONER SERVICES,Inventory: Medical supplies,3361,2683,2033,2733,3127
Eastern Cape,HEALTH,District Health Services,CORONER SERVICES,Inventory: Medicine,2,4,56,0,0
Eastern Cape,HEALTH,District Health Services,CORONER SERVICES,Inventory: Other supplies,88,59,192,50,120
Eastern Cape,HEALTH,District Health Services,CORONER SERVICES,Laboratory services,101,74,0,217,212
Eastern Cape,HEALTH,District Health Services,CORONER SERVICES,Minor assets,0,15,0,18,123
Eastern Cape,HEALTH,District Health Services,CORONER SERVICES,Operating leases,1249,896,503,1466,1811
Eastern Cape,HEALTH,District Health Services,CORONER SERVICES,Operating payments,0,31,40,5,5
Eastern Cape,HEALTH,District Health Services,CORONER SERVICES,Property payments,5136,5992,6569,5581,13563
Eastern Cape,HEALTH,District Health Services,CORONER SERVICES,Travel and subsistence,181,215,281,1580,627
Eastern Cape,HEALTH,District Health Services,CORONER SERVICES,Social benefits,94,0,66,200,200
Eastern Cape,HEALTH,District Health Services,DISTRICT HOSPITALS,Other machinery and equipment,7123,10112,11067,23252,68190
Eastern Cape,HEALTH,District Health Services,DISTRICT HOSPITALS,Transport equipment,16765,17269,16406,19422,19422
Eastern Cape,HEALTH,District Health Services,DISTRICT HOSPITALS,Salaries and wages,4049379,4344602,4427295,4466627,4286746
Eastern Cape,HEALTH,District Health Services,DISTRICT HOSPITALS,Social contributions,594309,671555,730537,652613,803995
Eastern Cape,HEALTH,District Health Services,DISTRICT HOSPITALS,Administrative fees,41,-474,27,197,107
Eastern Cape,HEALTH,District Health Services,DISTRICT HOSPITALS,Advertising,7,0,43,720,200
Eastern Cape,HEALTH,District Health Services,DISTRICT HOSPITALS,Agency and support/outsourced services,10949,6812,8786,1953,10648
Eastern Cape,HEALTH,District Health Services,DISTRICT HOSPITALS,Bursaries: Employees,458,2364,44,0,0
Eastern Cape,HEALTH,District Health Services,DISTRICT HOSPITALS,Catering: Departmental activities,302,54,14,0,0
Eastern Cape,HEALTH,District Health Services,DISTRICT HOSPITALS,Communication (G&S),41612,25614,68244,29105,29873
Eastern Cape,HEALTH,District Health Services,DISTRICT HOSPITALS,Computer services,0,0,118,477,261
Eastern Cape,HEALTH,District Health Services,DISTRICT HOSPITALS,Consultants: Business and advisory services,6731,13657,17749,15352,12946
Eastern Cape,HEALTH,District Health Services,DISTRICT HOSPITALS,Consumable supplies,25342,31172,33581,21473,21577
Eastern Cape,HEALTH,District Health Services,DISTRICT HOSPITALS,"Consumables: Stationery, printing and office supplies",5405,6747,7804,16319,11650
Eastern Cape,HEALTH,District Health Services,DISTRICT HOSPITALS,Contractors,7837,4665,6529,10533,11287
Eastern Cape,HEALTH,District Health Services,DISTRICT HOSPITALS,Entertainment,25,0,0,0,0
Eastern Cape,HEALTH,District Health Services,DISTRICT HOSPITALS,Fleet services (including government motor transport),27195,10790,35827,6311,6311
Eastern Cape,HEALTH,District Health Services,DISTRICT HOSPITALS,Inventory: Clothing material and accessories,1413,1557,1226,5380,5385
Eastern Cape,HEALTH,District Health Services,DISTRICT HOSPITALS,Inventory: Farming supplies,2949,0,0,0,0
Eastern Cape,HEALTH,District Health Services,DISTRICT HOSPITALS,Inventory: Food and food supplies,35996,48143,54623,88911,90294
Eastern Cape,HEALTH,District Health Services,DISTRICT HOSPITALS,"Inventory: Fuel, oil and gas",26034,36483,13883,17497,14040
Eastern Cape,HEALTH,District Health Services,DISTRICT HOSPITALS,Inventory: Materials and supplies,5768,1522,2792,8184,7375
Eastern Cape,HEALTH,District Health Services,DISTRICT HOSPITALS,Inventory: Medical supplies,146100,152203,130904,124958,224205
Eastern Cape,HEALTH,District Health Services,DISTRICT HOSPITALS,Inventory: Medicine,37125,29387,37848,56018,127380
Eastern Cape,HEALTH,District Health Services,DISTRICT HOSPITALS,Inventory: Other supplies,8852,9320,11136,24368,37716
Eastern Cape,HEALTH,District Health Services,DISTRICT HOSPITALS,Laboratory services,10304,74316,20054,113527,117119
Eastern Cape,HEALTH,District Health Services,DISTRICT HOSPITALS,Legal services (G&S),4810,856,3744,114593,82274
Eastern Cape,HEALTH,District Health Services,DISTRICT HOSPITALS,Minor assets,1805,1123,1580,13823,11555
Eastern Cape,HEALTH,District Health Services,DISTRICT HOSPITALS,Operating leases,18463,11445,13819,18690,19942
Eastern Cape,HEALTH,District Health Services,DISTRICT HOSPITALS,Operating payments,1039,841,1063,1833,1669
Eastern Cape,HEALTH,District Health Services,DISTRICT HOSPITALS,Property payments,323331,348442,486303,204138,289454
Eastern Cape,HEALTH,District Health Services,DISTRICT HOSPITALS,Rental and hiring,30,0,0,0,0
Eastern Cape,HEALTH,District Health Services,DISTRICT HOSPITALS,Training and development,27,23,0,1050,0
Eastern Cape,HEALTH,District Health Services,DISTRICT HOSPITALS,Transport provided: Departmental activity,177,138,214,46,-100
Eastern Cape,HEALTH,District Health Services,DISTRICT HOSPITALS,Travel and subsistence,3526,5232,4031,7454,7601
Eastern Cape,HEALTH,District Health Services,DISTRICT HOSPITALS,Venues and facilities,1304,697,235,0,0
Eastern Cape,HEALTH,District Health Services,DISTRICT HOSPITALS,Interest (Incl. interest on unitary payments (PPP)),19540,7991,10913,0,0
Eastern Cape,HEALTH,District Health Services,DISTRICT HOSPITALS,Other transfers to households,196605,161475,177795,67378,67378
Eastern Cape,HEALTH,District Health Services,DISTRICT HOSPITALS,Social benefits,15552,5763,10725,0,5582
Eastern Cape,HEALTH,Emergency Medical Services,EMERGENCY TRANSPORT,Other machinery and equipment,4822,3337,3744,8468,11312
Eastern Cape,HEALTH,Emergency Medical Services,EMERGENCY TRANSPORT,Transport equipment,170886,105242,107721,101398,98554
Eastern Cape,HEALTH,Emergency Medical Services,EMERGENCY TRANSPORT,Salaries and wages,685694,698062,702104,840335,834303
Eastern Cape,HEALTH,Emergency Medical Services,EMERGENCY TRANSPORT,Social contributions,116243,127699,133313,127485,164817
Eastern Cape,HEALTH,Emergency Medical Services,EMERGENCY TRANSPORT,Administrative fees,0,0,0,0,0
Eastern Cape,HEALTH,Emergency Medical Services,EMERGENCY TRANSPORT,Advertising,0,0,0,4,4
Eastern Cape,HEALTH,Emergency Medical Services,EMERGENCY TRANSPORT,Agency and support/outsourced services,12213,2325,380,3084,4489
Eastern Cape,HEALTH,Emergency Medical Services,EMERGENCY TRANSPORT,Bursaries: Employees,0,0,0,0,0
Eastern Cape,HEALTH,Emergency Medical Services,EMERGENCY TRANSPORT,Catering: Departmental activities,21,9,0,0,0
Eastern Cape,HEALTH,Emergency Medical Services,EMERGENCY TRANSPORT,Communication (G&S),7636,-18104,4160,6571,15591
Eastern Cape,HEALTH,Emergency Medical Services,EMERGENCY TRANSPORT,Computer services,0,176,0,3410,28028
Eastern Cape,HEALTH,Emergency Medical Services,EMERGENCY TRANSPORT,Consumable supplies,7029,10398,15215,22510,23410
Eastern Cape,HEALTH,Emergency Medical Services,EMERGENCY TRANSPORT,"Consumables: Stationery, printing and office supplies",1870,1795,2795,6600,5883
Eastern Cape,HEALTH,Emergency Medical Services,EMERGENCY TRANSPORT,Contractors,1918,2022,1016,4969,4711
Eastern Cape,HEALTH,Emergency Medical Services,EMERGENCY TRANSPORT,Fleet services (including government motor transport),144655,67347,169064,120076,92408
Eastern Cape,HEALTH,Emergency Medical Services,EMERGENCY TRANSPORT,Inventory: Clothing material and accessories,491,0,0,0,0
Eastern Cape,HEALTH,Emergency Medical Services,EMERGENCY TRANSPORT,Inventory: Food and food supplies,0,0,0,40,30
Eastern Cape,HEALTH,Emergency Medical Services,EMERGENCY TRANSPORT,"Inventory: Fuel, oil and gas",366,622,151,14786,240
Eastern Cape,HEALTH,Emergency Medical Services,EMERGENCY TRANSPORT,Inventory: Materials and supplies,931,193,988,835,1439
Eastern Cape,HEALTH,Emergency Medical Services,EMERGENCY TRANSPORT,Inventory: Medical supplies,7898,9862,6671,8801,11499
Eastern Cape,HEALTH,Emergency Medical Services,EMERGENCY TRANSPORT,Inventory: Medicine,635,830,697,100,100
Eastern Cape,HEALTH,Emergency Medical Services,EMERGENCY TRANSPORT,Inventory: Other supplies,421,294,510,1669,1918
Eastern Cape,HEALTH,Emergency Medical Services,EMERGENCY TRANSPORT,Minor assets,461,346,288,1209,2499
Eastern Cape,HEALTH,Emergency Medical Services,EMERGENCY TRANSPORT,Operating leases,19929,33332,41315,36463,31790
Eastern Cape,HEALTH,Emergency Medical Services,EMERGENCY TRANSPORT,Operating payments,107,103,35,1210,810
Eastern Cape,HEALTH,Emergency Medical Services,EMERGENCY TRANSPORT,Property payments,18292,18727,20909,29888,37228
Eastern Cape,HEALTH,Emergency Medical Services,EMERGENCY TRANSPORT,Travel and subsistence,4051,2313,1821,5983,6712
Eastern Cape,HEALTH,Emergency Medical Services,EMERGENCY TRANSPORT,Venues and facilities,92,4,0,0,0
Eastern Cape,HEALTH,Emergency Medical Services,EMERGENCY TRANSPORT,Social benefits,2978,2744,2824,4405,4405
Eastern Cape,HEALTH,Emergency Medical Services,PLANNED PATIENT TRANSPORT,Other machinery and equipment,295,0,0,1999,1999
Eastern Cape,HEALTH,Emergency Medical Services,PLANNED PATIENT TRANSPORT,Transport equipment,9597,31254,15919,15695,15695
Eastern Cape,HEALTH,Emergency Medical Services,PLANNED PATIENT TRANSPORT,Salaries and wages,188750,188175,194252,223528,212515
Eastern Cape,HEALTH,Emergency Medical Services,PLANNED PATIENT TRANSPORT,Social contributions,31916,35425,38004,8728,19741
Eastern Cape,HEALTH,Emergency Medical Services,PLANNED PATIENT TRANSPORT,Bursaries: Employees,0,0,0,0,0
Eastern Cape,HEALTH,Emergency Medical Services,PLANNED PATIENT TRANSPORT,Fleet services (including government motor transport),11470,17489,44809,16123,16123
Eastern Cape,HEALTH,Emergency Medical Services,PLANNED PATIENT TRANSPORT,Inventory: Medical supplies,884,0,0,0,0
Eastern Cape,HEALTH,Emergency Medical Services,PLANNED PATIENT TRANSPORT,Operating leases,103,18019,17068,22045,22045
Eastern Cape,HEALTH,Emergency Medical Services,PLANNED PATIENT TRANSPORT,Operating payments,13,0,0,0,0
Eastern Cape,HEALTH,Emergency Medical Services,PLANNED PATIENT TRANSPORT,Transport provided: Departmental activity,0,0,0,0,0
Eastern Cape,HEALTH,Emergency Medical Services,PLANNED PATIENT TRANSPORT,Travel and subsistence,160,243,371,289,289
Eastern Cape,HEALTH,Emergency Medical Services,PLANNED PATIENT TRANSPORT,Social benefits,50,102,98,0,0
Eastern Cape,HEALTH,Provincial Hospital Services,GENERAL (REGIONAL) HOSPITALS,Other machinery and equipment,1950,1730,24374,2217,67805
Eastern Cape,HEALTH,Provincial Hospital Services,GENERAL (REGIONAL) HOSPITALS,Transport equipment,1453,1586,1136,0,0
Eastern Cape,HEALTH,Provincial Hospital Services,GENERAL (REGIONAL) HOSPITALS,Salaries and wages,2059559,2219035,2254247,2293053,2313874
Eastern Cape,HEALTH,Provincial Hospital Services,GENERAL (REGIONAL) HOSPITALS,Social contributions,281876,327008,353965,388977,388977
Eastern Cape,HEALTH,Provincial Hospital Services,GENERAL (REGIONAL) HOSPITALS,Administrative fees,43,0,0,85,300
Eastern Cape,HEALTH,Provincial Hospital Services,GENERAL (REGIONAL) HOSPITALS,Advertising,14,7,0,50,67
Eastern Cape,HEALTH,Provincial Hospital Services,GENERAL (REGIONAL) HOSPITALS,Agency and support/outsourced services,594,1813,2641,3095,4707
Eastern Cape,HEALTH,Provincial Hospital Services,GENERAL (REGIONAL) HOSPITALS,Bursaries: Employees,240,1092,30,0,0
Eastern Cape,HEALTH,Provincial Hospital Services,GENERAL (REGIONAL) HOSPITALS,Catering: Departmental activities,0,0,0,0,42
Eastern Cape,HEALTH,Provincial Hospital Services,GENERAL (REGIONAL) HOSPITALS,Communication (G&S),5015,5686,7732,1043,1799
Eastern Cape,HEALTH,Provincial Hospital Services,GENERAL (REGIONAL) HOSPITALS,Computer services,0,438,0,450,430
Eastern Cape,HEALTH,Provincial Hospital Services,GENERAL (REGIONAL) HOSPITALS,Consultants: Business and advisory services,5,38,18,45,71
Eastern Cape,HEALTH,Provincial Hospital Services,GENERAL (REGIONAL) HOSPITALS,Consumable supplies,14951,18504,19557,9091,9166
Eastern Cape,HEALTH,Provincial Hospital Services,GENERAL (REGIONAL) HOSPITALS,"Consumables: Stationery, printing and office supplies",4317,5702,7686,12115,11735
Eastern Cape,HEALTH,Provincial Hospital Services,GENERAL (REGIONAL) HOSPITALS,Contractors,5143,3861,6069,8700,15530
Eastern Cape,HEALTH,Provincial Hospital Services,GENERAL (REGIONAL) HOSPITALS,Fleet services (including government motor transport),1941,893,2604,1250,1250
Eastern Cape,HEALTH,Provincial Hospital Services,GENERAL (REGIONAL) HOSPITALS,Inventory: Clothing material and accessories,56,646,632,3870,2969
Eastern Cape,HEALTH,Provincial Hospital Services,GENERAL (REGIONAL) HOSPITALS,Inventory: Food and food supplies,33455,38839,42555,54390,64180
Eastern Cape,HEALTH,Provincial Hospital Services,GENERAL (REGIONAL) HOSPITALS,"Inventory: Fuel, oil and gas",8714,12379,5935,13422,10898
Eastern Cape,HEALTH,Provincial Hospital Services,GENERAL (REGIONAL) HOSPITALS,Inventory: Materials and supplies,1645,364,5054,4900,3575
Eastern Cape,HEALTH,Provincial Hospital Services,GENERAL (REGIONAL) HOSPITALS,Inventory: Medical supplies,137190,156617,151508,223602,311342
Eastern Cape,HEALTH,Provincial Hospital Services,GENERAL (REGIONAL) HOSPITALS,Inventory: Medicine,14343,9669,10825,12200,64535
Eastern Cape,HEALTH,Provincial Hospital Services,GENERAL (REGIONAL) HOSPITALS,Inventory: Other supplies,5846,4565,8940,11300,15250
Eastern Cape,HEALTH,Provincial Hospital Services,GENERAL (REGIONAL) HOSPITALS,Laboratory services,33395,16882,0,147598,88979
Eastern Cape,HEALTH,Provincial Hospital Services,GENERAL (REGIONAL) HOSPITALS,Legal services (G&S),630,1362,1065,0,0
Eastern Cape,HEALTH,Provincial Hospital Services,GENERAL (REGIONAL) HOSPITALS,Minor assets,439,904,1615,3610,3249
Eastern Cape,HEALTH,Provincial Hospital Services,GENERAL (REGIONAL) HOSPITALS,Operating leases,24533,26579,30690,23250,21598
Eastern Cape,HEALTH,Provincial Hospital Services,GENERAL (REGIONAL) HOSPITALS,Operating payments,465,800,537,860,861
Eastern Cape,HEALTH,Provincial Hospital Services,GENERAL (REGIONAL) HOSPITALS,Property payments,139957,178602,191493,172062,191737
Eastern Cape,HEALTH,Provincial Hospital Services,GENERAL (REGIONAL) HOSPITALS,Training and development,0,0,0,181,189
Eastern Cape,HEALTH,Provincial Hospital Services,GENERAL (REGIONAL) HOSPITALS,Transport provided: Departmental activity,186,73,120,370,390
Eastern Cape,HEALTH,Provincial Hospital Services,GENERAL (REGIONAL) HOSPITALS,Travel and subsistence,2005,4283,2061,3045,2482
Eastern Cape,HEALTH,Provincial Hospital Services,GENERAL (REGIONAL) HOSPITALS,Venues and facilities,0,0,0,0,0
Eastern Cape,HEALTH,Provincial Hospital Services,GENERAL (REGIONAL) HOSPITALS,Interest (Incl. interest on unitary payments (PPP)),12217,3334,886,0,0
Eastern Cape,HEALTH,Provincial Hospital Services,GENERAL (REGIONAL) HOSPITALS,Other transfers to households,107001,125682,110240,36960,36917
Eastern Cape,HEALTH,Provincial Hospital Services,GENERAL (REGIONAL) HOSPITALS,Social benefits,10345,12485,16980,14442,12942
Eastern Cape,HEALTH,Provincial Hospital Services,TB HOSPITALS,Other machinery and equipment,407,432,2156,4498,7627
Eastern Cape,HEALTH,Provincial Hospital Services,TB HOSPITALS,Transport equipment,2507,3134,2260,3320,3320
Eastern Cape,HEALTH,Provincial Hospital Services,TB HOSPITALS,Salaries and wages,261339,279938,280452,311934,311891
Eastern Cape,HEALTH,Provincial Hospital Services,TB HOSPITALS,Social contributions,48152,54144,57861,42536,42536
Eastern Cape,HEALTH,Provincial Hospital Services,TB HOSPITALS,Administrative fees,4,7,5,6,6
Eastern Cape,HEALTH,Provincial Hospital Services,TB HOSPITALS,Advertising,0,30,0,2,2
Eastern Cape,HEALTH,Provincial Hospital Services,TB HOSPITALS,Agency and support/outsourced services,393,569,135,1227,1174
Eastern Cape,HEALTH,Provincial Hospital Services,TB HOSPITALS,Bursaries: Employees,16,57,0,0,0
Eastern Cape,HEALTH,Provincial Hospital Services,TB HOSPITALS,Communication (G&S),2655,2736,54,3371,3292
Eastern Cape,HEALTH,Provincial Hospital Services,TB HOSPITALS,Computer services,13,478,0,750,316
Eastern Cape,HEALTH,Provincial Hospital Services,TB HOSPITALS,Consultants: Business and advisory services,5,0,0,140,50
Eastern Cape,HEALTH,Provincial Hospital Services,TB HOSPITALS,Consumable supplies,2920,3309,3151,5161,4039
Eastern Cape,HEALTH,Provincial Hospital Services,TB HOSPITALS,"Consumables: Stationery, printing and office supplies",884,813,772,2249,1711
Eastern Cape,HEALTH,Provincial Hospital Services,TB HOSPITALS,Contractors,314,748,615,4688,1918
Eastern Cape,HEALTH,Provincial Hospital Services,TB HOSPITALS,Fleet services (including government motor transport),3589,1497,5352,3058,3058
Eastern Cape,HEALTH,Provincial Hospital Services,TB HOSPITALS,Inventory: Clothing material and accessories,0,3,158,485,452
Eastern Cape,HEALTH,Provincial Hospital Services,TB HOSPITALS,Inventory: Food and food supplies,9167,8423,9375,17951,16895
Eastern Cape,HEALTH,Provincial Hospital Services,TB HOSPITALS,"Inventory: Fuel, oil and gas",2230,1987,1081,3370,3000
Eastern Cape,HEALTH,Provincial Hospital Services,TB HOSPITALS,Inventory: Materials and supplies,588,913,819,2015,1600
Eastern Cape,HEALTH,Provincial Hospital Services,TB HOSPITALS,Inventory: Medical supplies,7768,9233,7534,10230,11211
Eastern Cape,HEALTH,Provincial Hospital Services,TB HOSPITALS,Inventory: Medicine,2684,3235,2055,7339,6569
Eastern Cape,HEALTH,Provincial Hospital Services,TB HOSPITALS,Inventory: Other supplies,1459,871,1351,2535,3497
Eastern Cape,HEALTH,Provincial Hospital Services,TB HOSPITALS,Laboratory services,1615,2379,937,9029,11719
Eastern Cape,HEALTH,Provincial Hospital Services,TB HOSPITALS,Legal services (G&S),0,0,10,0,0
Eastern Cape,HEALTH,Provincial Hospital Services,TB HOSPITALS,Minor assets,166,411,461,1774,1918
Eastern Cape,HEALTH,Provincial Hospital Services,TB HOSPITALS,Operating leases,2268,943,1020,1860,1430
Eastern Cape,HEALTH,Provincial Hospital Services,TB HOSPITALS,Operating payments,1166,1443,946,1243,582
Eastern Cape,HEALTH,Provincial Hospital Services,TB HOSPITALS,Property payments,34721,33284,37425,44356,51416
Eastern Cape,HEALTH,Provincial Hospital Services,TB HOSPITALS,Rental and hiring,0,0,0,0,0
Eastern Cape,HEALTH,Provincial Hospital Services,TB HOSPITALS,Science and technological services,0,0,0,0,0
Eastern Cape,HEALTH,Provincial Hospital Services,TB HOSPITALS,Training and development,0,0,0,0,0
Eastern Cape,HEALTH,Provincial Hospital Services,TB HOSPITALS,Transport provided: Departmental activity,94,43,6,46,46
Eastern Cape,HEALTH,Provincial Hospital Services,TB HOSPITALS,Travel and subsistence,525,390,187,1287,1096
Eastern Cape,HEALTH,Provincial Hospital Services,TB HOSPITALS,Venues and facilities,76,0,0,60,60
Eastern Cape,HEALTH,Provincial Hospital Services,TB HOSPITALS,Other transfers to households,0,0,110,0,43
Eastern Cape,HEALTH,Provincial Hospital Services,TB HOSPITALS,Social benefits,229,257,642,1661,1661
Eastern Cape,HEALTH,Provincial Hospital Services,PSYCHIATRIC MENTAL HOSPITALS,Other machinery and equipment,771,450,737,0,4331
Eastern Cape,HEALTH,Provincial Hospital Services,PSYCHIATRIC MENTAL HOSPITALS,Transport equipment,1731,2115,1737,3101,2326
Eastern Cape,HEALTH,Provincial Hospital Services,PSYCHIATRIC MENTAL HOSPITALS,Salaries and wages,349931,380456,408059,388004,388804
Eastern Cape,HEALTH,Provincial Hospital Services,PSYCHIATRIC MENTAL HOSPITALS,Social contributions,55960,62534,68029,86188,83888
Eastern Cape,HEALTH,Provincial Hospital Services,PSYCHIATRIC MENTAL HOSPITALS,Administrative fees,0,4,7,0,8
Eastern Cape,HEALTH,Provincial Hospital Services,PSYCHIATRIC MENTAL HOSPITALS,Advertising,0,0,0,30,95
Eastern Cape,HEALTH,Provincial Hospital Services,PSYCHIATRIC MENTAL HOSPITALS,Agency and support/outsourced services,162676,147014,219629,185178,224533
Eastern Cape,HEALTH,Provincial Hospital Services,PSYCHIATRIC MENTAL HOSPITALS,Bursaries: Employees,22,73,3,0,0
Eastern Cape,HEALTH,Provincial Hospital Services,PSYCHIATRIC MENTAL HOSPITALS,Catering: Departmental activities,0,0,22,0,0
Eastern Cape,HEALTH,Provincial Hospital Services,PSYCHIATRIC MENTAL HOSPITALS,Communication (G&S),2591,1383,27,128,132
Eastern Cape,HEALTH,Provincial Hospital Services,PSYCHIATRIC MENTAL HOSPITALS,Computer services,0,0,0,0,0
Eastern Cape,HEALTH,Provincial Hospital Services,PSYCHIATRIC MENTAL HOSPITALS,Consultants: Business and advisory services,71,0,7,72,4072
Eastern Cape,HEALTH,Provincial Hospital Services,PSYCHIATRIC MENTAL HOSPITALS,Consumable supplies,3185,3073,3469,2428,2748
Eastern Cape,HEALTH,Provincial Hospital Services,PSYCHIATRIC MENTAL HOSPITALS,"Consumables: Stationery, printing and office supplies",874,1199,949,1518,1273
Eastern Cape,HEALTH,Provincial Hospital Services,PSYCHIATRIC MENTAL HOSPITALS,Contractors,72,27,138,6180,300
Eastern Cape,HEALTH,Provincial Hospital Services,PSYCHIATRIC MENTAL HOSPITALS,Fleet services (including government motor transport),2143,1041,3753,830,830
Eastern Cape,HEALTH,Provincial Hospital Services,PSYCHIATRIC MENTAL HOSPITALS,Inventory: Clothing material and accessories,311,613,126,711,931
Eastern Cape,HEALTH,Provincial Hospital Services,PSYCHIATRIC MENTAL HOSPITALS,Inventory: Food and food supplies,10903,14895,17563,20750,23621
Eastern Cape,HEALTH,Provincial Hospital Services,PSYCHIATRIC MENTAL HOSPITALS,"Inventory: Fuel, oil and gas",646,601,335,760,910
Eastern Cape,HEALTH,Provincial Hospital Services,PSYCHIATRIC MENTAL HOSPITALS,Inventory: Materials and supplies,374,289,581,1150,1010
Eastern Cape,HEALTH,Provincial Hospital Services,PSYCHIATRIC MENTAL HOSPITALS,Inventory: Medical supplies,1071,649,2446,2954,6478
Eastern Cape,HEALTH,Provincial Hospital Services,PSYCHIATRIC MENTAL HOSPITALS,Inventory: Medicine,1475,1388,927,3418,3418
Eastern Cape,HEALTH,Provincial Hospital Services,PSYCHIATRIC MENTAL HOSPITALS,Inventory: Other supplies,1588,1370,2262,3255,3901
Eastern Cape,HEALTH,Provincial Hospital Services,PSYCHIATRIC MENTAL HOSPITALS,Laboratory services,437,622,140,1606,12157
Eastern Cape,HEALTH,Provincial Hospital Services,PSYCHIATRIC MENTAL HOSPITALS,Minor assets,34,14,180,864,914
Eastern Cape,HEALTH,Provincial Hospital Services,PSYCHIATRIC MENTAL HOSPITALS,Operating leases,728,684,517,1280,900
Eastern Cape,HEALTH,Provincial Hospital Services,PSYCHIATRIC MENTAL HOSPITALS,Operating payments,25,246,17,180,145
Eastern Cape,HEALTH,Provincial Hospital Services,PSYCHIATRIC MENTAL HOSPITALS,Property payments,27921,35528,30934,55019,62231
Eastern Cape,HEALTH,Provincial Hospital Services,PSYCHIATRIC MENTAL HOSPITALS,Training and development,0,0,0,0,0
Eastern Cape,HEALTH,Provincial Hospital Services,PSYCHIATRIC MENTAL HOSPITALS,Transport provided: Departmental activity,0,0,0,0,0
Eastern Cape,HEALTH,Provincial Hospital Services,PSYCHIATRIC MENTAL HOSPITALS,Travel and subsistence,908,2078,1178,1815,1640
Eastern Cape,HEALTH,Provincial Hospital Services,PSYCHIATRIC MENTAL HOSPITALS,Venues and facilities,153,61,0,0,160
Eastern Cape,HEALTH,Provincial Hospital Services,PSYCHIATRIC MENTAL HOSPITALS,Social benefits,2632,1768,1782,0,1500
Eastern Cape,HEALTH,Central Hospital Services,CENTRAL HOSPITAL SERVICES,Buildings,17509,14449,31705,0,0
Eastern Cape,HEALTH,Central Hospital Services,CENTRAL HOSPITAL SERVICES,Other machinery and equipment,85085,77613,58427,69708,69708
Eastern Cape,HEALTH,Central Hospital Services,CENTRAL HOSPITAL SERVICES,Transport equipment,828,1408,1535,2700,2700
Eastern Cape,HEALTH,Central Hospital Services,CENTRAL HOSPITAL SERVICES,Salaries and wages,927106,1001216,1045065,1038822,1055129
Eastern Cape,HEALTH,Central Hospital Services,CENTRAL HOSPITAL SERVICES,Social contributions,110635,128508,138955,126003,126003
Eastern Cape,HEALTH,Central Hospital Services,CENTRAL HOSPITAL SERVICES,Administrative fees,0,183,0,6,6
Eastern Cape,HEALTH,Central Hospital Services,CENTRAL HOSPITAL SERVICES,Advertising,0,0,0,600,600
Eastern Cape,HEALTH,Central Hospital Services,CENTRAL HOSPITAL SERVICES,Agency and support/outsourced services,62445,48221,37769,35428,30228
Eastern Cape,HEALTH,Central Hospital Services,CENTRAL HOSPITAL SERVICES,Bursaries: Employees,106,659,0,0,0
Eastern Cape,HEALTH,Central Hospital Services,CENTRAL HOSPITAL SERVICES,Catering: Departmental activities,0,124,0,0,100
Eastern Cape,HEALTH,Central Hospital Services,CENTRAL HOSPITAL SERVICES,Communication (G&S),3222,4097,15167,8200,8200
Eastern Cape,HEALTH,Central Hospital Services,CENTRAL HOSPITAL SERVICES,Computer services,3546,3721,792,3752,3252
Eastern Cape,HEALTH,Central Hospital Services,CENTRAL HOSPITAL SERVICES,Consumable supplies,10354,11471,6053,12995,9295
Eastern Cape,HEALTH,Central Hospital Services,CENTRAL HOSPITAL SERVICES,"Consumables: Stationery, printing and office supplies",1823,2720,3323,6200,6200
Eastern Cape,HEALTH,Central Hospital Services,CENTRAL HOSPITAL SERVICES,Contractors,12853,11505,8532,10156,13520
Eastern Cape,HEALTH,Central Hospital Services,CENTRAL HOSPITAL SERVICES,Fleet services (including government motor transport),1130,2492,2510,7100,4600
Eastern Cape,HEALTH,Central Hospital Services,CENTRAL HOSPITAL SERVICES,Inventory: Clothing material and accessories,0,0,167,0,0
Eastern Cape,HEALTH,Central Hospital Services,CENTRAL HOSPITAL SERVICES,Inventory: Food and food supplies,3151,1841,5871,5000,5000
Eastern Cape,HEALTH,Central Hospital Services,CENTRAL HOSPITAL SERVICES,"Inventory: Fuel, oil and gas",25566,22448,11201,16200,23500
Eastern Cape,HEALTH,Central Hospital Services,CENTRAL HOSPITAL SERVICES,Inventory: Materials and supplies,425,493,4093,7788,3688
Eastern Cape,HEALTH,Central Hospital Services,CENTRAL HOSPITAL SERVICES,Inventory: Medical supplies,126163,116829,128015,170266,192681
Eastern Cape,HEALTH,Central Hospital Services,CENTRAL HOSPITAL SERVICES,Inventory: Medicine,39616,59103,50295,45162,40162
Eastern Cape,HEALTH,Central Hospital Services,CENTRAL HOSPITAL SERVICES,Inventory: Other supplies,11044,11580,2129,8000,18894
Eastern Cape,HEALTH,Central Hospital Services,CENTRAL HOSPITAL SERVICES,Laboratory services,40284,50747,41675,59132,32432
Eastern Cape,HEALTH,Central Hospital Services,CENTRAL HOSPITAL SERVICES,Legal services (G&S),0,0,162,0,0
Eastern Cape,HEALTH,Central Hospital Services,CENTRAL HOSPITAL SERVICES,Minor assets,92,637,1101,8812,7812
Eastern Cape,HEALTH,Central Hospital Services,CENTRAL HOSPITAL SERVICES,Operating leases,67984,47377,50665,47214,31842
Eastern Cape,HEALTH,Central Hospital Services,CENTRAL HOSPITAL SERVICES,Operating payments,202,236,19,748,748
Eastern Cape,HEALTH,Central Hospital Services,CENTRAL HOSPITAL SERVICES,Property payments,121440,91653,147662,131843,165231
Eastern Cape,HEALTH,Central Hospital Services,CENTRAL HOSPITAL SERVICES,Rental and hiring,297,113,113,0,0
Eastern Cape,HEALTH,Central Hospital Services,CENTRAL HOSPITAL SERVICES,Training and development,17,0,0,0,0
Eastern Cape,HEALTH,Central Hospital Services,CENTRAL HOSPITAL SERVICES,Transport provided: Departmental activity,0,0,0,22,22
Eastern Cape,HEALTH,Central Hospital Services,CENTRAL HOSPITAL SERVICES,Travel and subsistence,1325,1716,1341,2722,2722
Eastern Cape,HEALTH,Central Hospital Services,CENTRAL HOSPITAL SERVICES,Venues and facilities,0,0,0,1000,1000
Eastern Cape,HEALTH,Central Hospital Services,CENTRAL HOSPITAL SERVICES,Interest (Incl. interest on unitary payments (PPP)),1666,3281,4448,0,0
Eastern Cape,HEALTH,Central Hospital Services,CENTRAL HOSPITAL SERVICES,Other transfers to households,19679,31459,25679,0,0
Eastern Cape,HEALTH,Central Hospital Services,CENTRAL HOSPITAL SERVICES,Social benefits,7242,3426,5521,3474,3474
Eastern Cape,HEALTH,Central Hospital Services,PROVINCIAL TERTIARY SERVICES,Other machinery and equipment,57689,60340,62789,149106,118712
Eastern Cape,HEALTH,Central Hospital Services,PROVINCIAL TERTIARY SERVICES,Transport equipment,2053,3162,2247,350,350
Eastern Cape,HEALTH,Central Hospital Services,PROVINCIAL TERTIARY SERVICES,Salaries and wages,1890519,2040367,2104084,2457566,2581407
Eastern Cape,HEALTH,Central Hospital Services,PROVINCIAL TERTIARY SERVICES,Social contributions,268048,295073,313861,251691,131097
Eastern Cape,HEALTH,Central Hospital Services,PROVINCIAL TERTIARY SERVICES,Administrative fees,40,0,0,0,0
Eastern Cape,HEALTH,Central Hospital Services,PROVINCIAL TERTIARY SERVICES,Agency and support/outsourced services,13456,7033,10043,15116,13967
Eastern Cape,HEALTH,Central Hospital Services,PROVINCIAL TERTIARY SERVICES,Bursaries: Employees,291,824,58,0,0
Eastern Cape,HEALTH,Central Hospital Services,PROVINCIAL TERTIARY SERVICES,Catering: Departmental activities,56,63,0,0,129
Eastern Cape,HEALTH,Central Hospital Services,PROVINCIAL TERTIARY SERVICES,Communication (G&S),12500,7855,2203,6168,13961
Eastern Cape,HEALTH,Central Hospital Services,PROVINCIAL TERTIARY SERVICES,Computer services,18621,6142,111,12650,13275
Eastern Cape,HEALTH,Central Hospital Services,PROVINCIAL TERTIARY SERVICES,Consultants: Business and advisory services,0,23,10,10,10
Eastern Cape,HEALTH,Central Hospital Services,PROVINCIAL TERTIARY SERVICES,Consumable supplies,16076,19490,16282,18137,18272
Eastern Cape,HEALTH,Central Hospital Services,PROVINCIAL TERTIARY SERVICES,"Consumables: Stationery, printing and office supplies",4738,8074,7831,12350,11250
Eastern Cape,HEALTH,Central Hospital Services,PROVINCIAL TERTIARY SERVICES,Contractors,30667,34021,35094,68000,62500
Eastern Cape,HEALTH,Central Hospital Services,PROVINCIAL TERTIARY SERVICES,Fleet services (including government motor transport),2614,1390,3346,4400,4400
Eastern Cape,HEALTH,Central Hospital Services,PROVINCIAL TERTIARY SERVICES,Inventory: Clothing material and accessories,0,390,555,0,0
Eastern Cape,HEALTH,Central Hospital Services,PROVINCIAL TERTIARY SERVICES,Inventory: Food and food supplies,38235,42543,44422,60136,66169
Eastern Cape,HEALTH,Central Hospital Services,PROVINCIAL TERTIARY SERVICES,"Inventory: Fuel, oil and gas",29213,19558,16204,28610,24510
Eastern Cape,HEALTH,Central Hospital Services,PROVINCIAL TERTIARY SERVICES,Inventory: Materials and supplies,4555,5608,3784,7610,7128
Eastern Cape,HEALTH,Central Hospital Services,PROVINCIAL TERTIARY SERVICES,Inventory: Medical supplies,294626,331362,318473,369809,365120
Eastern Cape,HEALTH,Central Hospital Services,PROVINCIAL TERTIARY SERVICES,Inventory: Medicine,36797,26711,77195,95034,139329
Eastern Cape,HEALTH,Central Hospital Services,PROVINCIAL TERTIARY SERVICES,Inventory: Other supplies,14726,15838,10125,18292,23215
Eastern Cape,HEALTH,Central Hospital Services,PROVINCIAL TERTIARY SERVICES,Laboratory services,89917,97847,103217,91000,115646
Eastern Cape,HEALTH,Central Hospital Services,PROVINCIAL TERTIARY SERVICES,Legal services (G&S),325,2814,1729,0,0
Eastern Cape,HEALTH,Central Hospital Services,PROVINCIAL TERTIARY SERVICES,Minor assets,879,555,960,5790,6679
Eastern Cape,HEALTH,Central Hospital Services,PROVINCIAL TERTIARY SERVICES,Operating leases,14561,10146,10063,15640,8993
Eastern Cape,HEALTH,Central Hospital Services,PROVINCIAL TERTIARY SERVICES,Operating payments,942,882,817,920,1020
Eastern Cape,HEALTH,Central Hospital Services,PROVINCIAL TERTIARY SERVICES,Property payments,154755,117408,144950,192940,196686
Eastern Cape,HEALTH,Central Hospital Services,PROVINCIAL TERTIARY SERVICES,Rental and hiring,23,11,0,0,0
Eastern Cape,HEALTH,Central Hospital Services,PROVINCIAL TERTIARY SERVICES,Transport provided: Departmental activity,137,112,109,0,145
Eastern Cape,HEALTH,Central Hospital Services,PROVINCIAL TERTIARY SERVICES,Travel and subsistence,2298,2553,1834,2886,4628
Eastern Cape,HEALTH,Central Hospital Services,PROVINCIAL TERTIARY SERVICES,Venues and facilities,41,0,0,1200,510
Eastern Cape,HEALTH,Central Hospital Services,PROVINCIAL TERTIARY SERVICES,Interest (Incl. interest on unitary payments (PPP)),490,368,235,0,0
Eastern Cape,HEALTH,Central Hospital Services,PROVINCIAL TERTIARY SERVICES,Other transfers to households,7389,8992,20528,21872,21872
Eastern Cape,HEALTH,Central Hospital Services,PROVINCIAL TERTIARY SERVICES,Social benefits,3462,9992,10494,24078,26242
Eastern Cape,HEALTH,Health Sciences and Training,NURSING TRAINING COLLEGES,Other machinery and equipment,432,1968,1639,3662,3662
Eastern Cape,HEALTH,Health Sciences and Training,NURSING TRAINING COLLEGES,Transport equipment,1460,2281,1872,1967,1967
Eastern Cape,HEALTH,Health Sciences and Training,NURSING TRAINING COLLEGES,Salaries and wages,181931,181630,165608,152594,154885
Eastern Cape,HEALTH,Health Sciences and Training,NURSING TRAINING COLLEGES,Social contributions,25847,27167,27571,47204,44913
Eastern Cape,HEALTH,Health Sciences and Training,NURSING TRAINING COLLEGES,Administrative fees,0,0,0,0,0
Eastern Cape,HEALTH,Health Sciences and Training,NURSING TRAINING COLLEGES,Agency and support/outsourced services,0,0,0,0,0
Eastern Cape,HEALTH,Health Sciences and Training,NURSING TRAINING COLLEGES,Bursaries: Employees,4969,1406,1918,4019,1749
Eastern Cape,HEALTH,Health Sciences and Training,NURSING TRAINING COLLEGES,Communication (G&S),1417,1123,19,994,636
Eastern Cape,HEALTH,Health Sciences and Training,NURSING TRAINING COLLEGES,Computer services,0,0,0,0,100
Eastern Cape,HEALTH,Health Sciences and Training,NURSING TRAINING COLLEGES,Consumable supplies,894,1229,994,1500,1336
Eastern Cape,HEALTH,Health Sciences and Training,NURSING TRAINING COLLEGES,"Consumables: Stationery, printing and office supplies",463,574,557,771,1298
Eastern Cape,HEALTH,Health Sciences and Training,NURSING TRAINING COLLEGES,Contractors,2,0,109,2172,855
Eastern Cape,HEALTH,Health Sciences and Training,NURSING TRAINING COLLEGES,Fleet services (including government motor transport),2176,1445,3737,1572,1572
Eastern Cape,HEALTH,Health Sciences and Training,NURSING TRAINING COLLEGES,Inventory: Food and food supplies,0,0,0,0,0
Eastern Cape,HEALTH,Health Sciences and Training,NURSING TRAINING COLLEGES,"Inventory: Fuel, oil and gas",0,0,0,10,10
Eastern Cape,HEALTH,Health Sciences and Training,NURSING TRAINING COLLEGES,Inventory: Materials and supplies,70,99,33,490,234
Eastern Cape,HEALTH,Health Sciences and Training,NURSING TRAINING COLLEGES,Inventory: Medical supplies,0,183,5,537,239
Eastern Cape,HEALTH,Health Sciences and Training,NURSING TRAINING COLLEGES,Inventory: Medicine,0,3,0,0,0
Eastern Cape,HEALTH,Health Sciences and Training,NURSING TRAINING COLLEGES,Inventory: Other supplies,155,236,286,450,658
Eastern Cape,HEALTH,Health Sciences and Training,NURSING TRAINING COLLEGES,Minor assets,94,113,154,857,582
Eastern Cape,HEALTH,Health Sciences and Training,NURSING TRAINING COLLEGES,Operating leases,2107,1189,638,1654,1668
Eastern Cape,HEALTH,Health Sciences and Training,NURSING TRAINING COLLEGES,Operating payments,821,322,1344,2069,2069
Eastern Cape,HEALTH,Health Sciences and Training,NURSING TRAINING COLLEGES,Property payments,10631,10282,10028,12531,18541
Eastern Cape,HEALTH,Health Sciences and Training,NURSING TRAINING COLLEGES,Training and development,0,0,0,0,0
Eastern Cape,HEALTH,Health Sciences and Training,NURSING TRAINING COLLEGES,Travel and subsistence,1161,1804,790,1829,1908
Eastern Cape,HEALTH,Health Sciences and Training,NURSING TRAINING COLLEGES,Social benefits,3147,2157,2858,3000,3000
Eastern Cape,HEALTH,Health Sciences and Training,EMS TRAINING COLLEGE,Other machinery and equipment,1088,1016,896,1810,1810
Eastern Cape,HEALTH,Health Sciences and Training,EMS TRAINING COLLEGE,Transport equipment,0,0,0,121,121
Eastern Cape,HEALTH,Health Sciences and Training,EMS TRAINING COLLEGE,Salaries and wages,5254,7380,7790,9879,9879
Eastern Cape,HEALTH,Health Sciences and Training,EMS TRAINING COLLEGE,Social contributions,1011,1346,1537,1113,1113
Eastern Cape,HEALTH,Health Sciences and Training,EMS TRAINING COLLEGE,Administrative fees,0,0,4,130,130
Eastern Cape,HEALTH,Health Sciences and Training,EMS TRAINING COLLEGE,Advertising,0,0,0,120,120
Eastern Cape,HEALTH,Health Sciences and Training,EMS TRAINING COLLEGE,Agency and support/outsourced services,0,0,0,73,73
Eastern Cape,HEALTH,Health Sciences and Training,EMS TRAINING COLLEGE,Bursaries: Employees,0,0,6085,7045,7045
Eastern Cape,HEALTH,Health Sciences and Training,EMS TRAINING COLLEGE,Communication (G&S),0,0,0,40,40
Eastern Cape,HEALTH,Health Sciences and Training,EMS TRAINING COLLEGE,Consumable supplies,189,37,107,148,188
Eastern Cape,HEALTH,Health Sciences and Training,EMS TRAINING COLLEGE,"Consumables: Stationery, printing and office supplies",21,25,84,150,150
Eastern Cape,HEALTH,Health Sciences and Training,EMS TRAINING COLLEGE,Contractors,21,25,6,150,150
Eastern Cape,HEALTH,Health Sciences and Training,EMS TRAINING COLLEGE,Inventory: Clothing material and accessories,0,600,0,200,200
Eastern Cape,HEALTH,Health Sciences and Training,EMS TRAINING COLLEGE,Inventory: Food and food supplies,0,0,0,0,0
Eastern Cape,HEALTH,Health Sciences and Training,EMS TRAINING COLLEGE,"Inventory: Fuel, oil and gas",23,30,53,140,140
Eastern Cape,HEALTH,Health Sciences and Training,EMS TRAINING COLLEGE,Inventory: Materials and supplies,41,39,120,120,80
Eastern Cape,HEALTH,Health Sciences and Training,EMS TRAINING COLLEGE,Inventory: Medical supplies,209,451,885,250,250
Eastern Cape,HEALTH,Health Sciences and Training,EMS TRAINING COLLEGE,Inventory: Medicine,0,0,0,2,2
Eastern Cape,HEALTH,Health Sciences and Training,EMS TRAINING COLLEGE,Inventory: Other supplies,38,49,17,115,115
Eastern Cape,HEALTH,Health Sciences and Training,EMS TRAINING COLLEGE,Minor assets,0,14,57,463,463
Eastern Cape,HEALTH,Health Sciences and Training,EMS TRAINING COLLEGE,Operating leases,56,64,59,116,116
Eastern Cape,HEALTH,Health Sciences and Training,EMS TRAINING COLLEGE,Operating payments,31,46,28,200,200
Eastern Cape,HEALTH,Health Sciences and Training,EMS TRAINING COLLEGE,Property payments,1878,1511,1542,3843,3843
Eastern Cape,HEALTH,Health Sciences and Training,EMS TRAINING COLLEGE,Training and development,290,170,40,643,643
Eastern Cape,HEALTH,Health Sciences and Training,EMS TRAINING COLLEGE,Travel and subsistence,307,364,204,379,379
Eastern Cape,HEALTH,Health Sciences and Training,EMS TRAINING COLLEGE,Venues and facilities,0,81,0,0,0
Eastern Cape,HEALTH,Health Sciences and Training,EMS TRAINING COLLEGE,Social benefits,65,0,0,0,0
Eastern Cape,HEALTH,Health Sciences and Training,BURSARIES,Other machinery and equipment,1399,935,0,800,800
Eastern Cape,HEALTH,Health Sciences and Training,BURSARIES,Administrative fees,0,0,0,0,0
Eastern Cape,HEALTH,Health Sciences and Training,BURSARIES,Advertising,59,437,57,214,264
Eastern Cape,HEALTH,Health Sciences and Training,BURSARIES,Bursaries: Employees,0,8457,12535,26911,3862
Eastern Cape,HEALTH,Health Sciences and Training,BURSARIES,Consumable supplies,0,58,0,0,0
Eastern Cape,HEALTH,Health Sciences and Training,BURSARIES,"Consumables: Stationery, printing and office supplies",12,60,0,500,450
Eastern Cape,HEALTH,Health Sciences and Training,BURSARIES,Contractors,0,27,0,0,0
Eastern Cape,HEALTH,Health Sciences and Training,BURSARIES,Training and development,3960,499,0,0,0
Eastern Cape,HEALTH,Health Sciences and Training,BURSARIES,Travel and subsistence,6246,2490,1505,2430,2430
Eastern Cape,HEALTH,Health Sciences and Training,BURSARIES,Venues and facilities,150,697,0,0,0
Eastern Cape,HEALTH,Health Sciences and Training,BURSARIES,Other transfers to households,37326,24889,29615,50000,34000
Eastern Cape,HEALTH,Health Sciences and Training,OTHER TRAINING,Other machinery and equipment,6159,0,7167,12806,12806
Eastern Cape,HEALTH,Health Sciences and Training,OTHER TRAINING,Transport equipment,0,6341,0,594,594
Eastern Cape,HEALTH,Health Sciences and Training,OTHER TRAINING,Salaries and wages,580860,598545,553270,632724,557472
Eastern Cape,HEALTH,Health Sciences and Training,OTHER TRAINING,Social contributions,14322,13350,13284,38428,38680
Eastern Cape,HEALTH,Health Sciences and Training,OTHER TRAINING,Administrative fees,473,505,224,1000,1030
Eastern Cape,HEALTH,Health Sciences and Training,OTHER TRAINING,Advertising,23,0,0,0,230
Eastern Cape,HEALTH,Health Sciences and Training,OTHER TRAINING,Agency and support/outsourced services,0,80218,0,88543,88543
Eastern Cape,HEALTH,Health Sciences and Training,OTHER TRAINING,Bursaries: Employees,8853,3578,1413,810,-282
Eastern Cape,HEALTH,Health Sciences and Training,OTHER TRAINING,Catering: Departmental activities,690,308,41,0,300
Eastern Cape,HEALTH,Health Sciences and Training,OTHER TRAINING,Communication (G&S),0,0,0,810,810
Eastern Cape,HEALTH,Health Sciences and Training,OTHER TRAINING,Computer services,0,0,0,1546,0
Eastern Cape,HEALTH,Health Sciences and Training,OTHER TRAINING,Consultants: Business and advisory services,0,0,0,0,0
Eastern Cape,HEALTH,Health Sciences and Training,OTHER TRAINING,Consumable supplies,68,0,64,532,32
Eastern Cape,HEALTH,Health Sciences and Training,OTHER TRAINING,"Consumables: Stationery, printing and office supplies",203,175,186,450,500
Eastern Cape,HEALTH,Health Sciences and Training,OTHER TRAINING,Contractors,0,0,0,0,0
Eastern Cape,HEALTH,Health Sciences and Training,OTHER TRAINING,Inventory: Materials and supplies,33,9,1,0,30
Eastern Cape,HEALTH,Health Sciences and Training,OTHER TRAINING,Inventory: Medical supplies,7554,12130,13623,9400,9016
Eastern Cape,HEALTH,Health Sciences and Training,OTHER TRAINING,Inventory: Other supplies,85,0,0,0,0
Eastern Cape,HEALTH,Health Sciences and Training,OTHER TRAINING,Minor assets,1059,15,347,2000,1125
Eastern Cape,HEALTH,Health Sciences and Training,OTHER TRAINING,Operating leases,20,0,0,0,0
Eastern Cape,HEALTH,Health Sciences and Training,OTHER TRAINING,Operating payments,103,42,89,500,0
Eastern Cape,HEALTH,Health Sciences and Training,OTHER TRAINING,Property payments,19,20,0,0,0
Eastern Cape,HEALTH,Health Sciences and Training,OTHER TRAINING,Training and development,18822,24655,19266,23000,24910
Eastern Cape,HEALTH,Health Sciences and Training,OTHER TRAINING,Travel and subsistence,29463,29023,14668,10327,12544
Eastern Cape,HEALTH,Health Sciences and Training,OTHER TRAINING,Venues and facilities,2395,5883,480,500,630
Eastern Cape,HEALTH,Health Sciences and Training,OTHER TRAINING,Departmental agencies (non-business entities),16866,14721,14401,14886,14886
Eastern Cape,HEALTH,Health Sciences and Training,OTHER TRAINING,Other transfers to households,173,0,0,0,0
Eastern Cape,HEALTH,Health Sciences and Training,OTHER TRAINING,Social benefits,12,45,77,0,0
Eastern Cape,HEALTH,Health Care Support Services,ORTHOTIC & PROSTHETIC SERVICES,Other machinery and equipment,5303,1414,100,1100,1100
Eastern Cape,HEALTH,Health Care Support Services,ORTHOTIC & PROSTHETIC SERVICES,Transport equipment,109,94,102,0,0
Eastern Cape,HEALTH,Health Care Support Services,ORTHOTIC & PROSTHETIC SERVICES,Salaries and wages,19921,19654,22671,27034,27034
Eastern Cape,HEALTH,Health Care Support Services,ORTHOTIC & PROSTHETIC SERVICES,Social contributions,3666,3771,4521,7065,7065
Eastern Cape,HEALTH,Health Care Support Services,ORTHOTIC & PROSTHETIC SERVICES,Administrative fees,0,0,0,0,0
Eastern Cape,HEALTH,Health Care Support Services,ORTHOTIC & PROSTHETIC SERVICES,Advertising,0,0,0,0,0
Eastern Cape,HEALTH,Health Care Support Services,ORTHOTIC & PROSTHETIC SERVICES,Agency and support/outsourced services,0,12,34,0,0
Eastern Cape,HEALTH,Health Care Support Services,ORTHOTIC & PROSTHETIC SERVICES,Bursaries: Employees,0,34,0,0,0
Eastern Cape,HEALTH,Health Care Support Services,ORTHOTIC & PROSTHETIC SERVICES,Communication (G&S),545,0,0,0,0
Eastern Cape,HEALTH,Health Care Support Services,ORTHOTIC & PROSTHETIC SERVICES,Computer services,0,0,0,0,0
Eastern Cape,HEALTH,Health Care Support Services,ORTHOTIC & PROSTHETIC SERVICES,Consumable supplies,133,351,167,40,36
Eastern Cape,HEALTH,Health Care Support Services,ORTHOTIC & PROSTHETIC SERVICES,"Consumables: Stationery, printing and office supplies",50,77,76,140,150
Eastern Cape,HEALTH,Health Care Support Services,ORTHOTIC & PROSTHETIC SERVICES,Contractors,220,30,89,201,301
Eastern Cape,HEALTH,Health Care Support Services,ORTHOTIC & PROSTHETIC SERVICES,Fleet services (including government motor transport),86,34,156,0,0
Eastern Cape,HEALTH,Health Care Support Services,ORTHOTIC & PROSTHETIC SERVICES,Inventory: Materials and supplies,6,144,110,0,0
Eastern Cape,HEALTH,Health Care Support Services,ORTHOTIC & PROSTHETIC SERVICES,Inventory: Medical supplies,22478,19276,26697,25228,24924
Eastern Cape,HEALTH,Health Care Support Services,ORTHOTIC & PROSTHETIC SERVICES,Inventory: Medicine,0,0,0,0,0
Eastern Cape,HEALTH,Health Care Support Services,ORTHOTIC & PROSTHETIC SERVICES,Inventory: Other supplies,59,20,48,49,49
Eastern Cape,HEALTH,Health Care Support Services,ORTHOTIC & PROSTHETIC SERVICES,Minor assets,152,3718,5,110,414
Eastern Cape,HEALTH,Health Care Support Services,ORTHOTIC & PROSTHETIC SERVICES,Operating leases,27,9,0,50,36
Eastern Cape,HEALTH,Health Care Support Services,ORTHOTIC & PROSTHETIC SERVICES,Property payments,213,150,208,350,220
Eastern Cape,HEALTH,Health Care Support Services,ORTHOTIC & PROSTHETIC SERVICES,Travel and subsistence,418,908,143,170,208
Eastern Cape,HEALTH,Health Care Support Services,ORTHOTIC & PROSTHETIC SERVICES,Other transfers to households,0,38,0,0,0
Eastern Cape,HEALTH,Health Care Support Services,ORTHOTIC & PROSTHETIC SERVICES,Social benefits,0,28,0,0,0
Eastern Cape,HEALTH,Health Care Support Services,MEDICINE TRADING ACCOUNT,Other machinery and equipment,161,72,668,750,750
Eastern Cape,HEALTH,Health Care Support Services,MEDICINE TRADING ACCOUNT,Transport equipment,94,66,114,96,96
Eastern Cape,HEALTH,Health Care Support Services,MEDICINE TRADING ACCOUNT,Salaries and wages,40158,41359,42506,46503,47048
Eastern Cape,HEALTH,Health Care Support Services,MEDICINE TRADING ACCOUNT,Social contributions,6495,7128,7711,3472,3472
Eastern Cape,HEALTH,Health Care Support Services,MEDICINE TRADING ACCOUNT,Advertising,0,0,0,0,0
Eastern Cape,HEALTH,Health Care Support Services,MEDICINE TRADING ACCOUNT,Agency and support/outsourced services,0,0,0,0,900
Eastern Cape,HEALTH,Health Care Support Services,MEDICINE TRADING ACCOUNT,Bursaries: Employees,0,0,0,0,0
Eastern Cape,HEALTH,Health Care Support Services,MEDICINE TRADING ACCOUNT,Communication (G&S),623,496,4,2677,1377
Eastern Cape,HEALTH,Health Care Support Services,MEDICINE TRADING ACCOUNT,Computer services,1998,867,0,0,0
Eastern Cape,HEALTH,Health Care Support Services,MEDICINE TRADING ACCOUNT,Consumable supplies,2571,3646,3979,8700,6522
Eastern Cape,HEALTH,Health Care Support Services,MEDICINE TRADING ACCOUNT,"Consumables: Stationery, printing and office supplies",1046,1283,999,1154,1181
Eastern Cape,HEALTH,Health Care Support Services,MEDICINE TRADING ACCOUNT,Contractors,1,39,278,751,276
Eastern Cape,HEALTH,Health Care Support Services,MEDICINE TRADING ACCOUNT,Fleet services (including government motor transport),92,21,111,448,448
Eastern Cape,HEALTH,Health Care Support Services,MEDICINE TRADING ACCOUNT,"Inventory: Fuel, oil and gas",771,360,286,600,400
Eastern Cape,HEALTH,Health Care Support Services,MEDICINE TRADING ACCOUNT,Inventory: Materials and supplies,0,4,0,0,10
Eastern Cape,HEALTH,Health Care Support Services,MEDICINE TRADING ACCOUNT,Inventory: Other supplies,0,0,53,0,0
Eastern Cape,HEALTH,Health Care Support Services,MEDICINE TRADING ACCOUNT,Minor assets,39,8,25,1159,-63
Eastern Cape,HEALTH,Health Care Support Services,MEDICINE TRADING ACCOUNT,Operating leases,1004,1022,1546,1702,2572
Eastern Cape,HEALTH,Health Care Support Services,MEDICINE TRADING ACCOUNT,Operating payments,13,22,0,200,4555
Eastern Cape,HEALTH,Health Care Support Services,MEDICINE TRADING ACCOUNT,Property payments,6096,5841,6267,8000,8655
Eastern Cape,HEALTH,Health Care Support Services,MEDICINE TRADING ACCOUNT,Training and development,0,0,0,0,0
Eastern Cape,HEALTH,Health Care Support Services,MEDICINE TRADING ACCOUNT,Travel and subsistence,474,335,188,1951,509
Eastern Cape,HEALTH,Health Care Support Services,MEDICINE TRADING ACCOUNT,Social benefits,31,365,167,423,423
Eastern Cape,HEALTH,Health Care Support Services,MEDICO-LEGAL COMPENSATORY SERVICES,Other machinery and equipment,0,0,96,25430,25430
Eastern Cape,HEALTH,Health Care Support Services,MEDICO-LEGAL COMPENSATORY SERVICES,Agency and support/outsourced services,0,0,76,10540,3535
Eastern Cape,HEALTH,Health Care Support Services,MEDICO-LEGAL COMPENSATORY SERVICES,Consumable supplies,0,0,0,2,2
Eastern Cape,HEALTH,Health Care Support Services,MEDICO-LEGAL COMPENSATORY SERVICES,"Consumables: Stationery, printing and office supplies",0,0,0,370,370
Eastern Cape,HEALTH,Health Care Support Services,MEDICO-LEGAL COMPENSATORY SERVICES,Contractors,0,0,0,600,450
Eastern Cape,HEALTH,Health Care Support Services,MEDICO-LEGAL COMPENSATORY SERVICES,Inventory: Food and food supplies,0,0,2021,3770,4370
Eastern Cape,HEALTH,Health Care Support Services,MEDICO-LEGAL COMPENSATORY SERVICES,Inventory: Materials and supplies,0,0,0,200,200
Eastern Cape,HEALTH,Health Care Support Services,MEDICO-LEGAL COMPENSATORY SERVICES,Inventory: Medical supplies,0,0,6236,57392,58947
Eastern Cape,HEALTH,Health Care Support Services,MEDICO-LEGAL COMPENSATORY SERVICES,Inventory: Medicine,0,0,0,0,0
Eastern Cape,HEALTH,Health Care Support Services,MEDICO-LEGAL COMPENSATORY SERVICES,Inventory: Other supplies,0,0,0,130,130
Eastern Cape,HEALTH,Health Care Support Services,MEDICO-LEGAL COMPENSATORY SERVICES,Minor assets,0,0,0,6444,11444
Eastern Cape,HEALTH,Health Care Support Services,MEDICO-LEGAL COMPENSATORY SERVICES,Operating leases,0,0,0,100,100
Eastern Cape,HEALTH,Health Care Support Services,MEDICO-LEGAL COMPENSATORY SERVICES,Training and development,0,0,0,0,0
Eastern Cape,HEALTH,Health Care Support Services,MEDICO-LEGAL COMPENSATORY SERVICES,Travel and subsistence,0,0,317,500,500
Eastern Cape,HEALTH,Health Care Support Services,MEDICO-LEGAL COMPENSATORY SERVICES,Other transfers to households,0,0,434,2500,2500
Eastern Cape,HEALTH,Health Facilities Management,COMMUNITY HEALTH FACILITIES,Buildings,75692,82371,161280,254390,192018
Eastern Cape,HEALTH,Health Facilities Management,COMMUNITY HEALTH FACILITIES,Other machinery and equipment,70564,14811,1592,39992,42106
Eastern Cape,HEALTH,Health Facilities Management,COMMUNITY HEALTH FACILITIES,Transport equipment,0,0,0,0,0
Eastern Cape,HEALTH,Health Facilities Management,COMMUNITY HEALTH FACILITIES,Salaries and wages,1476,696,-33,0,0
Eastern Cape,HEALTH,Health Facilities Management,COMMUNITY HEALTH FACILITIES,Social contributions,0,0,-159,0,0
Eastern Cape,HEALTH,Health Facilities Management,COMMUNITY HEALTH FACILITIES,Consumable supplies,0,3193,292,0,0
Eastern Cape,HEALTH,Health Facilities Management,COMMUNITY HEALTH FACILITIES,Contractors,64618,93554,178738,155572,244544
Eastern Cape,HEALTH,Health Facilities Management,COMMUNITY HEALTH FACILITIES,Inventory: Materials and supplies,518,1520,270,0,0
Eastern Cape,HEALTH,Health Facilities Management,COMMUNITY HEALTH FACILITIES,Inventory: Medical supplies,2078,4223,1638,0,0
Eastern Cape,HEALTH,Health Facilities Management,COMMUNITY HEALTH FACILITIES,Inventory: Other supplies,0,190,0,0,0
Eastern Cape,HEALTH,Health Facilities Management,COMMUNITY HEALTH FACILITIES,Minor assets,58,233,35,0,0
Eastern Cape,HEALTH,Health Facilities Management,COMMUNITY HEALTH FACILITIES,Property payments,0,5607,10311,0,0
Eastern Cape,HEALTH,Health Facilities Management,COMMUNITY HEALTH FACILITIES,Training and development,0,1192,0,0,0
Eastern Cape,HEALTH,Health Facilities Management,COMMUNITY HEALTH FACILITIES,Travel and subsistence,0,3,-1,0,0
Eastern Cape,HEALTH,Health Facilities Management,EMERGENCY MEDICAL RESCUE SERVICES,Buildings,0,0,0,0,0
Eastern Cape,HEALTH,Health Facilities Management,EMERGENCY MEDICAL RESCUE SERVICES,Other machinery and equipment,0,0,0,0,0
Eastern Cape,HEALTH,Health Facilities Management,EMERGENCY MEDICAL RESCUE SERVICES,Contractors,0,0,0,10000,5000
Eastern Cape,HEALTH,Health Facilities Management,EMERGENCY MEDICAL RESCUE SERVICES,Fleet services (including government motor transport),0,0,0,0,0
Eastern Cape,HEALTH,Health Facilities Management,EMERGENCY MEDICAL RESCUE SERVICES,Property payments,0,0,0,0,5000
Eastern Cape,HEALTH,Health Facilities Management,DISTRICT HOSPITAL SERVICES,Buildings,253215,190112,296276,346418,308163
Eastern Cape,HEALTH,Health Facilities Management,DISTRICT HOSPITAL SERVICES,Other machinery and equipment,93770,252227,119893,56500,88419
Eastern Cape,HEALTH,Health Facilities Management,DISTRICT HOSPITAL SERVICES,Transport equipment,35,0,13,0,0
Eastern Cape,HEALTH,Health Facilities Management,DISTRICT HOSPITAL SERVICES,Salaries and wages,1678,829,834,0,0
Eastern Cape,HEALTH,Health Facilities Management,DISTRICT HOSPITAL SERVICES,Social contributions,226,250,269,0,0
Eastern Cape,HEALTH,Health Facilities Management,DISTRICT HOSPITAL SERVICES,Communication (G&S),17,0,0,0,0
Eastern Cape,HEALTH,Health Facilities Management,DISTRICT HOSPITAL SERVICES,Consumable supplies,0,218,948,0,0
Eastern Cape,HEALTH,Health Facilities Management,DISTRICT HOSPITAL SERVICES,Contractors,188062,129569,96014,219985,181867
Eastern Cape,HEALTH,Health Facilities Management,DISTRICT HOSPITAL SERVICES,Fleet services (including government motor transport),108,1,0,0,0
Eastern Cape,HEALTH,Health Facilities Management,DISTRICT HOSPITAL SERVICES,Inventory: Clothing material and accessories,0,2,0,0,0
Eastern Cape,HEALTH,Health Facilities Management,DISTRICT HOSPITAL SERVICES,Inventory: Food and food supplies,19,70,184,0,0
Eastern Cape,HEALTH,Health Facilities Management,DISTRICT HOSPITAL SERVICES,"Inventory: Fuel, oil and gas",125,0,0,0,0
Eastern Cape,HEALTH,Health Facilities Management,DISTRICT HOSPITAL SERVICES,Inventory: Materials and supplies,19391,33474,1286,0,0
Eastern Cape,HEALTH,Health Facilities Management,DISTRICT HOSPITAL SERVICES,Inventory: Medical supplies,9435,8742,2880,0,0
Eastern Cape,HEALTH,Health Facilities Management,DISTRICT HOSPITAL SERVICES,Inventory: Other supplies,596,0,0,0,0
Eastern Cape,HEALTH,Health Facilities Management,DISTRICT HOSPITAL SERVICES,Minor assets,-3,1093,590,0,0
Eastern Cape,HEALTH,Health Facilities Management,DISTRICT HOSPITAL SERVICES,Property payments,292,5393,34,0,0
Eastern Cape,HEALTH,Health Facilities Management,DISTRICT HOSPITAL SERVICES,Training and development,0,0,0,0,0
Eastern Cape,HEALTH,Health Facilities Management,DISTRICT HOSPITAL SERVICES,Travel and subsistence,568,3,0,0,0
Eastern Cape,HEALTH,Health Facilities Management,DISTRICT HOSPITAL SERVICES,Social benefits,0,2,4,0,0
Eastern Cape,HEALTH,Health Facilities Management,PROVINCIAL HOSPITAL SERVICES,Buildings,114698,62777,127424,194118,240276
Eastern Cape,HEALTH,Health Facilities Management,PROVINCIAL HOSPITAL SERVICES,Other machinery and equipment,92312,7915,2036,59881,59890
Eastern Cape,HEALTH,Health Facilities Management,PROVINCIAL HOSPITAL SERVICES,Transport equipment,0,0,0,0,0
Eastern Cape,HEALTH,Health Facilities Management,PROVINCIAL HOSPITAL SERVICES,Salaries and wages,18492,25436,29435,46612,46612
Eastern Cape,HEALTH,Health Facilities Management,PROVINCIAL HOSPITAL SERVICES,Social contributions,1857,2795,3347,0,0
Eastern Cape,HEALTH,Health Facilities Management,PROVINCIAL HOSPITAL SERVICES,Administrative fees,0,0,0,0,48
Eastern Cape,HEALTH,Health Facilities Management,PROVINCIAL HOSPITAL SERVICES,Agency and support/outsourced services,0,0,0,0,0
Eastern Cape,HEALTH,Health Facilities Management,PROVINCIAL HOSPITAL SERVICES,Bursaries: Employees,0,9,5,0,0
Eastern Cape,HEALTH,Health Facilities Management,PROVINCIAL HOSPITAL SERVICES,Communication (G&S),0,0,0,0,0
Eastern Cape,HEALTH,Health Facilities Management,PROVINCIAL HOSPITAL SERVICES,Computer services,0,99,0,0,148
Eastern Cape,HEALTH,Health Facilities Management,PROVINCIAL HOSPITAL SERVICES,Consumable supplies,12,1153,0,0,0
Eastern Cape,HEALTH,Health Facilities Management,PROVINCIAL HOSPITAL SERVICES,"Consumables: Stationery, printing and office supplies",0,29,117,0,700
Eastern Cape,HEALTH,Health Facilities Management,PROVINCIAL HOSPITAL SERVICES,Contractors,56780,55425,130638,47446,91493
Eastern Cape,HEALTH,Health Facilities Management,PROVINCIAL HOSPITAL SERVICES,Fleet services (including government motor transport),0,0,26,0,0
Eastern Cape,HEALTH,Health Facilities Management,PROVINCIAL HOSPITAL SERVICES,Inventory: Clothing material and accessories,0,0,0,0,500
Eastern Cape,HEALTH,Health Facilities Management,PROVINCIAL HOSPITAL SERVICES,Inventory: Materials and supplies,0,7534,0,0,0
Eastern Cape,HEALTH,Health Facilities Management,PROVINCIAL HOSPITAL SERVICES,Inventory: Medical supplies,723,4614,0,0,100
Eastern Cape,HEALTH,Health Facilities Management,PROVINCIAL HOSPITAL SERVICES,Inventory: Other supplies,0,0,0,0,400
Eastern Cape,HEALTH,Health Facilities Management,PROVINCIAL HOSPITAL SERVICES,Minor assets,279,21,236,0,197
Eastern Cape,HEALTH,Health Facilities Management,PROVINCIAL HOSPITAL SERVICES,Operating payments,0,131,0,0,400
Eastern Cape,HEALTH,Health Facilities Management,PROVINCIAL HOSPITAL SERVICES,Property payments,0,2143,933,0,0
Eastern Cape,HEALTH,Health Facilities Management,PROVINCIAL HOSPITAL SERVICES,Training and development,0,0,0,7000,0
Eastern Cape,HEALTH,Health Facilities Management,PROVINCIAL HOSPITAL SERVICES,Travel and subsistence,1975,2943,1991,5793,825
Eastern Cape,HEALTH,Health Facilities Management,PROVINCIAL HOSPITAL SERVICES,Venues and facilities,98,402,0,0,500
Eastern Cape,HEALTH,Health Facilities Management,PROVINCIAL HOSPITAL SERVICES,Interest (Incl. interest on unitary payments (PPP)),0,0,59468,0,0
Eastern Cape,HEALTH,Health Facilities Management,PROVINCIAL HOSPITAL SERVICES,Other transfers to households,0,0,21888,0,0
Eastern Cape,HEALTH,Health Facilities Management,PROVINCIAL HOSPITAL SERVICES,Social benefits,53,0,204,0,0
Eastern Cape,HEALTH,Health Facilities Management,OTHER FACILITIES,Buildings,0,622,5190,1000,500
Eastern Cape,HEALTH,Health Facilities Management,OTHER FACILITIES,Other machinery and equipment,27,3859,0,0,0
Eastern Cape,HEALTH,Health Facilities Management,OTHER FACILITIES,Salaries and wages,380,1006,1680,0,0
Eastern Cape,HEALTH,Health Facilities Management,OTHER FACILITIES,Social contributions,48,231,457,0,0
Eastern Cape,HEALTH,Health Facilities Management,OTHER FACILITIES,Contractors,966,9143,5000,10000,15000
Eastern Cape,HEALTH,Health Facilities Management,OTHER FACILITIES,Rental and hiring,0,0,0,0,0
Eastern Cape,HEALTH,Health Facilities Management,OTHER FACILITIES,Training and development,0,216,0,0,0
Eastern Cape,HEALTH,Health Facilities Management,OTHER FACILITIES,Travel and subsistence,337,7,8,0,0
Free State,HEALTH,Administration,OFFICE OF THE MEC,Other machinery and equipment,408,252,176,171,171
Free State,HEALTH,Administration,OFFICE OF THE MEC,Salaries and wages,7250,4740,5797,8348,8348
Free State,HEALTH,Administration,OFFICE OF THE MEC,Social contributions,692,601,673,808,808
Free State,HEALTH,Administration,OFFICE OF THE MEC,Administrative fees,14,28,29,78,78
Free State,HEALTH,Administration,OFFICE OF THE MEC,Catering: Departmental activities,0,174,517,200,1072
Free State,HEALTH,Administration,OFFICE OF THE MEC,Communication (G&S),4,33,16,49,62
Free State,HEALTH,Administration,OFFICE OF THE MEC,Consumable supplies,25,157,292,0,30
Free State,HEALTH,Administration,OFFICE OF THE MEC,"Consumables: Stationery, printing and office supplies",21,0,1,50,48
Free State,HEALTH,Administration,OFFICE OF THE MEC,Contractors,0,0,48,0,120
Free State,HEALTH,Administration,OFFICE OF THE MEC,Fleet services (including government motor transport),0,0,0,14,14
Free State,HEALTH,Administration,OFFICE OF THE MEC,Inventory: Clothing material and accessories,0,0,59,30,30
Free State,HEALTH,Administration,OFFICE OF THE MEC,Inventory: Food and food supplies,23,3,8,100,100
Free State,HEALTH,Administration,OFFICE OF THE MEC,Minor assets,0,1,0,0,17
Free State,HEALTH,Administration,OFFICE OF THE MEC,Operating leases,0,0,58,293,293
Free State,HEALTH,Administration,OFFICE OF THE MEC,Operating payments,0,17,32,0,50
Free State,HEALTH,Administration,OFFICE OF THE MEC,Travel and subsistence,689,744,605,3437,1857
Free State,HEALTH,Administration,OFFICE OF THE MEC,Venues and facilities,0,223,202,351,831
Free State,HEALTH,Administration,OFFICE OF THE MEC,Social benefits,0,2168,0,0,0
Free State,HEALTH,Administration,MANAGEMENT,Other machinery and equipment,9285,4631,2835,5697,6097
Free State,HEALTH,Administration,MANAGEMENT,Salaries and wages,205114,204476,193497,226622,229488
Free State,HEALTH,Administration,MANAGEMENT,Social contributions,31530,34647,35229,43570,40704
Free State,HEALTH,Administration,MANAGEMENT,Administrative fees,594,81,82,200,255
Free State,HEALTH,Administration,MANAGEMENT,Advertising,197,224,321,277,224
Free State,HEALTH,Administration,MANAGEMENT,Agency and support/outsourced services,3954,2009,1586,4000,2404
Free State,HEALTH,Administration,MANAGEMENT,Audit costs: External,20598,22108,25935,21973,33336
Free State,HEALTH,Administration,MANAGEMENT,Bursaries: Employees,39,19,22,0,0
Free State,HEALTH,Administration,MANAGEMENT,Catering: Departmental activities,109,222,121,37,396
Free State,HEALTH,Administration,MANAGEMENT,Communication (G&S),2248,2180,1727,2817,1723
Free State,HEALTH,Administration,MANAGEMENT,Computer services,6350,9573,8556,9244,9242
Free State,HEALTH,Administration,MANAGEMENT,Consultants: Business and advisory services,614,512,1514,380,6230
Free State,HEALTH,Administration,MANAGEMENT,Consumable supplies,85,158,201,0,1185
Free State,HEALTH,Administration,MANAGEMENT,"Consumables: Stationery, printing and office supplies",388,526,1298,3082,1181
Free State,HEALTH,Administration,MANAGEMENT,Contractors,4,0,31,493,107
Free State,HEALTH,Administration,MANAGEMENT,Fleet services (including government motor transport),8380,2861,3272,5300,8375
Free State,HEALTH,Administration,MANAGEMENT,Inventory: Clothing material and accessories,0,7,0,0,0
Free State,HEALTH,Administration,MANAGEMENT,Inventory: Food and food supplies,0,0,0,0,0
Free State,HEALTH,Administration,MANAGEMENT,"Inventory: Fuel, oil and gas",1,0,0,0,0
Free State,HEALTH,Administration,MANAGEMENT,Inventory: Materials and supplies,0,31,0,0,0
Free State,HEALTH,Administration,MANAGEMENT,Inventory: Medical supplies,0,0,0,0,12
Free State,HEALTH,Administration,MANAGEMENT,Legal services (G&S),14007,10611,8893,11000,12145
Free State,HEALTH,Administration,MANAGEMENT,Minor assets,8,119,0,2052,2919
Free State,HEALTH,Administration,MANAGEMENT,Operating leases,5295,2119,6830,2974,3022
Free State,HEALTH,Administration,MANAGEMENT,Operating payments,1248,1873,1173,2353,2802
Free State,HEALTH,Administration,MANAGEMENT,Property payments,0,48,23,0,275
Free State,HEALTH,Administration,MANAGEMENT,Training and development,0,1,0,0,55
Free State,HEALTH,Administration,MANAGEMENT,Travel and subsistence,2523,3158,3229,3700,5642
Free State,HEALTH,Administration,MANAGEMENT,Venues and facilities,0,0,5,1333,363
Free State,HEALTH,Administration,MANAGEMENT,Interest (Incl. interest on unitary payments (PPP)),39,61,169,118,40
Free State,HEALTH,Administration,MANAGEMENT,Other transfers to households,18,10,23561,45155,45155
Free State,HEALTH,Administration,MANAGEMENT,Social benefits,1251,885,1426,551,551
Free State,HEALTH,Administration,MANAGEMENT,Other transfers to private enterprises,0,4282,0,0,0
Free State,HEALTH,Administration,MANAGEMENT,Other transfers to public corporations,1405,0,0,0,0
Free State,HEALTH,Administration,MANAGEMENT,Payments for financial assets,0,0,0,0,0
Free State,HEALTH,District Health Services,DISTRICT MANAGEMENT,Other machinery and equipment,6564,5090,2269,4859,4859
Free State,HEALTH,District Health Services,DISTRICT MANAGEMENT,Transport equipment,0,1986,0,200,200
Free State,HEALTH,District Health Services,DISTRICT MANAGEMENT,Salaries and wages,67142,70788,69955,97780,100404
Free State,HEALTH,District Health Services,DISTRICT MANAGEMENT,Social contributions,12845,14076,15036,13703,13703
Free State,HEALTH,District Health Services,DISTRICT MANAGEMENT,Administrative fees,3,2,9,148,148
Free State,HEALTH,District Health Services,DISTRICT MANAGEMENT,Agency and support/outsourced services,5,27,94,0,0
Free State,HEALTH,District Health Services,DISTRICT MANAGEMENT,Bursaries: Employees,14,5,8,0,5
Free State,HEALTH,District Health Services,DISTRICT MANAGEMENT,Catering: Departmental activities,64,49,31,30,80
Free State,HEALTH,District Health Services,DISTRICT MANAGEMENT,Communication (G&S),2151,2110,2630,2913,2513
Free State,HEALTH,District Health Services,DISTRICT MANAGEMENT,Computer services,186,199,1029,650,100
Free State,HEALTH,District Health Services,DISTRICT MANAGEMENT,Consumable supplies,999,700,1023,1464,1814
Free State,HEALTH,District Health Services,DISTRICT MANAGEMENT,"Consumables: Stationery, printing and office supplies",629,324,741,640,690
Free State,HEALTH,District Health Services,DISTRICT MANAGEMENT,Contractors,136,173,126,650,250
Free State,HEALTH,District Health Services,DISTRICT MANAGEMENT,Fleet services (including government motor transport),16167,12668,13862,13721,13548
Free State,HEALTH,District Health Services,DISTRICT MANAGEMENT,Inventory: Clothing material and accessories,0,0,0,0,100
Free State,HEALTH,District Health Services,DISTRICT MANAGEMENT,Inventory: Food and food supplies,52,15,15,100,100
Free State,HEALTH,District Health Services,DISTRICT MANAGEMENT,"Inventory: Fuel, oil and gas",129,295,49,0,0
Free State,HEALTH,District Health Services,DISTRICT MANAGEMENT,Inventory: Materials and supplies,621,401,454,964,914
Free State,HEALTH,District Health Services,DISTRICT MANAGEMENT,Inventory: Medical supplies,694,3,1052,92,92
Free State,HEALTH,District Health Services,DISTRICT MANAGEMENT,Inventory: Medicine,0,0,7,0,0
Free State,HEALTH,District Health Services,DISTRICT MANAGEMENT,Inventory: Other supplies,0,0,0,0,150
Free State,HEALTH,District Health Services,DISTRICT MANAGEMENT,Laboratory services,-62,0,0,1850,3650
Free State,HEALTH,District Health Services,DISTRICT MANAGEMENT,Legal services (G&S),0,0,110,0,0
Free State,HEALTH,District Health Services,DISTRICT MANAGEMENT,Minor assets,97,6,25,772,822
Free State,HEALTH,District Health Services,DISTRICT MANAGEMENT,Operating leases,47481,32576,42285,18804,19649
Free State,HEALTH,District Health Services,DISTRICT MANAGEMENT,Operating payments,111,68,43,475,475
Free State,HEALTH,District Health Services,DISTRICT MANAGEMENT,Property payments,2433,2254,1201,3654,3497
Free State,HEALTH,District Health Services,DISTRICT MANAGEMENT,Training and development,0,0,0,0,0
Free State,HEALTH,District Health Services,DISTRICT MANAGEMENT,Travel and subsistence,2099,1374,1142,1399,1529
Free State,HEALTH,District Health Services,DISTRICT MANAGEMENT,Social benefits,268,594,1391,2070,2070
Free State,HEALTH,District Health Services,DISTRICT MANAGEMENT,Provincial Revenue Funds,0,0,15,0,0
Free State,HEALTH,District Health Services,DISTRICT MANAGEMENT,Other transfers to public corporations,0,0,0,0,0
Free State,HEALTH,District Health Services,DISTRICT MANAGEMENT,Payments for financial assets,0,0,0,0,0
Free State,HEALTH,District Health Services,COMMUNITY HEALTH CLINICS,Other machinery and equipment,14734,9631,7068,5229,6754
Free State,HEALTH,District Health Services,COMMUNITY HEALTH CLINICS,Salaries and wages,637137,637932,644067,760015,757679
Free State,HEALTH,District Health Services,COMMUNITY HEALTH CLINICS,Social contributions,111071,118787,125249,122938,122938
Free State,HEALTH,District Health Services,COMMUNITY HEALTH CLINICS,Administrative fees,0,14,0,24,24
Free State,HEALTH,District Health Services,COMMUNITY HEALTH CLINICS,Agency and support/outsourced services,131,607,713,8400,1259
Free State,HEALTH,District Health Services,COMMUNITY HEALTH CLINICS,Bursaries: Employees,0,0,20,0,10
Free State,HEALTH,District Health Services,COMMUNITY HEALTH CLINICS,Catering: Departmental activities,8,0,375,0,81
Free State,HEALTH,District Health Services,COMMUNITY HEALTH CLINICS,Communication (G&S),6083,5783,5505,3601,3351
Free State,HEALTH,District Health Services,COMMUNITY HEALTH CLINICS,Computer services,894,0,8111,0,16000
Free State,HEALTH,District Health Services,COMMUNITY HEALTH CLINICS,Consultants: Business and advisory services,0,0,584,0,0
Free State,HEALTH,District Health Services,COMMUNITY HEALTH CLINICS,Consumable supplies,4650,7640,7528,19509,6949
Free State,HEALTH,District Health Services,COMMUNITY HEALTH CLINICS,"Consumables: Stationery, printing and office supplies",7918,7426,13055,7312,6602
Free State,HEALTH,District Health Services,COMMUNITY HEALTH CLINICS,Contractors,14,270,504,2126,1835
Free State,HEALTH,District Health Services,COMMUNITY HEALTH CLINICS,Inventory: Clothing material and accessories,377,0,0,400,500
Free State,HEALTH,District Health Services,COMMUNITY HEALTH CLINICS,Inventory: Food and food supplies,350,408,41,3500,3500
Free State,HEALTH,District Health Services,COMMUNITY HEALTH CLINICS,"Inventory: Fuel, oil and gas",411,1331,451,1658,1648
Free State,HEALTH,District Health Services,COMMUNITY HEALTH CLINICS,Inventory: Materials and supplies,1472,1647,2710,3406,3312
Free State,HEALTH,District Health Services,COMMUNITY HEALTH CLINICS,Inventory: Medical supplies,20655,18168,25321,21960,23220
Free State,HEALTH,District Health Services,COMMUNITY HEALTH CLINICS,Inventory: Medicine,292985,225191,381500,301392,291332
Free State,HEALTH,District Health Services,COMMUNITY HEALTH CLINICS,Inventory: Other supplies,18,0,197,0,450
Free State,HEALTH,District Health Services,COMMUNITY HEALTH CLINICS,Laboratory services,7059,18980,22591,33277,35277
Free State,HEALTH,District Health Services,COMMUNITY HEALTH CLINICS,Minor assets,980,1008,365,4348,4579
Free State,HEALTH,District Health Services,COMMUNITY HEALTH CLINICS,Operating leases,741,506,2888,1128,1403
Free State,HEALTH,District Health Services,COMMUNITY HEALTH CLINICS,Operating payments,509,153,336,1485,1244
Free State,HEALTH,District Health Services,COMMUNITY HEALTH CLINICS,Property payments,4684,5768,5350,8752,8477
Free State,HEALTH,District Health Services,COMMUNITY HEALTH CLINICS,Training and development,0,0,0,350,350
Free State,HEALTH,District Health Services,COMMUNITY HEALTH CLINICS,Travel and subsistence,250,268,865,1736,1736
Free State,HEALTH,District Health Services,COMMUNITY HEALTH CLINICS,Venues and facilities,0,0,99,0,0
Free State,HEALTH,District Health Services,COMMUNITY HEALTH CLINICS,Interest (Incl. interest on unitary payments (PPP)),141,2324,0,0,0
Free State,HEALTH,District Health Services,COMMUNITY HEALTH CLINICS,Other transfers to households,0,165,0,0,84
Free State,HEALTH,District Health Services,COMMUNITY HEALTH CLINICS,Social benefits,3190,3343,4580,4650,4566
Free State,HEALTH,District Health Services,COMMUNITY HEALTH CLINICS,Other transfers to private enterprises,36,0,0,0,0
Free State,HEALTH,District Health Services,COMMUNITY HEALTH CENTRE,Other machinery and equipment,1953,2534,1722,1618,1618
Free State,HEALTH,District Health Services,COMMUNITY HEALTH CENTRE,Salaries and wages,118854,127389,130497,137895,120987
Free State,HEALTH,District Health Services,COMMUNITY HEALTH CENTRE,Social contributions,20989,23778,25167,18097,6997
Free State,HEALTH,District Health Services,COMMUNITY HEALTH CENTRE,Administrative fees,0,0,0,5,5
Free State,HEALTH,District Health Services,COMMUNITY HEALTH CENTRE,Agency and support/outsourced services,505,50,390,1700,1640
Free State,HEALTH,District Health Services,COMMUNITY HEALTH CENTRE,Bursaries: Employees,0,0,0,0,0
Free State,HEALTH,District Health Services,COMMUNITY HEALTH CENTRE,Communication (G&S),427,439,451,941,941
Free State,HEALTH,District Health Services,COMMUNITY HEALTH CENTRE,Consumable supplies,1042,1030,1866,1939,1039
Free State,HEALTH,District Health Services,COMMUNITY HEALTH CENTRE,"Consumables: Stationery, printing and office supplies",830,804,871,1519,1019
Free State,HEALTH,District Health Services,COMMUNITY HEALTH CENTRE,Contractors,24,280,154,1178,1178
Free State,HEALTH,District Health Services,COMMUNITY HEALTH CENTRE,Inventory: Clothing material and accessories,0,0,0,0,0
Free State,HEALTH,District Health Services,COMMUNITY HEALTH CENTRE,Inventory: Food and food supplies,0,286,0,400,400
Free State,HEALTH,District Health Services,COMMUNITY HEALTH CENTRE,"Inventory: Fuel, oil and gas",268,493,114,505,505
Free State,HEALTH,District Health Services,COMMUNITY HEALTH CENTRE,Inventory: Materials and supplies,14,55,0,0,300
Free State,HEALTH,District Health Services,COMMUNITY HEALTH CENTRE,Inventory: Medical supplies,2064,2897,3645,3774,3774
Free State,HEALTH,District Health Services,COMMUNITY HEALTH CENTRE,Inventory: Medicine,14852,12847,26494,13950,51092
Free State,HEALTH,District Health Services,COMMUNITY HEALTH CENTRE,Inventory: Other supplies,0,0,0,0,60
Free State,HEALTH,District Health Services,COMMUNITY HEALTH CENTRE,Laboratory services,264,4336,4802,4566,4866
Free State,HEALTH,District Health Services,COMMUNITY HEALTH CENTRE,Minor assets,265,209,335,525,725
Free State,HEALTH,District Health Services,COMMUNITY HEALTH CENTRE,Operating leases,806,47,455,1605,1605
Free State,HEALTH,District Health Services,COMMUNITY HEALTH CENTRE,Operating payments,41,11,24,225,225
Free State,HEALTH,District Health Services,COMMUNITY HEALTH CENTRE,Property payments,697,50,1368,1540,2440
Free State,HEALTH,District Health Services,COMMUNITY HEALTH CENTRE,Travel and subsistence,0,0,22,10,10
Free State,HEALTH,District Health Services,COMMUNITY HEALTH CENTRE,Interest (Incl. interest on unitary payments (PPP)),7,4,0,0,0
Free State,HEALTH,District Health Services,COMMUNITY HEALTH CENTRE,Social benefits,627,670,737,613,613
Free State,HEALTH,District Health Services,COMMUNITY BASED SERVICES,Other machinery and equipment,2603,2292,2855,4555,2475
Free State,HEALTH,District Health Services,COMMUNITY BASED SERVICES,Transport equipment,2324,1132,0,0,1681
Free State,HEALTH,District Health Services,COMMUNITY BASED SERVICES,Salaries and wages,635346,637527,635727,620822,661046
Free State,HEALTH,District Health Services,COMMUNITY BASED SERVICES,Social contributions,36686,39615,41736,71238,94341
Free State,HEALTH,District Health Services,COMMUNITY BASED SERVICES,Administrative fees,21,36,43,119,185
Free State,HEALTH,District Health Services,COMMUNITY BASED SERVICES,Advertising,507,60,486,180,0
Free State,HEALTH,District Health Services,COMMUNITY BASED SERVICES,Agency and support/outsourced services,2006,1683,1185,2440,2390
Free State,HEALTH,District Health Services,COMMUNITY BASED SERVICES,Bursaries: Employees,27,1,9,0,0
Free State,HEALTH,District Health Services,COMMUNITY BASED SERVICES,Catering: Departmental activities,113,231,84,358,321
Free State,HEALTH,District Health Services,COMMUNITY BASED SERVICES,Communication (G&S),31,181,33,360,360
Free State,HEALTH,District Health Services,COMMUNITY BASED SERVICES,Computer services,0,0,0,0,0
Free State,HEALTH,District Health Services,COMMUNITY BASED SERVICES,Consultants: Business and advisory services,1006,775,67,412,377
Free State,HEALTH,District Health Services,COMMUNITY BASED SERVICES,Consumable supplies,1618,1714,2704,4073,2522
Free State,HEALTH,District Health Services,COMMUNITY BASED SERVICES,"Consumables: Stationery, printing and office supplies",591,204,343,1516,948
Free State,HEALTH,District Health Services,COMMUNITY BASED SERVICES,Contractors,24,1502,1229,1696,1596
Free State,HEALTH,District Health Services,COMMUNITY BASED SERVICES,Fleet services (including government motor transport),591,1118,1842,375,375
Free State,HEALTH,District Health Services,COMMUNITY BASED SERVICES,Inventory: Clothing material and accessories,0,0,0,0,0
Free State,HEALTH,District Health Services,COMMUNITY BASED SERVICES,Inventory: Food and food supplies,0,200,0,0,0
Free State,HEALTH,District Health Services,COMMUNITY BASED SERVICES,"Inventory: Fuel, oil and gas",151,108,219,400,410
Free State,HEALTH,District Health Services,COMMUNITY BASED SERVICES,Inventory: Materials and supplies,2,57,93,0,300
Free State,HEALTH,District Health Services,COMMUNITY BASED SERVICES,Inventory: Medical supplies,2421,2695,3356,6071,7529
Free State,HEALTH,District Health Services,COMMUNITY BASED SERVICES,Inventory: Medicine,9327,10437,9235,24487,22619
Free State,HEALTH,District Health Services,COMMUNITY BASED SERVICES,Inventory: Other supplies,0,33,0,0,0
Free State,HEALTH,District Health Services,COMMUNITY BASED SERVICES,Laboratory services,-24,239,12,3000,3140
Free State,HEALTH,District Health Services,COMMUNITY BASED SERVICES,Minor assets,12,29,41,122,481
Free State,HEALTH,District Health Services,COMMUNITY BASED SERVICES,Operating leases,3138,2507,5152,2393,3248
Free State,HEALTH,District Health Services,COMMUNITY BASED SERVICES,Operating payments,157,492,487,688,1300
Free State,HEALTH,District Health Services,COMMUNITY BASED SERVICES,Property payments,563,126,749,530,530
Free State,HEALTH,District Health Services,COMMUNITY BASED SERVICES,Transport provided: Departmental activity,0,0,0,0,290
Free State,HEALTH,District Health Services,COMMUNITY BASED SERVICES,Travel and subsistence,3703,4355,3240,3637,3637
Free State,HEALTH,District Health Services,COMMUNITY BASED SERVICES,Venues and facilities,7,88,29,120,153
Free State,HEALTH,District Health Services,COMMUNITY BASED SERVICES,Interest (Incl. interest on unitary payments (PPP)),1,3,0,0,0
Free State,HEALTH,District Health Services,COMMUNITY BASED SERVICES,Other transfers to households,0,0,0,0,0
Free State,HEALTH,District Health Services,COMMUNITY BASED SERVICES,Social benefits,1622,1216,1148,1316,1316
Free State,HEALTH,District Health Services,COMMUNITY BASED SERVICES,Non-profit institutions,0,0,0,0,0
Free State,HEALTH,District Health Services,COMMUNITY BASED SERVICES,Other transfers to public corporations,0,0,0,0,0
Free State,HEALTH,District Health Services,HIV/AIDS,Other machinery and equipment,6833,13627,10513,14172,16323
Free State,HEALTH,District Health Services,HIV/AIDS,Transport equipment,809,0,2786,2467,3022
Free State,HEALTH,District Health Services,HIV/AIDS,Software and other intangible assets,0,0,0,0,0
Free State,HEALTH,District Health Services,HIV/AIDS,Salaries and wages,872030,950326,880244,892832,898413
Free State,HEALTH,District Health Services,HIV/AIDS,Social contributions,70839,83113,93844,94391,88810
Free State,HEALTH,District Health Services,HIV/AIDS,Administrative fees,586,643,608,0,1209
Free State,HEALTH,District Health Services,HIV/AIDS,Advertising,434,2059,889,3177,3182
Free State,HEALTH,District Health Services,HIV/AIDS,Agency and support/outsourced services,16967,9188,27350,41343,42043
Free State,HEALTH,District Health Services,HIV/AIDS,Bursaries: Employees,34,25,54,0,0
Free State,HEALTH,District Health Services,HIV/AIDS,Catering: Departmental activities,7574,4973,3466,1594,4334
Free State,HEALTH,District Health Services,HIV/AIDS,Communication (G&S),1221,7,8,342,211
Free State,HEALTH,District Health Services,HIV/AIDS,Computer services,32522,31339,36293,36378,33878
Free State,HEALTH,District Health Services,HIV/AIDS,Consultants: Business and advisory services,0,0,31,547,77
Free State,HEALTH,District Health Services,HIV/AIDS,Consumable supplies,21136,10701,12620,20901,19496
Free State,HEALTH,District Health Services,HIV/AIDS,"Consumables: Stationery, printing and office supplies",9596,10090,9668,18794,10929
Free State,HEALTH,District Health Services,HIV/AIDS,Contractors,2545,893,224,0,235
Free State,HEALTH,District Health Services,HIV/AIDS,Fleet services (including government motor transport),2181,2673,2715,1342,1256
Free State,HEALTH,District Health Services,HIV/AIDS,Inventory: Clothing material and accessories,0,96,0,0,200
Free State,HEALTH,District Health Services,HIV/AIDS,Inventory: Food and food supplies,3882,4028,2724,2538,2438
Free State,HEALTH,District Health Services,HIV/AIDS,Inventory: Materials and supplies,28,493,272,0,363
Free State,HEALTH,District Health Services,HIV/AIDS,Inventory: Medical supplies,43062,51042,44015,49586,49467
Free State,HEALTH,District Health Services,HIV/AIDS,Inventory: Medicine,406671,446693,403522,383282,383282
Free State,HEALTH,District Health Services,HIV/AIDS,Inventory: Other supplies,115,3568,650,0,0
Free State,HEALTH,District Health Services,HIV/AIDS,Laboratory services,470289,272523,304529,225833,227971
Free State,HEALTH,District Health Services,HIV/AIDS,Minor assets,502,774,1185,1865,1639
Free State,HEALTH,District Health Services,HIV/AIDS,Operating leases,234,285,285,1793,1913
Free State,HEALTH,District Health Services,HIV/AIDS,Operating payments,1152,3283,3424,0,5426
Free State,HEALTH,District Health Services,HIV/AIDS,Rental and hiring,0,0,13,0,0
Free State,HEALTH,District Health Services,HIV/AIDS,Training and development,1034,1171,1174,11493,1726
Free State,HEALTH,District Health Services,HIV/AIDS,Travel and subsistence,13182,10356,14484,9254,13744
Free State,HEALTH,District Health Services,HIV/AIDS,Venues and facilities,5987,3090,1225,0,2337
Free State,HEALTH,District Health Services,HIV/AIDS,Interest (Incl. interest on unitary payments (PPP)),1888,2750,59,0,0
Free State,HEALTH,District Health Services,HIV/AIDS,Departmental agencies (non-business entities),0,0,2000,2772,2772
Free State,HEALTH,District Health Services,HIV/AIDS,Other transfers to households,0,98,0,0,0
Free State,HEALTH,District Health Services,HIV/AIDS,Social benefits,1156,682,616,296,296
Free State,HEALTH,District Health Services,HIV/AIDS,Non-profit institutions,1480,1111,916,2000,22426
Free State,HEALTH,District Health Services,HIV/AIDS,Other transfers to public corporations,0,0,0,0,0
Free State,HEALTH,District Health Services,NUTRITION,Other machinery and equipment,72,81,35,200,200
Free State,HEALTH,District Health Services,NUTRITION,Salaries and wages,10619,10900,8536,17723,17723
Free State,HEALTH,District Health Services,NUTRITION,Social contributions,1719,1966,1614,3958,3958
Free State,HEALTH,District Health Services,NUTRITION,Administrative fees,0,6,3,15,15
Free State,HEALTH,District Health Services,NUTRITION,Consumable supplies,5,10,7,20,20
Free State,HEALTH,District Health Services,NUTRITION,"Consumables: Stationery, printing and office supplies",37,0,0,10,20
Free State,HEALTH,District Health Services,NUTRITION,Inventory: Food and food supplies,1779,3367,4424,5899,5899
Free State,HEALTH,District Health Services,NUTRITION,Minor assets,19,22,25,30,30
Free State,HEALTH,District Health Services,NUTRITION,Operating leases,0,0,0,0,0
Free State,HEALTH,District Health Services,NUTRITION,Operating payments,194,0,29,0,0
Free State,HEALTH,District Health Services,NUTRITION,Property payments,0,0,0,70,0
Free State,HEALTH,District Health Services,NUTRITION,Travel and subsistence,198,410,226,658,718
Free State,HEALTH,District Health Services,NUTRITION,Social benefits,142,438,57,100,100
Free State,HEALTH,District Health Services,CORONER SERVICES,Other machinery and equipment,463,728,276,870,870
Free State,HEALTH,District Health Services,CORONER SERVICES,Transport equipment,649,341,0,200,200
Free State,HEALTH,District Health Services,CORONER SERVICES,Salaries and wages,36720,37978,40368,43703,43703
Free State,HEALTH,District Health Services,CORONER SERVICES,Social contributions,6006,6510,7011,7339,7339
Free State,HEALTH,District Health Services,CORONER SERVICES,Administrative fees,4,1,1,1,3
Free State,HEALTH,District Health Services,CORONER SERVICES,Agency and support/outsourced services,77,92,95,210,210
Free State,HEALTH,District Health Services,CORONER SERVICES,Bursaries: Employees,0,0,0,0,0
Free State,HEALTH,District Health Services,CORONER SERVICES,Catering: Departmental activities,0,0,0,0,162
Free State,HEALTH,District Health Services,CORONER SERVICES,Communication (G&S),403,382,407,280,0
Free State,HEALTH,District Health Services,CORONER SERVICES,Consumable supplies,113,185,58,90,90
Free State,HEALTH,District Health Services,CORONER SERVICES,"Consumables: Stationery, printing and office supplies",24,54,19,50,35
Free State,HEALTH,District Health Services,CORONER SERVICES,Fleet services (including government motor transport),2563,2467,3324,1995,1705
Free State,HEALTH,District Health Services,CORONER SERVICES,Inventory: Clothing material and accessories,0,221,59,100,280
Free State,HEALTH,District Health Services,CORONER SERVICES,"Inventory: Fuel, oil and gas",208,1,43,50,50
Free State,HEALTH,District Health Services,CORONER SERVICES,Inventory: Materials and supplies,12,35,3,30,30
Free State,HEALTH,District Health Services,CORONER SERVICES,Inventory: Medical supplies,414,798,443,700,690
Free State,HEALTH,District Health Services,CORONER SERVICES,Inventory: Other supplies,0,399,0,0,160
Free State,HEALTH,District Health Services,CORONER SERVICES,Laboratory services,23,173,0,200,320
Free State,HEALTH,District Health Services,CORONER SERVICES,Minor assets,0,2,17,170,20
Free State,HEALTH,District Health Services,CORONER SERVICES,Operating leases,27,82,944,500,338
Free State,HEALTH,District Health Services,CORONER SERVICES,Operating payments,0,0,1,0,15
Free State,HEALTH,District Health Services,CORONER SERVICES,Property payments,96,149,60,100,420
Free State,HEALTH,District Health Services,CORONER SERVICES,Travel and subsistence,48,164,124,245,193
Free State,HEALTH,District Health Services,CORONER SERVICES,Interest (Incl. interest on unitary payments (PPP)),0,3,0,0,0
Free State,HEALTH,District Health Services,CORONER SERVICES,Other transfers to households,0,0,167,0,0
Free State,HEALTH,District Health Services,CORONER SERVICES,Social benefits,77,125,101,100,100
Free State,HEALTH,District Health Services,DISTRICT HOSPITALS,Other machinery and equipment,13219,9558,5070,10701,22089
Free State,HEALTH,District Health Services,DISTRICT HOSPITALS,Transport equipment,0,0,0,203,133
Free State,HEALTH,District Health Services,DISTRICT HOSPITALS,Salaries and wages,1230676,1243124,1275121,1400440,1401686
Free State,HEALTH,District Health Services,DISTRICT HOSPITALS,Social contributions,213028,228659,242511,255922,254536
Free State,HEALTH,District Health Services,DISTRICT HOSPITALS,Administrative fees,44,111,43,170,162
Free State,HEALTH,District Health Services,DISTRICT HOSPITALS,Advertising,0,0,0,10,10
Free State,HEALTH,District Health Services,DISTRICT HOSPITALS,Agency and support/outsourced services,10237,10308,6864,6199,6727
Free State,HEALTH,District Health Services,DISTRICT HOSPITALS,Bursaries: Employees,172,34,149,51,51
Free State,HEALTH,District Health Services,DISTRICT HOSPITALS,Catering: Departmental activities,0,0,-2,0,0
Free State,HEALTH,District Health Services,DISTRICT HOSPITALS,Communication (G&S),6367,5535,5707,4281,3664
Free State,HEALTH,District Health Services,DISTRICT HOSPITALS,Computer services,726,409,670,397,45
Free State,HEALTH,District Health Services,DISTRICT HOSPITALS,Consultants: Business and advisory services,491,673,602,1036,880
Free State,HEALTH,District Health Services,DISTRICT HOSPITALS,Consumable supplies,7570,8244,9513,8190,8482
Free State,HEALTH,District Health Services,DISTRICT HOSPITALS,"Consumables: Stationery, printing and office supplies",3982,5305,3860,5641,6637
Free State,HEALTH,District Health Services,DISTRICT HOSPITALS,Contractors,5015,4745,5054,6713,8523
Free State,HEALTH,District Health Services,DISTRICT HOSPITALS,Fleet services (including government motor transport),9226,8767,11065,6649,6150
Free State,HEALTH,District Health Services,DISTRICT HOSPITALS,Inventory: Clothing material and accessories,478,369,417,1640,1348
Free State,HEALTH,District Health Services,DISTRICT HOSPITALS,Inventory: Farming supplies,32,0,0,0,0
Free State,HEALTH,District Health Services,DISTRICT HOSPITALS,Inventory: Food and food supplies,17688,18141,18018,28214,28586
Free State,HEALTH,District Health Services,DISTRICT HOSPITALS,"Inventory: Fuel, oil and gas",14929,13276,6642,10358,7958
Free State,HEALTH,District Health Services,DISTRICT HOSPITALS,Inventory: Materials and supplies,1802,1887,1515,2750,3163
Free State,HEALTH,District Health Services,DISTRICT HOSPITALS,Inventory: Medical supplies,52064,45247,44742,58157,71791
Free State,HEALTH,District Health Services,DISTRICT HOSPITALS,Inventory: Medicine,74907,68729,62356,61245,98725
Free State,HEALTH,District Health Services,DISTRICT HOSPITALS,Inventory: Other supplies,1320,1673,2032,2761,2018
Free State,HEALTH,District Health Services,DISTRICT HOSPITALS,Laboratory services,12996,26406,43123,44919,76810
Free State,HEALTH,District Health Services,DISTRICT HOSPITALS,Minor assets,1119,1152,340,2358,2417
Free State,HEALTH,District Health Services,DISTRICT HOSPITALS,Operating leases,14508,14034,22167,13213,13761
Free State,HEALTH,District Health Services,DISTRICT HOSPITALS,Operating payments,466,790,502,1154,1303
Free State,HEALTH,District Health Services,DISTRICT HOSPITALS,Property payments,3904,4017,2429,5926,6843
Free State,HEALTH,District Health Services,DISTRICT HOSPITALS,Training and development,0,0,0,0,0
Free State,HEALTH,District Health Services,DISTRICT HOSPITALS,Transport provided: Departmental activity,26,1,0,20,0
Free State,HEALTH,District Health Services,DISTRICT HOSPITALS,Travel and subsistence,2580,2418,2172,3534,3152
Free State,HEALTH,District Health Services,DISTRICT HOSPITALS,Venues and facilities,0,7,5,0,0
Free State,HEALTH,District Health Services,DISTRICT HOSPITALS,Interest (Incl. interest on unitary payments (PPP)),237,116,188,0,0
Free State,HEALTH,District Health Services,DISTRICT HOSPITALS,Other transfers to households,4,0,0,0,0
Free State,HEALTH,District Health Services,DISTRICT HOSPITALS,Social benefits,5662,4415,6291,4825,5345
Free State,HEALTH,District Health Services,DISTRICT HOSPITALS,Provincial Revenue Funds,0,32,35,0,0
Free State,HEALTH,District Health Services,DISTRICT HOSPITALS,Other transfers to private enterprises,1254,0,0,0,0
Free State,HEALTH,District Health Services,DISTRICT HOSPITALS,Payments for financial assets,0,0,0,0,0
Free State,HEALTH,District Health Services,OTHER COMMUNITY SERVICES,Other machinery and equipment,42,0,0,0,0
Free State,HEALTH,District Health Services,OTHER COMMUNITY SERVICES,Salaries and wages,89249,35,0,0,0
Free State,HEALTH,District Health Services,OTHER COMMUNITY SERVICES,Social contributions,431,0,0,0,0
Free State,HEALTH,District Health Services,OTHER COMMUNITY SERVICES,Consumable supplies,772,0,0,0,0
Free State,HEALTH,District Health Services,OTHER COMMUNITY SERVICES,Fleet services (including government motor transport),0,6,0,0,0
Free State,HEALTH,District Health Services,OTHER COMMUNITY SERVICES,Inventory: Medical supplies,3121,0,0,0,0
Free State,HEALTH,District Health Services,OTHER COMMUNITY SERVICES,Social benefits,11,0,0,0,0
Free State,HEALTH,Emergency Medical Services,EMERGENCY TRANSPORT,Buildings,4720,0,0,0,0
Free State,HEALTH,Emergency Medical Services,EMERGENCY TRANSPORT,Other machinery and equipment,20741,7356,6487,19741,17241
Free State,HEALTH,Emergency Medical Services,EMERGENCY TRANSPORT,Salaries and wages,501111,516704,542517,602692,611492
Free State,HEALTH,Emergency Medical Services,EMERGENCY TRANSPORT,Social contributions,103916,115448,124798,131666,137866
Free State,HEALTH,Emergency Medical Services,EMERGENCY TRANSPORT,Administrative fees,16,9,6,25,25
Free State,HEALTH,Emergency Medical Services,EMERGENCY TRANSPORT,Agency and support/outsourced services,57,539,28,530,530
Free State,HEALTH,Emergency Medical Services,EMERGENCY TRANSPORT,Bursaries: Employees,101,67,115,0,0
Free State,HEALTH,Emergency Medical Services,EMERGENCY TRANSPORT,Catering: Departmental activities,40,0,34,0,75
Free State,HEALTH,Emergency Medical Services,EMERGENCY TRANSPORT,Communication (G&S),2985,2055,1942,1900,1020
Free State,HEALTH,Emergency Medical Services,EMERGENCY TRANSPORT,Computer services,2080,10604,12503,15000,15000
Free State,HEALTH,Emergency Medical Services,EMERGENCY TRANSPORT,Consumable supplies,460,247,613,1373,1366
Free State,HEALTH,Emergency Medical Services,EMERGENCY TRANSPORT,"Consumables: Stationery, printing and office supplies",2335,3100,2324,4910,5027
Free State,HEALTH,Emergency Medical Services,EMERGENCY TRANSPORT,Contractors,315,731,1848,3055,3247
Free State,HEALTH,Emergency Medical Services,EMERGENCY TRANSPORT,Fleet services (including government motor transport),71340,62506,70975,50664,50664
Free State,HEALTH,Emergency Medical Services,EMERGENCY TRANSPORT,Inventory: Clothing material and accessories,4024,986,5235,14500,15000
Free State,HEALTH,Emergency Medical Services,EMERGENCY TRANSPORT,"Inventory: Fuel, oil and gas",637,0,71,481,681
Free State,HEALTH,Emergency Medical Services,EMERGENCY TRANSPORT,Inventory: Materials and supplies,2,5,4,70,68
Free State,HEALTH,Emergency Medical Services,EMERGENCY TRANSPORT,Inventory: Medical supplies,3255,2106,1638,4650,6715
Free State,HEALTH,Emergency Medical Services,EMERGENCY TRANSPORT,Inventory: Medicine,670,377,632,400,430
Free State,HEALTH,Emergency Medical Services,EMERGENCY TRANSPORT,Inventory: Other supplies,0,0,30,0,0
Free State,HEALTH,Emergency Medical Services,EMERGENCY TRANSPORT,Minor assets,595,828,105,6466,4809
Free State,HEALTH,Emergency Medical Services,EMERGENCY TRANSPORT,Operating leases,258114,235115,228453,110857,113827
Free State,HEALTH,Emergency Medical Services,EMERGENCY TRANSPORT,Operating payments,199,14,45,660,660
Free State,HEALTH,Emergency Medical Services,EMERGENCY TRANSPORT,Property payments,10450,1298,488,3127,3557
Free State,HEALTH,Emergency Medical Services,EMERGENCY TRANSPORT,Travel and subsistence,378,188,275,837,839
Free State,HEALTH,Emergency Medical Services,EMERGENCY TRANSPORT,Venues and facilities,10,0,203,0,0
Free State,HEALTH,Emergency Medical Services,EMERGENCY TRANSPORT,Other transfers to households,168,180,0,0,0
Free State,HEALTH,Emergency Medical Services,EMERGENCY TRANSPORT,Social benefits,1450,541,1068,1000,1000
Free State,HEALTH,Emergency Medical Services,EMERGENCY TRANSPORT,Provincial Revenue Funds,0,85,166,0,0
Free State,HEALTH,Emergency Medical Services,EMERGENCY TRANSPORT,Other transfers to private enterprises,60,318,27,0,0
Free State,HEALTH,Emergency Medical Services,EMERGENCY TRANSPORT,Payments for financial assets,0,0,0,0,0
Free State,HEALTH,Emergency Medical Services,PLANNED PATIENT TRANSPORT,Salaries and wages,11372,11802,11795,12595,12595
Free State,HEALTH,Emergency Medical Services,PLANNED PATIENT TRANSPORT,Social contributions,2644,2924,2980,4744,4744
Free State,HEALTH,Emergency Medical Services,PLANNED PATIENT TRANSPORT,Agency and support/outsourced services,0,0,3,0,0
Free State,HEALTH,Emergency Medical Services,PLANNED PATIENT TRANSPORT,Bursaries: Employees,0,0,6,0,0
Free State,HEALTH,Emergency Medical Services,PLANNED PATIENT TRANSPORT,Communication (G&S),350,950,667,1250,1100
Free State,HEALTH,Emergency Medical Services,PLANNED PATIENT TRANSPORT,Consumable supplies,1,29,2,722,622
Free State,HEALTH,Emergency Medical Services,PLANNED PATIENT TRANSPORT,"Consumables: Stationery, printing and office supplies",0,22,38,600,450
Free State,HEALTH,Emergency Medical Services,PLANNED PATIENT TRANSPORT,Inventory: Medical supplies,-240,103,253,1250,1250
Free State,HEALTH,Emergency Medical Services,PLANNED PATIENT TRANSPORT,Inventory: Medicine,0,0,0,0,-135
Free State,HEALTH,Emergency Medical Services,PLANNED PATIENT TRANSPORT,Operating leases,0,0,40,0,0
Free State,HEALTH,Emergency Medical Services,PLANNED PATIENT TRANSPORT,Travel and subsistence,0,0,1,0,0
Free State,HEALTH,Emergency Medical Services,PLANNED PATIENT TRANSPORT,Social benefits,0,0,61,0,0
Free State,HEALTH,Provincial Hospital Services,GENERAL HOSPITALS,Buildings,110,0,0,0,0
Free State,HEALTH,Provincial Hospital Services,GENERAL HOSPITALS,Other machinery and equipment,9813,6831,4027,9502,11104
Free State,HEALTH,Provincial Hospital Services,GENERAL HOSPITALS,Transport equipment,0,0,0,0,455
Free State,HEALTH,Provincial Hospital Services,GENERAL HOSPITALS,Software and other intangible assets,0,0,0,0,545
Free State,HEALTH,Provincial Hospital Services,GENERAL HOSPITALS,Salaries and wages,876436,891299,849838,1013269,1000901
Free State,HEALTH,Provincial Hospital Services,GENERAL HOSPITALS,Social contributions,127571,139434,144559,146517,146517
Free State,HEALTH,Provincial Hospital Services,GENERAL HOSPITALS,Administrative fees,13,9,3,1602,133
Free State,HEALTH,Provincial Hospital Services,GENERAL HOSPITALS,Agency and support/outsourced services,5715,5152,6589,8456,8340
Free State,HEALTH,Provincial Hospital Services,GENERAL HOSPITALS,Bursaries: Employees,20,8,55,0,0
Free State,HEALTH,Provincial Hospital Services,GENERAL HOSPITALS,Catering: Departmental activities,46,139,55,20,26
Free State,HEALTH,Provincial Hospital Services,GENERAL HOSPITALS,Communication (G&S),6196,3977,3491,4309,2699
Free State,HEALTH,Provincial Hospital Services,GENERAL HOSPITALS,Computer services,2791,2103,3015,3000,3500
Free State,HEALTH,Provincial Hospital Services,GENERAL HOSPITALS,Consultants: Business and advisory services,141,156,655,319,319
Free State,HEALTH,Provincial Hospital Services,GENERAL HOSPITALS,Consumable supplies,10094,12000,15275,17662,15778
Free State,HEALTH,Provincial Hospital Services,GENERAL HOSPITALS,"Consumables: Stationery, printing and office supplies",6010,6699,6429,8370,10188
Free State,HEALTH,Provincial Hospital Services,GENERAL HOSPITALS,Contractors,12554,9767,10051,14737,14865
Free State,HEALTH,Provincial Hospital Services,GENERAL HOSPITALS,Fleet services (including government motor transport),3065,2384,3100,2930,2930
Free State,HEALTH,Provincial Hospital Services,GENERAL HOSPITALS,Inventory: Clothing material and accessories,1360,1455,1297,3409,2049
Free State,HEALTH,Provincial Hospital Services,GENERAL HOSPITALS,Inventory: Food and food supplies,27393,26802,19105,31589,33010
Free State,HEALTH,Provincial Hospital Services,GENERAL HOSPITALS,"Inventory: Fuel, oil and gas",19012,14869,9504,13380,11045
Free State,HEALTH,Provincial Hospital Services,GENERAL HOSPITALS,Inventory: Materials and supplies,2969,2755,5488,6150,5349
Free State,HEALTH,Provincial Hospital Services,GENERAL HOSPITALS,Inventory: Medical supplies,97982,96522,123378,110700,159127
Free State,HEALTH,Provincial Hospital Services,GENERAL HOSPITALS,Inventory: Medicine,59541,59387,44221,75703,73213
Free State,HEALTH,Provincial Hospital Services,GENERAL HOSPITALS,Inventory: Other supplies,1553,1383,1494,1770,1540
Free State,HEALTH,Provincial Hospital Services,GENERAL HOSPITALS,Laboratory services,10715,35121,35703,54372,104265
Free State,HEALTH,Provincial Hospital Services,GENERAL HOSPITALS,Minor assets,760,678,441,1360,1125
Free State,HEALTH,Provincial Hospital Services,GENERAL HOSPITALS,Operating leases,8842,5076,7847,7341,8596
Free State,HEALTH,Provincial Hospital Services,GENERAL HOSPITALS,Operating payments,220,25,243,1612,1372
Free State,HEALTH,Provincial Hospital Services,GENERAL HOSPITALS,Property payments,5908,4737,9376,11422,8782
Free State,HEALTH,Provincial Hospital Services,GENERAL HOSPITALS,Rental and hiring,129,0,0,0,0
Free State,HEALTH,Provincial Hospital Services,GENERAL HOSPITALS,Training and development,1028,15,0,200,200
Free State,HEALTH,Provincial Hospital Services,GENERAL HOSPITALS,Transport provided: Departmental activity,0,0,0,150,0
Free State,HEALTH,Provincial Hospital Services,GENERAL HOSPITALS,Travel and subsistence,2135,1340,576,974,1085
Free State,HEALTH,Provincial Hospital Services,GENERAL HOSPITALS,Venues and facilities,0,0,0,12,0
Free State,HEALTH,Provincial Hospital Services,GENERAL HOSPITALS,Interest (Incl. interest on unitary payments (PPP)),239,0,741,0,0
Free State,HEALTH,Provincial Hospital Services,GENERAL HOSPITALS,Social benefits,3371,2255,5126,2761,3661
Free State,HEALTH,Provincial Hospital Services,GENERAL HOSPITALS,Other transfers to private enterprises,8270,0,0,0,0
Free State,HEALTH,Provincial Hospital Services,PSYCHIATRIC/MENTAL HOSPITAL,Other machinery and equipment,2295,1083,365,1129,3357
Free State,HEALTH,Provincial Hospital Services,PSYCHIATRIC/MENTAL HOSPITAL,Salaries and wages,269550,273783,277735,300694,299094
Free State,HEALTH,Provincial Hospital Services,PSYCHIATRIC/MENTAL HOSPITAL,Social contributions,53676,57609,60152,64088,64088
Free State,HEALTH,Provincial Hospital Services,PSYCHIATRIC/MENTAL HOSPITAL,Administrative fees,3,9,6,8,8
Free State,HEALTH,Provincial Hospital Services,PSYCHIATRIC/MENTAL HOSPITAL,Agency and support/outsourced services,1611,1385,1153,1800,1800
Free State,HEALTH,Provincial Hospital Services,PSYCHIATRIC/MENTAL HOSPITAL,Bursaries: Employees,22,19,28,0,0
Free State,HEALTH,Provincial Hospital Services,PSYCHIATRIC/MENTAL HOSPITAL,Catering: Departmental activities,0,28,0,0,0
Free State,HEALTH,Provincial Hospital Services,PSYCHIATRIC/MENTAL HOSPITAL,Communication (G&S),1493,1479,1513,1523,1523
Free State,HEALTH,Provincial Hospital Services,PSYCHIATRIC/MENTAL HOSPITAL,Computer services,0,0,0,24,24
Free State,HEALTH,Provincial Hospital Services,PSYCHIATRIC/MENTAL HOSPITAL,Consultants: Business and advisory services,28,31,29,77,77
Free State,HEALTH,Provincial Hospital Services,PSYCHIATRIC/MENTAL HOSPITAL,Consumable supplies,4515,4271,5186,7710,7193
Free State,HEALTH,Provincial Hospital Services,PSYCHIATRIC/MENTAL HOSPITAL,"Consumables: Stationery, printing and office supplies",756,508,263,1315,1339
Free State,HEALTH,Provincial Hospital Services,PSYCHIATRIC/MENTAL HOSPITAL,Contractors,6,49,1,50,50
Free State,HEALTH,Provincial Hospital Services,PSYCHIATRIC/MENTAL HOSPITAL,Fleet services (including government motor transport),376,281,464,582,582
Free State,HEALTH,Provincial Hospital Services,PSYCHIATRIC/MENTAL HOSPITAL,Inventory: Clothing material and accessories,207,443,238,2481,2000
Free State,HEALTH,Provincial Hospital Services,PSYCHIATRIC/MENTAL HOSPITAL,Inventory: Food and food supplies,18907,18384,17274,28317,28317
Free State,HEALTH,Provincial Hospital Services,PSYCHIATRIC/MENTAL HOSPITAL,"Inventory: Fuel, oil and gas",2122,2622,2255,2400,3294
Free State,HEALTH,Provincial Hospital Services,PSYCHIATRIC/MENTAL HOSPITAL,Inventory: Materials and supplies,681,887,831,1633,2133
Free State,HEALTH,Provincial Hospital Services,PSYCHIATRIC/MENTAL HOSPITAL,Inventory: Medical supplies,3831,3161,2214,4175,4175
Free State,HEALTH,Provincial Hospital Services,PSYCHIATRIC/MENTAL HOSPITAL,Inventory: Medicine,5607,4976,2648,6605,6664
Free State,HEALTH,Provincial Hospital Services,PSYCHIATRIC/MENTAL HOSPITAL,Inventory: Other supplies,1492,195,359,2151,1957
Free State,HEALTH,Provincial Hospital Services,PSYCHIATRIC/MENTAL HOSPITAL,Laboratory services,106,614,1332,1800,1750
Free State,HEALTH,Provincial Hospital Services,PSYCHIATRIC/MENTAL HOSPITAL,Minor assets,466,121,93,807,798
Free State,HEALTH,Provincial Hospital Services,PSYCHIATRIC/MENTAL HOSPITAL,Operating leases,2538,2036,2607,3025,3025
Free State,HEALTH,Provincial Hospital Services,PSYCHIATRIC/MENTAL HOSPITAL,Operating payments,62,0,35,67,548
Free State,HEALTH,Provincial Hospital Services,PSYCHIATRIC/MENTAL HOSPITAL,Property payments,1677,1133,1313,7300,6593
Free State,HEALTH,Provincial Hospital Services,PSYCHIATRIC/MENTAL HOSPITAL,Travel and subsistence,92,135,111,216,216
Free State,HEALTH,Provincial Hospital Services,PSYCHIATRIC/MENTAL HOSPITAL,Interest (Incl. interest on unitary payments (PPP)),3,14,29,1,1
Free State,HEALTH,Provincial Hospital Services,PSYCHIATRIC/MENTAL HOSPITAL,Social benefits,1428,2676,1850,1604,3204
Free State,HEALTH,Provincial Hospital Services,PSYCHIATRIC/MENTAL HOSPITAL,Non-profit institutions,2179,1641,1591,2211,2211
Free State,HEALTH,Provincial Hospital Services,PSYCHIATRIC/MENTAL HOSPITAL,Other transfers to private enterprises,0,0,0,0,0
Free State,HEALTH,Central Hospital Services,CENTRAL HOSPITAL SERVICES,Other machinery and equipment,156982,83186,98535,92104,92104
Free State,HEALTH,Central Hospital Services,CENTRAL HOSPITAL SERVICES,Transport equipment,2168,0,0,0,0
Free State,HEALTH,Central Hospital Services,CENTRAL HOSPITAL SERVICES,Salaries and wages,1139649,1264669,1273052,1396406,1415638
Free State,HEALTH,Central Hospital Services,CENTRAL HOSPITAL SERVICES,Social contributions,154539,170290,177569,172306,183406
Free State,HEALTH,Central Hospital Services,CENTRAL HOSPITAL SERVICES,Administrative fees,262,318,120,478,478
Free State,HEALTH,Central Hospital Services,CENTRAL HOSPITAL SERVICES,Agency and support/outsourced services,30079,22946,14811,4583,4022
Free State,HEALTH,Central Hospital Services,CENTRAL HOSPITAL SERVICES,Bursaries: Employees,47,9,14,0,0
Free State,HEALTH,Central Hospital Services,CENTRAL HOSPITAL SERVICES,Catering: Departmental activities,7,0,0,0,0
Free State,HEALTH,Central Hospital Services,CENTRAL HOSPITAL SERVICES,Communication (G&S),1822,292,582,2562,2562
Free State,HEALTH,Central Hospital Services,CENTRAL HOSPITAL SERVICES,Computer services,5521,3584,15698,10219,10219
Free State,HEALTH,Central Hospital Services,CENTRAL HOSPITAL SERVICES,Consultants: Business and advisory services,11,74,116,711,711
Free State,HEALTH,Central Hospital Services,CENTRAL HOSPITAL SERVICES,Consumable supplies,3644,4885,5002,5814,5814
Free State,HEALTH,Central Hospital Services,CENTRAL HOSPITAL SERVICES,"Consumables: Stationery, printing and office supplies",2148,2770,3914,8201,4701
Free State,HEALTH,Central Hospital Services,CENTRAL HOSPITAL SERVICES,Contractors,20752,47001,52902,50000,50000
Free State,HEALTH,Central Hospital Services,CENTRAL HOSPITAL SERVICES,Fleet services (including government motor transport),826,776,943,591,591
Free State,HEALTH,Central Hospital Services,CENTRAL HOSPITAL SERVICES,Infrastructure and planning services,602,295,605,610,610
Free State,HEALTH,Central Hospital Services,CENTRAL HOSPITAL SERVICES,Inventory: Clothing material and accessories,41,2097,354,1626,1626
Free State,HEALTH,Central Hospital Services,CENTRAL HOSPITAL SERVICES,Inventory: Food and food supplies,4021,2151,8269,27337,27337
Free State,HEALTH,Central Hospital Services,CENTRAL HOSPITAL SERVICES,"Inventory: Fuel, oil and gas",32713,23329,21109,35532,22532
Free State,HEALTH,Central Hospital Services,CENTRAL HOSPITAL SERVICES,Inventory: Materials and supplies,622,2087,1514,1880,1880
Free State,HEALTH,Central Hospital Services,CENTRAL HOSPITAL SERVICES,Inventory: Medical supplies,186461,206513,196977,177739,193704
Free State,HEALTH,Central Hospital Services,CENTRAL HOSPITAL SERVICES,Inventory: Medicine,87723,121135,95817,82840,82840
Free State,HEALTH,Central Hospital Services,CENTRAL HOSPITAL SERVICES,Inventory: Other supplies,4951,6903,7432,7001,10001
Free State,HEALTH,Central Hospital Services,CENTRAL HOSPITAL SERVICES,Laboratory services,5174,17673,101960,39206,39206
Free State,HEALTH,Central Hospital Services,CENTRAL HOSPITAL SERVICES,Legal services (G&S),0,164,71,0,500
Free State,HEALTH,Central Hospital Services,CENTRAL HOSPITAL SERVICES,Minor assets,4267,3807,27,508,858
Free State,HEALTH,Central Hospital Services,CENTRAL HOSPITAL SERVICES,Operating leases,12389,5970,6968,21001,20900
Free State,HEALTH,Central Hospital Services,CENTRAL HOSPITAL SERVICES,Operating payments,1232,188,0,421,421
Free State,HEALTH,Central Hospital Services,CENTRAL HOSPITAL SERVICES,Property payments,2980,2144,2982,1769,2081
Free State,HEALTH,Central Hospital Services,CENTRAL HOSPITAL SERVICES,Training and development,199,291,293,0,0
Free State,HEALTH,Central Hospital Services,CENTRAL HOSPITAL SERVICES,Travel and subsistence,2255,542,489,305,305
Free State,HEALTH,Central Hospital Services,CENTRAL HOSPITAL SERVICES,Interest (Incl. interest on unitary payments (PPP)),271,35,0,0,0
Free State,HEALTH,Central Hospital Services,CENTRAL HOSPITAL SERVICES,Other transfers to households,25,0,0,0,0
Free State,HEALTH,Central Hospital Services,CENTRAL HOSPITAL SERVICES,Social benefits,5377,2910,3746,4646,4646
Free State,HEALTH,Central Hospital Services,CENTRAL HOSPITAL SERVICES,Other transfers to public corporations,0,0,0,0,0
Free State,HEALTH,Central Hospital Services,PUBLIC-PRIVATE PARTNERSHIP,Social contributions,5,0,0,0,0
Free State,HEALTH,Central Hospital Services,PUBLIC-PRIVATE PARTNERSHIP,Property payments,12710,12869,10258,17783,17783
Free State,HEALTH,Central Hospital Services,PROVINCIAL TERTIARY HOSPITAL SERVICES,Other machinery and equipment,30493,29102,28151,45000,45000
Free State,HEALTH,Central Hospital Services,PROVINCIAL TERTIARY HOSPITAL SERVICES,Salaries and wages,633586,612928,734734,804492,808883
Free State,HEALTH,Central Hospital Services,PROVINCIAL TERTIARY HOSPITAL SERVICES,Social contributions,96670,106448,114402,105794,105794
Free State,HEALTH,Central Hospital Services,PROVINCIAL TERTIARY HOSPITAL SERVICES,Administrative fees,15,11,13,12,20
Free State,HEALTH,Central Hospital Services,PROVINCIAL TERTIARY HOSPITAL SERVICES,Agency and support/outsourced services,22403,19918,10556,10146,8976
Free State,HEALTH,Central Hospital Services,PROVINCIAL TERTIARY HOSPITAL SERVICES,Bursaries: Employees,5,19,6,0,0
Free State,HEALTH,Central Hospital Services,PROVINCIAL TERTIARY HOSPITAL SERVICES,Catering: Departmental activities,0,0,0,0,18
Free State,HEALTH,Central Hospital Services,PROVINCIAL TERTIARY HOSPITAL SERVICES,Communication (G&S),1257,1430,2307,3425,3407
Free State,HEALTH,Central Hospital Services,PROVINCIAL TERTIARY HOSPITAL SERVICES,Computer services,3368,3421,3486,3147,3747
Free State,HEALTH,Central Hospital Services,PROVINCIAL TERTIARY HOSPITAL SERVICES,Consultants: Business and advisory services,21,17,0,0,0
Free State,HEALTH,Central Hospital Services,PROVINCIAL TERTIARY HOSPITAL SERVICES,Consumable supplies,5693,6510,7862,5813,7048
Free State,HEALTH,Central Hospital Services,PROVINCIAL TERTIARY HOSPITAL SERVICES,"Consumables: Stationery, printing and office supplies",1612,1178,2106,1895,4775
Free State,HEALTH,Central Hospital Services,PROVINCIAL TERTIARY HOSPITAL SERVICES,Contractors,16751,18124,16397,17598,14968
Free State,HEALTH,Central Hospital Services,PROVINCIAL TERTIARY HOSPITAL SERVICES,Fleet services (including government motor transport),441,303,365,252,395
Free State,HEALTH,Central Hospital Services,PROVINCIAL TERTIARY HOSPITAL SERVICES,Inventory: Clothing material and accessories,8588,1843,807,0,1000
Free State,HEALTH,Central Hospital Services,PROVINCIAL TERTIARY HOSPITAL SERVICES,Inventory: Food and food supplies,1095,587,7818,15803,15803
Free State,HEALTH,Central Hospital Services,PROVINCIAL TERTIARY HOSPITAL SERVICES,"Inventory: Fuel, oil and gas",13683,14570,17147,14107,16707
Free State,HEALTH,Central Hospital Services,PROVINCIAL TERTIARY HOSPITAL SERVICES,Inventory: Materials and supplies,1594,365,488,1913,1913
Free State,HEALTH,Central Hospital Services,PROVINCIAL TERTIARY HOSPITAL SERVICES,Inventory: Medical supplies,124588,106026,113786,122353,105303
Free State,HEALTH,Central Hospital Services,PROVINCIAL TERTIARY HOSPITAL SERVICES,Inventory: Medicine,33795,34204,52974,38810,39410
Free State,HEALTH,Central Hospital Services,PROVINCIAL TERTIARY HOSPITAL SERVICES,Laboratory services,3595,9666,80546,20961,47949
Free State,HEALTH,Central Hospital Services,PROVINCIAL TERTIARY HOSPITAL SERVICES,Minor assets,1557,2622,32,2188,2338
Free State,HEALTH,Central Hospital Services,PROVINCIAL TERTIARY HOSPITAL SERVICES,Operating leases,2250,2195,3092,2390,2619
Free State,HEALTH,Central Hospital Services,PROVINCIAL TERTIARY HOSPITAL SERVICES,Operating payments,381,328,362,150,552
Free State,HEALTH,Central Hospital Services,PROVINCIAL TERTIARY HOSPITAL SERVICES,Property payments,2841,737,2532,792,4207
Free State,HEALTH,Central Hospital Services,PROVINCIAL TERTIARY HOSPITAL SERVICES,Rental and hiring,10,260,607,280,280
Free State,HEALTH,Central Hospital Services,PROVINCIAL TERTIARY HOSPITAL SERVICES,Transport provided: Departmental activity,1,27,7,0,20
Free State,HEALTH,Central Hospital Services,PROVINCIAL TERTIARY HOSPITAL SERVICES,Travel and subsistence,483,190,81,98,193
Free State,HEALTH,Central Hospital Services,PROVINCIAL TERTIARY HOSPITAL SERVICES,Interest (Incl. interest on unitary payments (PPP)),194,0,4473,0,0
Free State,HEALTH,Central Hospital Services,PROVINCIAL TERTIARY HOSPITAL SERVICES,Social benefits,3426,2795,4097,4134,4134
Free State,HEALTH,Central Hospital Services,PROVINCIAL TERTIARY HOSPITAL SERVICES,Other transfers to private enterprises,0,0,0,0,0
Free State,HEALTH,Health Sciences and Training,NURSE TRAINING COLLEGES,Other machinery and equipment,3339,1536,1163,1677,1177
Free State,HEALTH,Health Sciences and Training,NURSE TRAINING COLLEGES,Salaries and wages,107121,107785,106926,97550,115100
Free State,HEALTH,Health Sciences and Training,NURSE TRAINING COLLEGES,Social contributions,13301,15049,15403,23474,24076
Free State,HEALTH,Health Sciences and Training,NURSE TRAINING COLLEGES,Administrative fees,0,3,14,5,10
Free State,HEALTH,Health Sciences and Training,NURSE TRAINING COLLEGES,Agency and support/outsourced services,58,74,77,50,145
Free State,HEALTH,Health Sciences and Training,NURSE TRAINING COLLEGES,Bursaries: Employees,23,2173,1093,0,0
Free State,HEALTH,Health Sciences and Training,NURSE TRAINING COLLEGES,Catering: Departmental activities,0,124,0,0,200
Free State,HEALTH,Health Sciences and Training,NURSE TRAINING COLLEGES,Communication (G&S),171,102,146,774,253
Free State,HEALTH,Health Sciences and Training,NURSE TRAINING COLLEGES,Computer services,352,302,888,313,1253
Free State,HEALTH,Health Sciences and Training,NURSE TRAINING COLLEGES,Consultants: Business and advisory services,56,21,46,0,120
Free State,HEALTH,Health Sciences and Training,NURSE TRAINING COLLEGES,Consumable supplies,2361,1520,2091,608,1123
Free State,HEALTH,Health Sciences and Training,NURSE TRAINING COLLEGES,"Consumables: Stationery, printing and office supplies",2591,2676,2232,2300,2250
Free State,HEALTH,Health Sciences and Training,NURSE TRAINING COLLEGES,Fleet services (including government motor transport),1891,1060,1280,1674,1674
Free State,HEALTH,Health Sciences and Training,NURSE TRAINING COLLEGES,Inventory: Clothing material and accessories,0,189,0,0,360
Free State,HEALTH,Health Sciences and Training,NURSE TRAINING COLLEGES,Inventory: Food and food supplies,0,0,0,0,0
Free State,HEALTH,Health Sciences and Training,NURSE TRAINING COLLEGES,Inventory: Materials and supplies,0,322,500,0,500
Free State,HEALTH,Health Sciences and Training,NURSE TRAINING COLLEGES,Inventory: Medical supplies,0,0,0,0,0
Free State,HEALTH,Health Sciences and Training,NURSE TRAINING COLLEGES,Inventory: Medicine,0,0,0,56,56
Free State,HEALTH,Health Sciences and Training,NURSE TRAINING COLLEGES,Inventory: Other supplies,0,0,0,0,0
Free State,HEALTH,Health Sciences and Training,NURSE TRAINING COLLEGES,Minor assets,108,337,370,662,570
Free State,HEALTH,Health Sciences and Training,NURSE TRAINING COLLEGES,Operating leases,3234,2841,4030,970,970
Free State,HEALTH,Health Sciences and Training,NURSE TRAINING COLLEGES,Operating payments,192,513,294,150,880
Free State,HEALTH,Health Sciences and Training,NURSE TRAINING COLLEGES,Property payments,4331,2839,1673,2488,2268
Free State,HEALTH,Health Sciences and Training,NURSE TRAINING COLLEGES,Training and development,489,0,0,1456,0
Free State,HEALTH,Health Sciences and Training,NURSE TRAINING COLLEGES,Travel and subsistence,2598,747,398,1818,549
Free State,HEALTH,Health Sciences and Training,NURSE TRAINING COLLEGES,Venues and facilities,0,20,0,0,31
Free State,HEALTH,Health Sciences and Training,NURSE TRAINING COLLEGES,Interest (Incl. interest on unitary payments (PPP)),0,0,0,6,6
Free State,HEALTH,Health Sciences and Training,NURSE TRAINING COLLEGES,Social benefits,1231,1138,556,316,316
Free State,HEALTH,Health Sciences and Training,EMS TRAINING COLLEGES,Other machinery and equipment,1533,1478,1108,123,123
Free State,HEALTH,Health Sciences and Training,EMS TRAINING COLLEGES,Transport equipment,0,0,0,0,0
Free State,HEALTH,Health Sciences and Training,EMS TRAINING COLLEGES,Salaries and wages,15869,15422,14570,18710,18710
Free State,HEALTH,Health Sciences and Training,EMS TRAINING COLLEGES,Social contributions,2899,2931,2915,2846,2846
Free State,HEALTH,Health Sciences and Training,EMS TRAINING COLLEGES,Administrative fees,35,0,7,246,46
Free State,HEALTH,Health Sciences and Training,EMS TRAINING COLLEGES,Bursaries: Employees,14,0,20,0,0
Free State,HEALTH,Health Sciences and Training,EMS TRAINING COLLEGES,Catering: Departmental activities,6,0,0,0,0
Free State,HEALTH,Health Sciences and Training,EMS TRAINING COLLEGES,Communication (G&S),0,0,3,91,0
Free State,HEALTH,Health Sciences and Training,EMS TRAINING COLLEGES,Computer services,0,0,207,0,230
Free State,HEALTH,Health Sciences and Training,EMS TRAINING COLLEGES,Consumable supplies,209,148,129,177,47
Free State,HEALTH,Health Sciences and Training,EMS TRAINING COLLEGES,"Consumables: Stationery, printing and office supplies",202,204,78,357,100
Free State,HEALTH,Health Sciences and Training,EMS TRAINING COLLEGES,Contractors,142,13,0,615,1214
Free State,HEALTH,Health Sciences and Training,EMS TRAINING COLLEGES,Fleet services (including government motor transport),664,675,471,801,811
Free State,HEALTH,Health Sciences and Training,EMS TRAINING COLLEGES,Inventory: Clothing material and accessories,346,361,93,0,0
Free State,HEALTH,Health Sciences and Training,EMS TRAINING COLLEGES,"Inventory: Fuel, oil and gas",15,6,4,14,14
Free State,HEALTH,Health Sciences and Training,EMS TRAINING COLLEGES,Inventory: Materials and supplies,396,218,48,4,4
Free State,HEALTH,Health Sciences and Training,EMS TRAINING COLLEGES,Inventory: Medical supplies,242,7,0,21,21
Free State,HEALTH,Health Sciences and Training,EMS TRAINING COLLEGES,Inventory: Medicine,0,0,0,14,14
Free State,HEALTH,Health Sciences and Training,EMS TRAINING COLLEGES,Inventory: Other supplies,0,0,0,0,0
Free State,HEALTH,Health Sciences and Training,EMS TRAINING COLLEGES,Minor assets,0,37,79,111,0
Free State,HEALTH,Health Sciences and Training,EMS TRAINING COLLEGES,Operating leases,982,813,529,0,20
Free State,HEALTH,Health Sciences and Training,EMS TRAINING COLLEGES,Operating payments,18,12,7,0,50
Free State,HEALTH,Health Sciences and Training,EMS TRAINING COLLEGES,Training and development,0,0,330,220,100
Free State,HEALTH,Health Sciences and Training,EMS TRAINING COLLEGES,Travel and subsistence,50,92,80,157,157
Free State,HEALTH,Health Sciences and Training,EMS TRAINING COLLEGES,Social benefits,90,39,0,0,0
Free State,HEALTH,Health Sciences and Training,PRIMARY HEALTH CARE TRAINING,Other machinery and equipment,69,113,54,0,56
Free State,HEALTH,Health Sciences and Training,PRIMARY HEALTH CARE TRAINING,Salaries and wages,12546,13897,13019,28385,15747
Free State,HEALTH,Health Sciences and Training,PRIMARY HEALTH CARE TRAINING,Social contributions,2549,2862,2736,8568,5568
Free State,HEALTH,Health Sciences and Training,PRIMARY HEALTH CARE TRAINING,Administrative fees,203,98,330,146,599
Free State,HEALTH,Health Sciences and Training,PRIMARY HEALTH CARE TRAINING,Catering: Departmental activities,0,0,0,0,0
Free State,HEALTH,Health Sciences and Training,PRIMARY HEALTH CARE TRAINING,Communication (G&S),0,0,0,2746,96
Free State,HEALTH,Health Sciences and Training,PRIMARY HEALTH CARE TRAINING,Computer services,5507,2164,3091,757,0
Free State,HEALTH,Health Sciences and Training,PRIMARY HEALTH CARE TRAINING,Consultants: Business and advisory services,0,0,0,0,10
Free State,HEALTH,Health Sciences and Training,PRIMARY HEALTH CARE TRAINING,"Consumables: Stationery, printing and office supplies",0,17,38,0,28
Free State,HEALTH,Health Sciences and Training,PRIMARY HEALTH CARE TRAINING,Contractors,0,139,273,0,0
Free State,HEALTH,Health Sciences and Training,PRIMARY HEALTH CARE TRAINING,Fleet services (including government motor transport),0,0,0,889,0
Free State,HEALTH,Health Sciences and Training,PRIMARY HEALTH CARE TRAINING,Minor assets,0,20,0,893,1028
Free State,HEALTH,Health Sciences and Training,PRIMARY HEALTH CARE TRAINING,Operating leases,0,0,0,490,41
Free State,HEALTH,Health Sciences and Training,PRIMARY HEALTH CARE TRAINING,Operating payments,0,8,32,0,0
Free State,HEALTH,Health Sciences and Training,PRIMARY HEALTH CARE TRAINING,Property payments,0,0,0,308,260
Free State,HEALTH,Health Sciences and Training,PRIMARY HEALTH CARE TRAINING,Travel and subsistence,412,455,257,0,223
Free State,HEALTH,Health Sciences and Training,PRIMARY HEALTH CARE TRAINING,Social benefits,33,64,0,908,908
Free State,HEALTH,Health Sciences and Training,TRAINING OTHER,Other machinery and equipment,84,63,-3,0,0
Free State,HEALTH,Health Sciences and Training,TRAINING OTHER,Salaries and wages,7282,36530,7296,11845,9331
Free State,HEALTH,Health Sciences and Training,TRAINING OTHER,Social contributions,33,0,2,0,0
Free State,HEALTH,Health Sciences and Training,TRAINING OTHER,Administrative fees,36,460,72,0,230
Free State,HEALTH,Health Sciences and Training,TRAINING OTHER,Bursaries: Employees,4528,3098,3972,8588,1588
Free State,HEALTH,Health Sciences and Training,TRAINING OTHER,Communication (G&S),17,18,4,0,0
Free State,HEALTH,Health Sciences and Training,TRAINING OTHER,"Consumables: Stationery, printing and office supplies",0,0,0,0,60
Free State,HEALTH,Health Sciences and Training,TRAINING OTHER,Inventory: Medicine,0,0,14,0,0
Free State,HEALTH,Health Sciences and Training,TRAINING OTHER,Operating leases,0,0,66,0,20
Free State,HEALTH,Health Sciences and Training,TRAINING OTHER,Operating payments,171,1914,378,1000,1510
Free State,HEALTH,Health Sciences and Training,TRAINING OTHER,Training and development,3428,5233,17271,17036,10856
Free State,HEALTH,Health Sciences and Training,TRAINING OTHER,Travel and subsistence,454,8106,3110,14000,9860
Free State,HEALTH,Health Sciences and Training,TRAINING OTHER,Departmental agencies (non-business entities),22000,23218,23218,43218,43218
Free State,HEALTH,Health Sciences and Training,TRAINING OTHER,Other transfers to households,94911,16329,5119,21879,21879
Free State,HEALTH,Health Sciences and Training,TRAINING OTHER,Social benefits,0,0,12,0,0
Free State,HEALTH,Health Care Support Services,LAUNDRY SERVICES,Other machinery and equipment,490,376,34,1146,546
Free State,HEALTH,Health Care Support Services,LAUNDRY SERVICES,Transport equipment,1395,0,1,0,0
Free State,HEALTH,Health Care Support Services,LAUNDRY SERVICES,Salaries and wages,57856,59420,61226,69895,69895
Free State,HEALTH,Health Care Support Services,LAUNDRY SERVICES,Social contributions,14904,16252,18071,16885,16885
Free State,HEALTH,Health Care Support Services,LAUNDRY SERVICES,Administrative fees,0,2,4,17,17
Free State,HEALTH,Health Care Support Services,LAUNDRY SERVICES,Agency and support/outsourced services,818,707,398,410,345
Free State,HEALTH,Health Care Support Services,LAUNDRY SERVICES,Bursaries: Employees,19,0,0,0,0
Free State,HEALTH,Health Care Support Services,LAUNDRY SERVICES,Communication (G&S),183,129,100,184,144
Free State,HEALTH,Health Care Support Services,LAUNDRY SERVICES,Consumable supplies,3894,3666,2413,3894,3913
Free State,HEALTH,Health Care Support Services,LAUNDRY SERVICES,"Consumables: Stationery, printing and office supplies",208,219,134,439,279
Free State,HEALTH,Health Care Support Services,LAUNDRY SERVICES,Contractors,36,6,0,0,0
Free State,HEALTH,Health Care Support Services,LAUNDRY SERVICES,Fleet services (including government motor transport),2139,1989,2838,1059,1059
Free State,HEALTH,Health Care Support Services,LAUNDRY SERVICES,Inventory: Clothing material and accessories,552,734,523,720,730
Free State,HEALTH,Health Care Support Services,LAUNDRY SERVICES,"Inventory: Fuel, oil and gas",14279,12043,7541,7462,6880
Free State,HEALTH,Health Care Support Services,LAUNDRY SERVICES,Inventory: Materials and supplies,1418,370,368,1150,1001
Free State,HEALTH,Health Care Support Services,LAUNDRY SERVICES,Inventory: Medical supplies,0,0,48,0,70
Free State,HEALTH,Health Care Support Services,LAUNDRY SERVICES,Inventory: Medicine,0,0,0,40,40
Free State,HEALTH,Health Care Support Services,LAUNDRY SERVICES,Inventory: Other supplies,256,126,1210,1400,75718
Free State,HEALTH,Health Care Support Services,LAUNDRY SERVICES,Laboratory services,0,0,0,0,0
Free State,HEALTH,Health Care Support Services,LAUNDRY SERVICES,Minor assets,10,75,169,100,291
Free State,HEALTH,Health Care Support Services,LAUNDRY SERVICES,Operating leases,965,676,1745,937,882
Free State,HEALTH,Health Care Support Services,LAUNDRY SERVICES,Operating payments,12,19,13,40,62
Free State,HEALTH,Health Care Support Services,LAUNDRY SERVICES,Property payments,300,583,379,0,1533
Free State,HEALTH,Health Care Support Services,LAUNDRY SERVICES,Travel and subsistence,160,96,154,265,210
Free State,HEALTH,Health Care Support Services,LAUNDRY SERVICES,Social benefits,229,218,259,434,434
Free State,HEALTH,Health Care Support Services,LAUNDRY SERVICES,Other transfers to public corporations,0,0,0,0,0
Free State,HEALTH,Health Care Support Services,ORTHOTIC AND PROSTHETIC SERVICES,Other machinery and equipment,203,161,37,70,70
Free State,HEALTH,Health Care Support Services,ORTHOTIC AND PROSTHETIC SERVICES,Salaries and wages,14813,15889,15864,19241,18784
Free State,HEALTH,Health Care Support Services,ORTHOTIC AND PROSTHETIC SERVICES,Social contributions,3077,3422,3595,3618,4075
Free State,HEALTH,Health Care Support Services,ORTHOTIC AND PROSTHETIC SERVICES,Administrative fees,0,4,0,0,0
Free State,HEALTH,Health Care Support Services,ORTHOTIC AND PROSTHETIC SERVICES,Agency and support/outsourced services,0,0,0,21,21
Free State,HEALTH,Health Care Support Services,ORTHOTIC AND PROSTHETIC SERVICES,Bursaries: Employees,19,0,0,0,0
Free State,HEALTH,Health Care Support Services,ORTHOTIC AND PROSTHETIC SERVICES,Communication (G&S),59,58,56,79,69
Free State,HEALTH,Health Care Support Services,ORTHOTIC AND PROSTHETIC SERVICES,Computer services,0,0,12,25,0
Free State,HEALTH,Health Care Support Services,ORTHOTIC AND PROSTHETIC SERVICES,Consumable supplies,37,63,36,69,62
Free State,HEALTH,Health Care Support Services,ORTHOTIC AND PROSTHETIC SERVICES,"Consumables: Stationery, printing and office supplies",29,21,78,79,72
Free State,HEALTH,Health Care Support Services,ORTHOTIC AND PROSTHETIC SERVICES,Contractors,16,22,0,80,53
Free State,HEALTH,Health Care Support Services,ORTHOTIC AND PROSTHETIC SERVICES,Fleet services (including government motor transport),268,268,311,257,238
Free State,HEALTH,Health Care Support Services,ORTHOTIC AND PROSTHETIC SERVICES,Inventory: Clothing material and accessories,46,17,5,111,1
Free State,HEALTH,Health Care Support Services,ORTHOTIC AND PROSTHETIC SERVICES,"Inventory: Fuel, oil and gas",31,30,0,24,17
Free State,HEALTH,Health Care Support Services,ORTHOTIC AND PROSTHETIC SERVICES,Inventory: Materials and supplies,54,14,50,79,28
Free State,HEALTH,Health Care Support Services,ORTHOTIC AND PROSTHETIC SERVICES,Inventory: Medical supplies,4837,6835,7136,4892,8167
Free State,HEALTH,Health Care Support Services,ORTHOTIC AND PROSTHETIC SERVICES,Inventory: Other supplies,0,0,0,8,10
Free State,HEALTH,Health Care Support Services,ORTHOTIC AND PROSTHETIC SERVICES,Minor assets,15,7,0,28,20
Free State,HEALTH,Health Care Support Services,ORTHOTIC AND PROSTHETIC SERVICES,Operating leases,313,247,912,267,321
Free State,HEALTH,Health Care Support Services,ORTHOTIC AND PROSTHETIC SERVICES,Operating payments,3,7,6,6,32
Free State,HEALTH,Health Care Support Services,ORTHOTIC AND PROSTHETIC SERVICES,Property payments,0,70,1,113,87
Free State,HEALTH,Health Care Support Services,ORTHOTIC AND PROSTHETIC SERVICES,Travel and subsistence,68,122,7,67,7
Free State,HEALTH,Health Care Support Services,ORTHOTIC AND PROSTHETIC SERVICES,Social benefits,272,0,48,44,44
Free State,HEALTH,Health Care Support Services,ORTHOTIC AND PROSTHETIC SERVICES,Payments for financial assets,0,0,0,0,0
Free State,HEALTH,Health Care Support Services,MEDICINE (MEDPAS) TRADING ACCOUNT,Inventory: Medicine,0,0,0,40000,40000
Free State,HEALTH,Health Care Support Services,MEDICINE (MEDPAS) TRADING ACCOUNT,Departmental agencies (non-business entities),35000,40000,40000,0,0
Free State,HEALTH,Health Care Support Services,COMPENSATORY SERVICES,Legal services (G&S),0,0,0,0,0
Free State,HEALTH,Health Care Support Services,COMPENSATORY SERVICES,Other transfers to households,0,0,0,0,0
Free State,HEALTH,Health Facilities Management,COMMUNITY HEALTH FACILITIES,Buildings,79760,0,32431,68949,72221
Free State,HEALTH,Health Facilities Management,COMMUNITY HEALTH FACILITIES,Other machinery and equipment,8171,13285,2551,4200,4580
Free State,HEALTH,Health Facilities Management,COMMUNITY HEALTH FACILITIES,Agency and support/outsourced services,0,0,460,0,0
Free State,HEALTH,Health Facilities Management,COMMUNITY HEALTH FACILITIES,Consultants: Business and advisory services,0,0,7041,0,0
Free State,HEALTH,Health Facilities Management,COMMUNITY HEALTH FACILITIES,Consumable supplies,0,46,299,0,0
Free State,HEALTH,Health Facilities Management,COMMUNITY HEALTH FACILITIES,"Consumables: Stationery, printing and office supplies",0,0,147,0,0
Free State,HEALTH,Health Facilities Management,COMMUNITY HEALTH FACILITIES,Contractors,0,0,45,0,0
Free State,HEALTH,Health Facilities Management,COMMUNITY HEALTH FACILITIES,Inventory: Materials and supplies,0,0,381,0,0
Free State,HEALTH,Health Facilities Management,COMMUNITY HEALTH FACILITIES,Inventory: Medical supplies,0,0,59,0,0
Free State,HEALTH,Health Facilities Management,COMMUNITY HEALTH FACILITIES,Inventory: Other supplies,10,0,0,0,0
Free State,HEALTH,Health Facilities Management,COMMUNITY HEALTH FACILITIES,Minor assets,583,1014,279,5779,5679
Free State,HEALTH,Health Facilities Management,COMMUNITY HEALTH FACILITIES,Operating leases,0,0,-240,0,0
Free State,HEALTH,Health Facilities Management,COMMUNITY HEALTH FACILITIES,Property payments,33438,150764,41361,6573,4573
Free State,HEALTH,Health Facilities Management,DISTRICT HOSPITAL SERVICES,Buildings,274845,0,16451,41673,41763
Free State,HEALTH,Health Facilities Management,DISTRICT HOSPITAL SERVICES,Other machinery and equipment,16971,44285,39198,9000,9000
Free State,HEALTH,Health Facilities Management,DISTRICT HOSPITAL SERVICES,Salaries and wages,22145,22713,23067,21900,21900
Free State,HEALTH,Health Facilities Management,DISTRICT HOSPITAL SERVICES,Social contributions,2581,2820,2902,12000,12000
Free State,HEALTH,Health Facilities Management,DISTRICT HOSPITAL SERVICES,Administrative fees,16,30,4,0,40
Free State,HEALTH,Health Facilities Management,DISTRICT HOSPITAL SERVICES,Advertising,0,133,0,0,30
Free State,HEALTH,Health Facilities Management,DISTRICT HOSPITAL SERVICES,Catering: Departmental activities,0,3,5,0,0
Free State,HEALTH,Health Facilities Management,DISTRICT HOSPITAL SERVICES,Communication (G&S),11,0,0,0,0
Free State,HEALTH,Health Facilities Management,DISTRICT HOSPITAL SERVICES,Computer services,0,0,0,0,0
Free State,HEALTH,Health Facilities Management,DISTRICT HOSPITAL SERVICES,Consultants: Business and advisory services,0,0,297,0,0
Free State,HEALTH,Health Facilities Management,DISTRICT HOSPITAL SERVICES,Consumable supplies,0,5168,3831,0,0
Free State,HEALTH,Health Facilities Management,DISTRICT HOSPITAL SERVICES,"Consumables: Stationery, printing and office supplies",0,55,202,0,388
Free State,HEALTH,Health Facilities Management,DISTRICT HOSPITAL SERVICES,Contractors,0,140,0,0,50
Free State,HEALTH,Health Facilities Management,DISTRICT HOSPITAL SERVICES,Inventory: Clothing material and accessories,0,50,0,0,0
Free State,HEALTH,Health Facilities Management,DISTRICT HOSPITAL SERVICES,Inventory: Materials and supplies,0,0,148,0,30
Free State,HEALTH,Health Facilities Management,DISTRICT HOSPITAL SERVICES,Minor assets,7691,1275,184,3000,0
Free State,HEALTH,Health Facilities Management,DISTRICT HOSPITAL SERVICES,Operating payments,152,72,76,0,300
Free State,HEALTH,Health Facilities Management,DISTRICT HOSPITAL SERVICES,Property payments,3004,230650,241638,11953,21418
Free State,HEALTH,Health Facilities Management,DISTRICT HOSPITAL SERVICES,Training and development,0,0,0,0,15
Free State,HEALTH,Health Facilities Management,DISTRICT HOSPITAL SERVICES,Travel and subsistence,1931,2052,1282,0,955
Free State,HEALTH,Health Facilities Management,DISTRICT HOSPITAL SERVICES,Non-profit institutions,7594,0,0,0,0
Free State,HEALTH,Health Facilities Management,PROVINCIAL HOSPITAL SERVICES,Buildings,153876,9903,24465,40000,40000
Free State,HEALTH,Health Facilities Management,PROVINCIAL HOSPITAL SERVICES,Other machinery and equipment,35049,18842,24894,10100,10100
Free State,HEALTH,Health Facilities Management,PROVINCIAL HOSPITAL SERVICES,Consultants: Business and advisory services,0,0,2288,0,0
Free State,HEALTH,Health Facilities Management,PROVINCIAL HOSPITAL SERVICES,Consumable supplies,0,1344,0,0,0
Free State,HEALTH,Health Facilities Management,PROVINCIAL HOSPITAL SERVICES,Contractors,287,0,0,0,0
Free State,HEALTH,Health Facilities Management,PROVINCIAL HOSPITAL SERVICES,Inventory: Materials and supplies,0,0,13,0,0
Free State,HEALTH,Health Facilities Management,PROVINCIAL HOSPITAL SERVICES,Inventory: Medical supplies,0,0,11,0,0
Free State,HEALTH,Health Facilities Management,PROVINCIAL HOSPITAL SERVICES,Minor assets,820,18,0,0,559
Free State,HEALTH,Health Facilities Management,PROVINCIAL HOSPITAL SERVICES,Operating leases,33,0,0,0,0
Free State,HEALTH,Health Facilities Management,PROVINCIAL HOSPITAL SERVICES,Property payments,0,127465,137280,11545,5545
Free State,HEALTH,Health Facilities Management,PROVINCIAL HOSPITAL SERVICES,Social benefits,0,1,0,0,0
Free State,HEALTH,Health Facilities Management,EMERGENCY MEDICAL RESCUE SERVICES,Buildings,4438,7056,0,0,0
Free State,HEALTH,Health Facilities Management,EMERGENCY MEDICAL RESCUE SERVICES,Other machinery and equipment,0,0,0,0,0
Free State,HEALTH,Health Facilities Management,EMERGENCY MEDICAL RESCUE SERVICES,Consultants: Business and advisory services,0,0,1338,0,0
Free State,HEALTH,Health Facilities Management,EMERGENCY MEDICAL RESCUE SERVICES,Property payments,0,0,2649,0,0
Free State,HEALTH,Health Facilities Management,CENTRAL HOSPITAL SERVICES,Buildings,92244,50103,28934,55475,54273
Free State,HEALTH,Health Facilities Management,CENTRAL HOSPITAL SERVICES,Other machinery and equipment,8706,5769,9860,0,0
Free State,HEALTH,Health Facilities Management,CENTRAL HOSPITAL SERVICES,Consultants: Business and advisory services,0,0,13444,0,0
Free State,HEALTH,Health Facilities Management,CENTRAL HOSPITAL SERVICES,Consumable supplies,0,0,988,0,0
Free State,HEALTH,Health Facilities Management,CENTRAL HOSPITAL SERVICES,Minor assets,1742,712,0,0,0
Free State,HEALTH,Health Facilities Management,CENTRAL HOSPITAL SERVICES,Property payments,2398,5390,13159,38384,35076
Free State,HEALTH,Health Facilities Management,OTHER FACILITIES,Buildings,31120,51038,4997,6100,4230
Free State,HEALTH,Health Facilities Management,OTHER FACILITIES,Other machinery and equipment,0,2386,4336,1300,1300
Free State,HEALTH,Health Facilities Management,OTHER FACILITIES,Software and other intangible assets,0,0,0,0,0
Free State,HEALTH,Health Facilities Management,OTHER FACILITIES,"Consumables: Stationery, printing and office supplies",0,329,0,0,0
Free State,HEALTH,Health Facilities Management,OTHER FACILITIES,Operating leases,0,0,0,0,0
Free State,HEALTH,Health Facilities Management,OTHER FACILITIES,Property payments,1279,3969,36867,275731,280559
Free State,HEALTH,Health Facilities Management,OTHER FACILITIES,Training and development,62,333,0,0,0
Gauteng,HEALTH,Administration,OFFICE OF THE MEC,Other machinery and equipment,6,0,0,200,200
Gauteng,HEALTH,Administration,OFFICE OF THE MEC,Transport equipment,0,0,784,0,0
Gauteng,HEALTH,Administration,OFFICE OF THE MEC,Salaries and wages,7343,7361,13249,13803,13803
Gauteng,HEALTH,Administration,OFFICE OF THE MEC,Social contributions,562,456,394,955,955
Gauteng,HEALTH,Administration,OFFICE OF THE MEC,Administrative fees,0,2,9,59,0
Gauteng,HEALTH,Administration,OFFICE OF THE MEC,Advertising,0,0,42,23,0
Gauteng,HEALTH,Administration,OFFICE OF THE MEC,Catering: Departmental activities,144,2282,3926,1267,2794
Gauteng,HEALTH,Administration,OFFICE OF THE MEC,Communication (G&S),0,89,71,241,41
Gauteng,HEALTH,Administration,OFFICE OF THE MEC,Consultants: Business and advisory services,4787,7559,3572,5853,5853
Gauteng,HEALTH,Administration,OFFICE OF THE MEC,Consumable supplies,0,178,95,4039,2539
Gauteng,HEALTH,Administration,OFFICE OF THE MEC,"Consumables: Stationery, printing and office supplies",0,250,0,0,0
Gauteng,HEALTH,Administration,OFFICE OF THE MEC,Fleet services (including government motor transport),488,398,653,530,530
Gauteng,HEALTH,Administration,OFFICE OF THE MEC,Inventory: Food and food supplies,6,44,30,39,39
Gauteng,HEALTH,Administration,OFFICE OF THE MEC,Inventory: Other supplies,0,25,0,0,0
Gauteng,HEALTH,Administration,OFFICE OF THE MEC,Minor assets,0,5,0,0,0
Gauteng,HEALTH,Administration,OFFICE OF THE MEC,Operating leases,1651,861,176,2090,2090
Gauteng,HEALTH,Administration,OFFICE OF THE MEC,Property payments,855,0,5,0,0
Gauteng,HEALTH,Administration,OFFICE OF THE MEC,Rental and hiring,0,0,0,23,23
Gauteng,HEALTH,Administration,OFFICE OF THE MEC,Transport provided: Departmental activity,0,180,782,959,959
Gauteng,HEALTH,Administration,OFFICE OF THE MEC,Travel and subsistence,38,856,988,1317,1317
Gauteng,HEALTH,Administration,OFFICE OF THE MEC,Venues and facilities,0,376,700,239,494
Gauteng,HEALTH,Administration,OFFICE OF THE MEC,Social benefits,245,0,0,0,0
Gauteng,HEALTH,Administration,MANAGEMENT,Buildings,0,0,46153,145987,145987
Gauteng,HEALTH,Administration,MANAGEMENT,Land and sub-soil assets,0,0,30147,0,0
Gauteng,HEALTH,Administration,MANAGEMENT,Other machinery and equipment,18497,6518,22957,165780,207953
Gauteng,HEALTH,Administration,MANAGEMENT,Salaries and wages,381748,379106,412114,541680,541680
Gauteng,HEALTH,Administration,MANAGEMENT,Social contributions,60125,61613,67074,70814,70814
Gauteng,HEALTH,Administration,MANAGEMENT,Administrative fees,3183,3081,479,2100,2100
Gauteng,HEALTH,Administration,MANAGEMENT,Advertising,3480,1293,2287,4400,4400
Gauteng,HEALTH,Administration,MANAGEMENT,Agency and support/outsourced services,219724,395,71580,2000,2150
Gauteng,HEALTH,Administration,MANAGEMENT,Audit costs: External,29875,28257,36952,36857,43357
Gauteng,HEALTH,Administration,MANAGEMENT,Bursaries: Employees,0,20,0,0,0
Gauteng,HEALTH,Administration,MANAGEMENT,Catering: Departmental activities,177,630,1290,765,1095
Gauteng,HEALTH,Administration,MANAGEMENT,Communication (G&S),34688,52667,38758,65474,65474
Gauteng,HEALTH,Administration,MANAGEMENT,Computer services,86575,194703,125366,284876,284909
Gauteng,HEALTH,Administration,MANAGEMENT,Consultants: Business and advisory services,19606,29878,19620,102983,83330
Gauteng,HEALTH,Administration,MANAGEMENT,Consumable supplies,251648,1741,4857,12762,12962
Gauteng,HEALTH,Administration,MANAGEMENT,"Consumables: Stationery, printing and office supplies",1763,1915,3028,3398,3398
Gauteng,HEALTH,Administration,MANAGEMENT,Contractors,40,9368,32,1600,1100
Gauteng,HEALTH,Administration,MANAGEMENT,Fleet services (including government motor transport),4490,4227,113445,4107,4107
Gauteng,HEALTH,Administration,MANAGEMENT,Inventory: Clothing material and accessories,0,2,0,0,0
Gauteng,HEALTH,Administration,MANAGEMENT,Inventory: Food and food supplies,6,22,0,0,0
Gauteng,HEALTH,Administration,MANAGEMENT,Inventory: Learner and teacher support material,0,4,0,0,0
Gauteng,HEALTH,Administration,MANAGEMENT,Inventory: Materials and supplies,542,13,5,25,25
Gauteng,HEALTH,Administration,MANAGEMENT,Inventory: Medical supplies,122,1755,4775,0,0
Gauteng,HEALTH,Administration,MANAGEMENT,Inventory: Other supplies,6,7,8,0,70000
Gauteng,HEALTH,Administration,MANAGEMENT,Laboratory services,39,130,3,0,0
Gauteng,HEALTH,Administration,MANAGEMENT,Legal services (G&S),119988,592361,318784,54941,204941
Gauteng,HEALTH,Administration,MANAGEMENT,Minor assets,1122,0,2,234,234
Gauteng,HEALTH,Administration,MANAGEMENT,Operating leases,15421,16736,4827,12407,112407
Gauteng,HEALTH,Administration,MANAGEMENT,Operating payments,0,12,1905,0,0
Gauteng,HEALTH,Administration,MANAGEMENT,Property payments,8652,6142,14951,12269,36669
Gauteng,HEALTH,Administration,MANAGEMENT,Rental and hiring,23742,28681,16654,33742,33742
Gauteng,HEALTH,Administration,MANAGEMENT,Training and development,0,0,755,0,280
Gauteng,HEALTH,Administration,MANAGEMENT,Travel and subsistence,3401,5173,5495,6045,6565
Gauteng,HEALTH,Administration,MANAGEMENT,Venues and facilities,249,8715,1772,1963,2563
Gauteng,HEALTH,Administration,MANAGEMENT,Interest (Incl. interest on unitary payments (PPP)),0,15616,8864,0,0
Gauteng,HEALTH,Administration,MANAGEMENT,Rent on land,3841,0,0,0,0
Gauteng,HEALTH,Administration,MANAGEMENT,Other transfers to households,507087,695632,427887,313350,313350
Gauteng,HEALTH,Administration,MANAGEMENT,Social benefits,9577,2398,2547,3292,3292
Gauteng,HEALTH,Administration,MANAGEMENT,Non-profit institutions,0,0,0,0,0
Gauteng,HEALTH,Administration,MANAGEMENT,Payments for financial assets,117,97,17,0,0
Gauteng,HEALTH,District Health Services,DISTRICT MANAGEMENT,Other machinery and equipment,9915,8876,3917,4165,4165
Gauteng,HEALTH,District Health Services,DISTRICT MANAGEMENT,Transport equipment,41555,45223,3498,6887,6887
Gauteng,HEALTH,District Health Services,DISTRICT MANAGEMENT,Salaries and wages,672925,999821,848973,926967,840996
Gauteng,HEALTH,District Health Services,DISTRICT MANAGEMENT,Social contributions,79159,88407,95163,100596,89272
Gauteng,HEALTH,District Health Services,DISTRICT MANAGEMENT,Administrative fees,8,26,22,160,160
Gauteng,HEALTH,District Health Services,DISTRICT MANAGEMENT,Advertising,0,226,145,775,775
Gauteng,HEALTH,District Health Services,DISTRICT MANAGEMENT,Agency and support/outsourced services,747,495,453,0,0
Gauteng,HEALTH,District Health Services,DISTRICT MANAGEMENT,Catering: Departmental activities,486,495,689,1120,920
Gauteng,HEALTH,District Health Services,DISTRICT MANAGEMENT,Communication (G&S),2747,2544,3319,4123,3776
Gauteng,HEALTH,District Health Services,DISTRICT MANAGEMENT,Computer services,5,70,6,0,0
Gauteng,HEALTH,District Health Services,DISTRICT MANAGEMENT,Consultants: Business and advisory services,0,0,0,20,20
Gauteng,HEALTH,District Health Services,DISTRICT MANAGEMENT,Consumable supplies,21954,13574,11927,15722,16217
Gauteng,HEALTH,District Health Services,DISTRICT MANAGEMENT,"Consumables: Stationery, printing and office supplies",15787,23453,29975,29741,31941
Gauteng,HEALTH,District Health Services,DISTRICT MANAGEMENT,Contractors,499,1667,4630,55675,57675
Gauteng,HEALTH,District Health Services,DISTRICT MANAGEMENT,Fleet services (including government motor transport),19603,23694,12375,24181,22011
Gauteng,HEALTH,District Health Services,DISTRICT MANAGEMENT,Inventory: Clothing material and accessories,9,2415,0,0,0
Gauteng,HEALTH,District Health Services,DISTRICT MANAGEMENT,Inventory: Food and food supplies,640,1228,490,516,516
Gauteng,HEALTH,District Health Services,DISTRICT MANAGEMENT,"Inventory: Fuel, oil and gas",10444,22084,14614,13500,13500
Gauteng,HEALTH,District Health Services,DISTRICT MANAGEMENT,Inventory: Materials and supplies,5904,4220,6911,5785,5785
Gauteng,HEALTH,District Health Services,DISTRICT MANAGEMENT,Inventory: Medical supplies,44673,67211,69373,31909,32430
Gauteng,HEALTH,District Health Services,DISTRICT MANAGEMENT,Inventory: Medicine,-128,73,13,0,0
Gauteng,HEALTH,District Health Services,DISTRICT MANAGEMENT,Inventory: Other supplies,6994,7091,10373,7149,7121
Gauteng,HEALTH,District Health Services,DISTRICT MANAGEMENT,Laboratory services,0,0,10,0,0
Gauteng,HEALTH,District Health Services,DISTRICT MANAGEMENT,Minor assets,574,1068,581,3000,8000
Gauteng,HEALTH,District Health Services,DISTRICT MANAGEMENT,Operating leases,24277,46310,38065,55638,47201
Gauteng,HEALTH,District Health Services,DISTRICT MANAGEMENT,Property payments,29414,22472,59593,31294,32090
Gauteng,HEALTH,District Health Services,DISTRICT MANAGEMENT,Rental and hiring,134,307,1361,800,800
Gauteng,HEALTH,District Health Services,DISTRICT MANAGEMENT,Training and development,401,191,1108,1950,1100
Gauteng,HEALTH,District Health Services,DISTRICT MANAGEMENT,Transport provided: Departmental activity,0,457,149,200,200
Gauteng,HEALTH,District Health Services,DISTRICT MANAGEMENT,Travel and subsistence,3645,3837,3158,8557,8442
Gauteng,HEALTH,District Health Services,DISTRICT MANAGEMENT,Venues and facilities,0,0,2,0,0
Gauteng,HEALTH,District Health Services,DISTRICT MANAGEMENT,Interest (Incl. interest on unitary payments (PPP)),0,0,2,0,0
Gauteng,HEALTH,District Health Services,DISTRICT MANAGEMENT,Other transfers to households,0,0,22,0,0
Gauteng,HEALTH,District Health Services,DISTRICT MANAGEMENT,Social benefits,3101,2691,4011,2910,2910
Gauteng,HEALTH,District Health Services,DISTRICT MANAGEMENT,Payments for financial assets,1966,2690,1754,0,0
Gauteng,HEALTH,District Health Services,COMMUNITY HEALTH CLINICS,Other machinery and equipment,11671,13847,9464,14672,14672
Gauteng,HEALTH,District Health Services,COMMUNITY HEALTH CLINICS,Transport equipment,3166,5514,0,0,0
Gauteng,HEALTH,District Health Services,COMMUNITY HEALTH CLINICS,Salaries and wages,1253628,1327687,1296449,1520123,1489479
Gauteng,HEALTH,District Health Services,COMMUNITY HEALTH CLINICS,Social contributions,224338,249809,250317,265480,261109
Gauteng,HEALTH,District Health Services,COMMUNITY HEALTH CLINICS,Administrative fees,0,11,56,16,16
Gauteng,HEALTH,District Health Services,COMMUNITY HEALTH CLINICS,Advertising,0,4,873,0,0
Gauteng,HEALTH,District Health Services,COMMUNITY HEALTH CLINICS,Agency and support/outsourced services,1976,1798,720,4551,3124
Gauteng,HEALTH,District Health Services,COMMUNITY HEALTH CLINICS,Catering: Departmental activities,2,42,0,0,0
Gauteng,HEALTH,District Health Services,COMMUNITY HEALTH CLINICS,Communication (G&S),1921,1722,1349,2145,1799
Gauteng,HEALTH,District Health Services,COMMUNITY HEALTH CLINICS,Computer services,49,173,1,0,0
Gauteng,HEALTH,District Health Services,COMMUNITY HEALTH CLINICS,Consumable supplies,11294,11376,10861,10621,10462
Gauteng,HEALTH,District Health Services,COMMUNITY HEALTH CLINICS,"Consumables: Stationery, printing and office supplies",5965,5623,2893,6453,4239
Gauteng,HEALTH,District Health Services,COMMUNITY HEALTH CLINICS,Contractors,522,184,604,1280,1885
Gauteng,HEALTH,District Health Services,COMMUNITY HEALTH CLINICS,Fleet services (including government motor transport),0,0,0,209,0
Gauteng,HEALTH,District Health Services,COMMUNITY HEALTH CLINICS,Inventory: Clothing material and accessories,0,2,0,0,0
Gauteng,HEALTH,District Health Services,COMMUNITY HEALTH CLINICS,Inventory: Food and food supplies,4,2,20,0,0
Gauteng,HEALTH,District Health Services,COMMUNITY HEALTH CLINICS,"Inventory: Fuel, oil and gas",4529,6008,5057,10535,11561
Gauteng,HEALTH,District Health Services,COMMUNITY HEALTH CLINICS,Inventory: Materials and supplies,1628,1322,2469,2860,2864
Gauteng,HEALTH,District Health Services,COMMUNITY HEALTH CLINICS,Inventory: Medical supplies,25079,26378,22802,28216,31863
Gauteng,HEALTH,District Health Services,COMMUNITY HEALTH CLINICS,Inventory: Medicine,338231,281313,261534,247516,251516
Gauteng,HEALTH,District Health Services,COMMUNITY HEALTH CLINICS,Inventory: Other supplies,1280,1835,2761,2205,2076
Gauteng,HEALTH,District Health Services,COMMUNITY HEALTH CLINICS,Laboratory services,164688,207496,136173,178967,177967
Gauteng,HEALTH,District Health Services,COMMUNITY HEALTH CLINICS,Legal services (G&S),0,39,6,0,0
Gauteng,HEALTH,District Health Services,COMMUNITY HEALTH CLINICS,Minor assets,1901,1585,2134,4887,5331
Gauteng,HEALTH,District Health Services,COMMUNITY HEALTH CLINICS,Operating leases,1803,676,3104,2731,3022
Gauteng,HEALTH,District Health Services,COMMUNITY HEALTH CLINICS,Property payments,140481,176502,386983,212204,210644
Gauteng,HEALTH,District Health Services,COMMUNITY HEALTH CLINICS,Travel and subsistence,10,41,59,0,150
Gauteng,HEALTH,District Health Services,COMMUNITY HEALTH CLINICS,Venues and facilities,0,0,2,0,0
Gauteng,HEALTH,District Health Services,COMMUNITY HEALTH CLINICS,Interest (Incl. interest on unitary payments (PPP)),0,0,199,0,0
Gauteng,HEALTH,District Health Services,COMMUNITY HEALTH CLINICS,Other transfers to households,0,0,10,0,0
Gauteng,HEALTH,District Health Services,COMMUNITY HEALTH CLINICS,Social benefits,8695,8579,7722,7760,7760
Gauteng,HEALTH,District Health Services,COMMUNITY HEALTH CLINICS,Non-profit institutions,19033,16352,17124,18759,14399
Gauteng,HEALTH,District Health Services,COMMUNITY HEALTH CLINICS,Municipal bank accounts,392611,410278,429971,449751,449751
Gauteng,HEALTH,District Health Services,COMMUNITY HEALTH CLINICS,Payments for financial assets,975,935,801,0,0
Gauteng,HEALTH,District Health Services,COMMUNITY HEALTH CENTRES,Other machinery and equipment,15727,22290,15872,29087,29087
Gauteng,HEALTH,District Health Services,COMMUNITY HEALTH CENTRES,Transport equipment,0,0,0,0,0
Gauteng,HEALTH,District Health Services,COMMUNITY HEALTH CENTRES,Salaries and wages,1506611,1548749,1728008,1772032,1916473
Gauteng,HEALTH,District Health Services,COMMUNITY HEALTH CENTRES,Social contributions,251943,272150,304806,348485,370325
Gauteng,HEALTH,District Health Services,COMMUNITY HEALTH CENTRES,Administrative fees,14,58,22,100,100
Gauteng,HEALTH,District Health Services,COMMUNITY HEALTH CENTRES,Agency and support/outsourced services,3229,3285,802,4595,1428
Gauteng,HEALTH,District Health Services,COMMUNITY HEALTH CENTRES,Catering: Departmental activities,0,1,0,0,0
Gauteng,HEALTH,District Health Services,COMMUNITY HEALTH CENTRES,Communication (G&S),2289,2029,1691,1406,1230
Gauteng,HEALTH,District Health Services,COMMUNITY HEALTH CENTRES,Computer services,3,56,0,0,0
Gauteng,HEALTH,District Health Services,COMMUNITY HEALTH CENTRES,Consultants: Business and advisory services,0,6,0,0,0
Gauteng,HEALTH,District Health Services,COMMUNITY HEALTH CENTRES,Consumable supplies,12202,12286,9064,11857,9396
Gauteng,HEALTH,District Health Services,COMMUNITY HEALTH CENTRES,"Consumables: Stationery, printing and office supplies",6836,5077,3054,7453,7513
Gauteng,HEALTH,District Health Services,COMMUNITY HEALTH CENTRES,Contractors,1902,1615,4215,6820,7620
Gauteng,HEALTH,District Health Services,COMMUNITY HEALTH CENTRES,Fleet services (including government motor transport),5394,6646,2166,5230,200
Gauteng,HEALTH,District Health Services,COMMUNITY HEALTH CENTRES,Inventory: Clothing material and accessories,1,1305,0,0,0
Gauteng,HEALTH,District Health Services,COMMUNITY HEALTH CENTRES,Inventory: Food and food supplies,300,556,299,3643,3643
Gauteng,HEALTH,District Health Services,COMMUNITY HEALTH CENTRES,"Inventory: Fuel, oil and gas",17832,21685,10059,25240,18615
Gauteng,HEALTH,District Health Services,COMMUNITY HEALTH CENTRES,Inventory: Materials and supplies,1310,1295,877,2530,2290
Gauteng,HEALTH,District Health Services,COMMUNITY HEALTH CENTRES,Inventory: Medical supplies,34215,31573,29278,29236,28537
Gauteng,HEALTH,District Health Services,COMMUNITY HEALTH CENTRES,Inventory: Medicine,167500,166525,117766,141983,153483
Gauteng,HEALTH,District Health Services,COMMUNITY HEALTH CENTRES,Inventory: Other supplies,3294,2664,1199,4310,2555
Gauteng,HEALTH,District Health Services,COMMUNITY HEALTH CENTRES,Laboratory services,76148,91049,60394,103005,101705
Gauteng,HEALTH,District Health Services,COMMUNITY HEALTH CENTRES,Legal services (G&S),68,0,656,0,0
Gauteng,HEALTH,District Health Services,COMMUNITY HEALTH CENTRES,Minor assets,2222,1733,2739,5885,5695
Gauteng,HEALTH,District Health Services,COMMUNITY HEALTH CENTRES,Operating leases,20313,25634,13329,14325,6718
Gauteng,HEALTH,District Health Services,COMMUNITY HEALTH CENTRES,Operating payments,6,0,0,0,0
Gauteng,HEALTH,District Health Services,COMMUNITY HEALTH CENTRES,Property payments,164106,187540,389135,201710,311937
Gauteng,HEALTH,District Health Services,COMMUNITY HEALTH CENTRES,Rental and hiring,1,0,0,0,0
Gauteng,HEALTH,District Health Services,COMMUNITY HEALTH CENTRES,Transport provided: Departmental activity,0,0,1,0,0
Gauteng,HEALTH,District Health Services,COMMUNITY HEALTH CENTRES,Travel and subsistence,175,187,225,330,185
Gauteng,HEALTH,District Health Services,COMMUNITY HEALTH CENTRES,Interest (Incl. interest on unitary payments (PPP)),0,0,153,0,0
Gauteng,HEALTH,District Health Services,COMMUNITY HEALTH CENTRES,Social benefits,7294,9618,8880,6800,6800
Gauteng,HEALTH,District Health Services,COMMUNITY HEALTH CENTRES,Payments for financial assets,684,1008,604,0,0
Gauteng,HEALTH,District Health Services,COMMUNITY BASED SERVICES,Other machinery and equipment,12889,7883,12247,23811,23811
Gauteng,HEALTH,District Health Services,COMMUNITY BASED SERVICES,Transport equipment,1544,0,0,0,0
Gauteng,HEALTH,District Health Services,COMMUNITY BASED SERVICES,Salaries and wages,1708541,1779263,1977769,1989972,1969547
Gauteng,HEALTH,District Health Services,COMMUNITY BASED SERVICES,Social contributions,182239,204358,227465,223591,210045
Gauteng,HEALTH,District Health Services,COMMUNITY BASED SERVICES,Administrative fees,200,134,355,636,540
Gauteng,HEALTH,District Health Services,COMMUNITY BASED SERVICES,Advertising,118,0,339,50,50
Gauteng,HEALTH,District Health Services,COMMUNITY BASED SERVICES,Agency and support/outsourced services,2463,2780,10078,5466,10386
Gauteng,HEALTH,District Health Services,COMMUNITY BASED SERVICES,Catering: Departmental activities,649,929,635,1492,2992
Gauteng,HEALTH,District Health Services,COMMUNITY BASED SERVICES,Communication (G&S),90,93,24,1089,889
Gauteng,HEALTH,District Health Services,COMMUNITY BASED SERVICES,Consumable supplies,4723,3473,4316,6881,4832
Gauteng,HEALTH,District Health Services,COMMUNITY BASED SERVICES,"Consumables: Stationery, printing and office supplies",4122,2748,3342,5818,3439
Gauteng,HEALTH,District Health Services,COMMUNITY BASED SERVICES,Contractors,768,1809,2000,3335,4302
Gauteng,HEALTH,District Health Services,COMMUNITY BASED SERVICES,Fleet services (including government motor transport),800,500,2,1326,926
Gauteng,HEALTH,District Health Services,COMMUNITY BASED SERVICES,Inventory: Clothing material and accessories,-7,0,0,0,0
Gauteng,HEALTH,District Health Services,COMMUNITY BASED SERVICES,Inventory: Food and food supplies,8480,6944,12060,11618,13715
Gauteng,HEALTH,District Health Services,COMMUNITY BASED SERVICES,"Inventory: Fuel, oil and gas",2551,4655,2322,4600,4393
Gauteng,HEALTH,District Health Services,COMMUNITY BASED SERVICES,Inventory: Materials and supplies,1581,217,1283,844,957
Gauteng,HEALTH,District Health Services,COMMUNITY BASED SERVICES,Inventory: Medical supplies,103610,125460,150036,176056,173372
Gauteng,HEALTH,District Health Services,COMMUNITY BASED SERVICES,Inventory: Medicine,548273,665950,701667,638978,804869
Gauteng,HEALTH,District Health Services,COMMUNITY BASED SERVICES,Inventory: Other supplies,712,625,693,2530,820
Gauteng,HEALTH,District Health Services,COMMUNITY BASED SERVICES,Laboratory services,5316,7065,5660,20331,11731
Gauteng,HEALTH,District Health Services,COMMUNITY BASED SERVICES,Minor assets,1207,760,1263,2101,1895
Gauteng,HEALTH,District Health Services,COMMUNITY BASED SERVICES,Operating leases,369,378,1055,1476,2031
Gauteng,HEALTH,District Health Services,COMMUNITY BASED SERVICES,Operating payments,10,0,0,100,0
Gauteng,HEALTH,District Health Services,COMMUNITY BASED SERVICES,Property payments,9004,14714,38300,18513,38413
Gauteng,HEALTH,District Health Services,COMMUNITY BASED SERVICES,Rental and hiring,0,0,2,0,950
Gauteng,HEALTH,District Health Services,COMMUNITY BASED SERVICES,Training and development,1148,970,521,2589,1975
Gauteng,HEALTH,District Health Services,COMMUNITY BASED SERVICES,Transport provided: Departmental activity,13,500,311,520,1320
Gauteng,HEALTH,District Health Services,COMMUNITY BASED SERVICES,Travel and subsistence,2482,3060,3881,5195,3483
Gauteng,HEALTH,District Health Services,COMMUNITY BASED SERVICES,Venues and facilities,0,0,39,50,50
Gauteng,HEALTH,District Health Services,COMMUNITY BASED SERVICES,Interest (Incl. interest on unitary payments (PPP)),0,0,3,0,0
Gauteng,HEALTH,District Health Services,COMMUNITY BASED SERVICES,Social benefits,4015,4770,3776,5260,5260
Gauteng,HEALTH,District Health Services,COMMUNITY BASED SERVICES,Non-profit institutions,200586,215294,232473,274657,240448
Gauteng,HEALTH,District Health Services,COMMUNITY BASED SERVICES,Payments for financial assets,252,38,125,0,0
Gauteng,HEALTH,District Health Services,"HIV, AIDS ",Other machinery and equipment,2057,4367,3566,10200,29726
Gauteng,HEALTH,District Health Services,"HIV, AIDS ",Transport equipment,0,3331,2995,37746,37746
Gauteng,HEALTH,District Health Services,"HIV, AIDS ",Salaries and wages,2166150,2024872,2204659,2252223,2329528
Gauteng,HEALTH,District Health Services,"HIV, AIDS ",Social contributions,552429,604661,664466,517290,517290
Gauteng,HEALTH,District Health Services,"HIV, AIDS ",Administrative fees,-665,-68,92,54,54
Gauteng,HEALTH,District Health Services,"HIV, AIDS ",Advertising,2753,14230,17967,52087,52087
Gauteng,HEALTH,District Health Services,"HIV, AIDS ",Agency and support/outsourced services,29,0,0,0,0
Gauteng,HEALTH,District Health Services,"HIV, AIDS ",Catering: Departmental activities,3889,5948,7931,12382,12382
Gauteng,HEALTH,District Health Services,"HIV, AIDS ",Communication (G&S),11018,9781,9237,14546,15061
Gauteng,HEALTH,District Health Services,"HIV, AIDS ",Computer services,0,0,0,244,244
Gauteng,HEALTH,District Health Services,"HIV, AIDS ",Consumable supplies,14378,19223,28097,34838,35157
Gauteng,HEALTH,District Health Services,"HIV, AIDS ","Consumables: Stationery, printing and office supplies",8543,10985,15392,2210,2210
Gauteng,HEALTH,District Health Services,"HIV, AIDS ",Contractors,83772,25389,142411,303590,314845
Gauteng,HEALTH,District Health Services,"HIV, AIDS ",Fleet services (including government motor transport),0,1,0,0,0
Gauteng,HEALTH,District Health Services,"HIV, AIDS ",Inventory: Clothing material and accessories,0,1303,0,0,0
Gauteng,HEALTH,District Health Services,"HIV, AIDS ",Inventory: Food and food supplies,8058,11539,8642,14700,15107
Gauteng,HEALTH,District Health Services,"HIV, AIDS ","Inventory: Fuel, oil and gas",-32,0,0,0,0
Gauteng,HEALTH,District Health Services,"HIV, AIDS ",Inventory: Materials and supplies,631,10,560,3500,3500
Gauteng,HEALTH,District Health Services,"HIV, AIDS ",Inventory: Medical supplies,134487,270144,346794,370011,379104
Gauteng,HEALTH,District Health Services,"HIV, AIDS ",Inventory: Medicine,1730412,1690347,1967578,1874854,1874854
Gauteng,HEALTH,District Health Services,"HIV, AIDS ",Inventory: Other supplies,18,65,72,0,0
Gauteng,HEALTH,District Health Services,"HIV, AIDS ",Laboratory services,1098919,915032,1285223,1103292,1103292
Gauteng,HEALTH,District Health Services,"HIV, AIDS ",Minor assets,0,241,357,175,175
Gauteng,HEALTH,District Health Services,"HIV, AIDS ",Operating leases,0,55,46,560,560
Gauteng,HEALTH,District Health Services,"HIV, AIDS ",Operating payments,0,0,0,44347,44427
Gauteng,HEALTH,District Health Services,"HIV, AIDS ",Property payments,1037,1406,1852,2000,2000
Gauteng,HEALTH,District Health Services,"HIV, AIDS ",Training and development,2730,7810,9704,18800,18800
Gauteng,HEALTH,District Health Services,"HIV, AIDS ",Transport provided: Departmental activity,0,0,0,800,800
Gauteng,HEALTH,District Health Services,"HIV, AIDS ",Travel and subsistence,1079,1210,6053,8362,8362
Gauteng,HEALTH,District Health Services,"HIV, AIDS ",Venues and facilities,1598,938,2609,8176,8176
Gauteng,HEALTH,District Health Services,"HIV, AIDS ",Other transfers to households,0,16,0,0,0
Gauteng,HEALTH,District Health Services,"HIV, AIDS ",Social benefits,3770,3332,4177,4000,4000
Gauteng,HEALTH,District Health Services,"HIV, AIDS ",Non-profit institutions,87652,103503,108330,112305,112305
Gauteng,HEALTH,District Health Services,"HIV, AIDS ",Municipal bank accounts,0,0,0,0,0
Gauteng,HEALTH,District Health Services,"HIV, AIDS ",Payments for financial assets,35,0,7,0,0
Gauteng,HEALTH,District Health Services,NUTRITION,Inventory: Medical supplies,0,71,0,0,0
Gauteng,HEALTH,District Health Services,NUTRITION,Property payments,10,0,0,0,0
Gauteng,HEALTH,District Health Services,NUTRITION,Social benefits,3,0,0,0,0
Gauteng,HEALTH,District Health Services,NUTRITION,Non-profit institutions,79707,63788,2585,0,0
Gauteng,HEALTH,District Health Services,CORONER SERVICES,Other machinery and equipment,1666,2249,11715,29729,29729
Gauteng,HEALTH,District Health Services,CORONER SERVICES,Transport equipment,0,4109,15638,8000,8000
Gauteng,HEALTH,District Health Services,CORONER SERVICES,Salaries and wages,220892,222006,237821,259112,259112
Gauteng,HEALTH,District Health Services,CORONER SERVICES,Social contributions,26686,30523,31445,20570,20570
Gauteng,HEALTH,District Health Services,CORONER SERVICES,Administrative fees,0,0,21,100,100
Gauteng,HEALTH,District Health Services,CORONER SERVICES,Advertising,811,382,306,1000,1000
Gauteng,HEALTH,District Health Services,CORONER SERVICES,Agency and support/outsourced services,956,650,1241,9200,2200
Gauteng,HEALTH,District Health Services,CORONER SERVICES,Catering: Departmental activities,106,191,236,400,400
Gauteng,HEALTH,District Health Services,CORONER SERVICES,Communication (G&S),217,188,203,11,11
Gauteng,HEALTH,District Health Services,CORONER SERVICES,Computer services,9,0,0,0,0
Gauteng,HEALTH,District Health Services,CORONER SERVICES,Consultants: Business and advisory services,0,0,0,20,20
Gauteng,HEALTH,District Health Services,CORONER SERVICES,Consumable supplies,5336,3013,7126,5950,5950
Gauteng,HEALTH,District Health Services,CORONER SERVICES,"Consumables: Stationery, printing and office supplies",798,1255,2021,3300,3300
Gauteng,HEALTH,District Health Services,CORONER SERVICES,Contractors,1291,1292,1566,2500,2500
Gauteng,HEALTH,District Health Services,CORONER SERVICES,Fleet services (including government motor transport),9273,7565,9786,8500,8500
Gauteng,HEALTH,District Health Services,CORONER SERVICES,Inventory: Clothing material and accessories,159,0,0,0,0
Gauteng,HEALTH,District Health Services,CORONER SERVICES,Inventory: Food and food supplies,16,91,36,0,0
Gauteng,HEALTH,District Health Services,CORONER SERVICES,Inventory: Learner and teacher support material,8,0,0,0,0
Gauteng,HEALTH,District Health Services,CORONER SERVICES,Inventory: Materials and supplies,230,22,88,350,350
Gauteng,HEALTH,District Health Services,CORONER SERVICES,Inventory: Medical supplies,16205,7014,8655,4500,20500
Gauteng,HEALTH,District Health Services,CORONER SERVICES,Inventory: Medicine,170,0,2,0,0
Gauteng,HEALTH,District Health Services,CORONER SERVICES,Inventory: Other supplies,510,400,295,650,650
Gauteng,HEALTH,District Health Services,CORONER SERVICES,Laboratory services,184,75,232,250,250
Gauteng,HEALTH,District Health Services,CORONER SERVICES,Minor assets,282,265,12,370,370
Gauteng,HEALTH,District Health Services,CORONER SERVICES,Property payments,16963,19260,47147,20500,27500
Gauteng,HEALTH,District Health Services,CORONER SERVICES,Training and development,440,128,416,760,760
Gauteng,HEALTH,District Health Services,CORONER SERVICES,Travel and subsistence,63,357,542,180,180
Gauteng,HEALTH,District Health Services,CORONER SERVICES,Venues and facilities,369,373,1706,2500,2500
Gauteng,HEALTH,District Health Services,CORONER SERVICES,Interest (Incl. interest on unitary payments (PPP)),0,0,184,0,0
Gauteng,HEALTH,District Health Services,CORONER SERVICES,Social benefits,1502,765,1990,250,250
Gauteng,HEALTH,District Health Services,CORONER SERVICES,Payments for financial assets,59,24,41,0,0
Gauteng,HEALTH,District Health Services,DISTRICT HOSPITALS,Other machinery and equipment,34259,52263,28997,61010,61010
Gauteng,HEALTH,District Health Services,DISTRICT HOSPITALS,Transport equipment,1124,0,0,0,0
Gauteng,HEALTH,District Health Services,DISTRICT HOSPITALS,Salaries and wages,2860594,2967997,3187599,3292856,3292856
Gauteng,HEALTH,District Health Services,DISTRICT HOSPITALS,Social contributions,417754,469845,514549,503599,503599
Gauteng,HEALTH,District Health Services,DISTRICT HOSPITALS,Administrative fees,1859,1181,1525,1867,1598
Gauteng,HEALTH,District Health Services,DISTRICT HOSPITALS,Advertising,0,4,10,120,120
Gauteng,HEALTH,District Health Services,DISTRICT HOSPITALS,Agency and support/outsourced services,25535,29212,16422,19940,20770
Gauteng,HEALTH,District Health Services,DISTRICT HOSPITALS,Audit costs: External,311,0,0,0,0
Gauteng,HEALTH,District Health Services,DISTRICT HOSPITALS,Catering: Departmental activities,175,0,147,500,500
Gauteng,HEALTH,District Health Services,DISTRICT HOSPITALS,Communication (G&S),4477,4004,2875,4274,4296
Gauteng,HEALTH,District Health Services,DISTRICT HOSPITALS,Computer services,0,0,0,0,0
Gauteng,HEALTH,District Health Services,DISTRICT HOSPITALS,Consultants: Business and advisory services,112,287,260,781,671
Gauteng,HEALTH,District Health Services,DISTRICT HOSPITALS,Consumable supplies,55577,68443,44803,41158,38528
Gauteng,HEALTH,District Health Services,DISTRICT HOSPITALS,"Consumables: Stationery, printing and office supplies",16930,21745,21402,29957,27184
Gauteng,HEALTH,District Health Services,DISTRICT HOSPITALS,Contractors,15722,18383,17060,24320,25570
Gauteng,HEALTH,District Health Services,DISTRICT HOSPITALS,Fleet services (including government motor transport),5053,7792,2074,5120,3820
Gauteng,HEALTH,District Health Services,DISTRICT HOSPITALS,Inventory: Clothing material and accessories,929,222,0,0,0
Gauteng,HEALTH,District Health Services,DISTRICT HOSPITALS,Inventory: Food and food supplies,49264,60806,65078,88772,86131
Gauteng,HEALTH,District Health Services,DISTRICT HOSPITALS,"Inventory: Fuel, oil and gas",48955,49799,51274,64720,55620
Gauteng,HEALTH,District Health Services,DISTRICT HOSPITALS,Inventory: Learner and teacher support material,70,0,0,0,0
Gauteng,HEALTH,District Health Services,DISTRICT HOSPITALS,Inventory: Materials and supplies,8168,9974,9008,12406,11291
Gauteng,HEALTH,District Health Services,DISTRICT HOSPITALS,Inventory: Medical supplies,213549,295785,261788,312335,314463
Gauteng,HEALTH,District Health Services,DISTRICT HOSPITALS,Inventory: Medicine,147468,198071,163502,168050,170542
Gauteng,HEALTH,District Health Services,DISTRICT HOSPITALS,Inventory: Other supplies,23922,19291,21259,23660,24240
Gauteng,HEALTH,District Health Services,DISTRICT HOSPITALS,Laboratory services,170600,178026,139348,161549,161549
Gauteng,HEALTH,District Health Services,DISTRICT HOSPITALS,Minor assets,2119,3336,3922,7510,6863
Gauteng,HEALTH,District Health Services,DISTRICT HOSPITALS,Operating leases,13612,15869,8418,20890,17590
Gauteng,HEALTH,District Health Services,DISTRICT HOSPITALS,Operating payments,730,702,11,130,130
Gauteng,HEALTH,District Health Services,DISTRICT HOSPITALS,Property payments,196118,200924,335691,236053,326216
Gauteng,HEALTH,District Health Services,DISTRICT HOSPITALS,Rental and hiring,0,0,11,0,0
Gauteng,HEALTH,District Health Services,DISTRICT HOSPITALS,Training and development,390,674,1014,3480,1880
Gauteng,HEALTH,District Health Services,DISTRICT HOSPITALS,Transport provided: Departmental activity,84,170,24,50,50
Gauteng,HEALTH,District Health Services,DISTRICT HOSPITALS,Travel and subsistence,312,444,476,657,677
Gauteng,HEALTH,District Health Services,DISTRICT HOSPITALS,Interest (Incl. interest on unitary payments (PPP)),0,0,523,0,0
Gauteng,HEALTH,District Health Services,DISTRICT HOSPITALS,Other transfers to households,4387,0,0,0,0
Gauteng,HEALTH,District Health Services,DISTRICT HOSPITALS,Social benefits,8167,11585,9128,8401,8401
Gauteng,HEALTH,District Health Services,DISTRICT HOSPITALS,Payments for financial assets,1433,1073,1020,0,0
Gauteng,HEALTH,Emergency Medical Services,EMERGENCY TRANSPORT,Other machinery and equipment,136961,302018,27056,81687,81687
Gauteng,HEALTH,Emergency Medical Services,EMERGENCY TRANSPORT,Transport equipment,540026,254723,577798,460637,460637
Gauteng,HEALTH,Emergency Medical Services,EMERGENCY TRANSPORT,Salaries and wages,668522,716066,848589,851015,851015
Gauteng,HEALTH,Emergency Medical Services,EMERGENCY TRANSPORT,Social contributions,142169,163922,186327,156990,156990
Gauteng,HEALTH,Emergency Medical Services,EMERGENCY TRANSPORT,Administrative fees,0,5165,6000,7200,5100
Gauteng,HEALTH,Emergency Medical Services,EMERGENCY TRANSPORT,Advertising,41,0,0,150,0
Gauteng,HEALTH,Emergency Medical Services,EMERGENCY TRANSPORT,Agency and support/outsourced services,236,210,354,400,1600
Gauteng,HEALTH,Emergency Medical Services,EMERGENCY TRANSPORT,Catering: Departmental activities,419,299,702,400,400
Gauteng,HEALTH,Emergency Medical Services,EMERGENCY TRANSPORT,Communication (G&S),2771,4888,7869,3915,1800
Gauteng,HEALTH,Emergency Medical Services,EMERGENCY TRANSPORT,Computer services,0,0,0,400,0
Gauteng,HEALTH,Emergency Medical Services,EMERGENCY TRANSPORT,Consumable supplies,22444,33860,19963,35400,13050
Gauteng,HEALTH,Emergency Medical Services,EMERGENCY TRANSPORT,"Consumables: Stationery, printing and office supplies",6834,3911,6711,9200,9200
Gauteng,HEALTH,Emergency Medical Services,EMERGENCY TRANSPORT,Contractors,12369,9081,11447,15000,20000
Gauteng,HEALTH,Emergency Medical Services,EMERGENCY TRANSPORT,Fleet services (including government motor transport),127591,134899,151075,93154,93154
Gauteng,HEALTH,Emergency Medical Services,EMERGENCY TRANSPORT,Inventory: Food and food supplies,2,4,4,10,0
Gauteng,HEALTH,Emergency Medical Services,EMERGENCY TRANSPORT,"Inventory: Fuel, oil and gas",748,1463,407,500,350
Gauteng,HEALTH,Emergency Medical Services,EMERGENCY TRANSPORT,Inventory: Materials and supplies,3925,8403,3846,800,1660
Gauteng,HEALTH,Emergency Medical Services,EMERGENCY TRANSPORT,Inventory: Medical supplies,39861,78277,64247,55594,88794
Gauteng,HEALTH,Emergency Medical Services,EMERGENCY TRANSPORT,Inventory: Medicine,973,520,2200,1050,1415
Gauteng,HEALTH,Emergency Medical Services,EMERGENCY TRANSPORT,Inventory: Other supplies,574,73,6470,250,150
Gauteng,HEALTH,Emergency Medical Services,EMERGENCY TRANSPORT,Minor assets,271,1452,337,3000,3000
Gauteng,HEALTH,Emergency Medical Services,EMERGENCY TRANSPORT,Operating leases,30257,64738,73838,76073,64073
Gauteng,HEALTH,Emergency Medical Services,EMERGENCY TRANSPORT,Property payments,53367,30997,52614,40216,64566
Gauteng,HEALTH,Emergency Medical Services,EMERGENCY TRANSPORT,Training and development,143,472,531,7500,15500
Gauteng,HEALTH,Emergency Medical Services,EMERGENCY TRANSPORT,Travel and subsistence,71,37,0,550,250
Gauteng,HEALTH,Emergency Medical Services,EMERGENCY TRANSPORT,Venues and facilities,0,0,460,450,150
Gauteng,HEALTH,Emergency Medical Services,EMERGENCY TRANSPORT,Interest (Incl. interest on unitary payments (PPP)),0,0,1,0,0
Gauteng,HEALTH,Emergency Medical Services,EMERGENCY TRANSPORT,Other transfers to households,0,0,6,0,0
Gauteng,HEALTH,Emergency Medical Services,EMERGENCY TRANSPORT,Social benefits,2057,1353,1224,1800,1800
Gauteng,HEALTH,Emergency Medical Services,EMERGENCY TRANSPORT,Payments for financial assets,346,119,147,0,0
Gauteng,HEALTH,Emergency Medical Services,PLANNED PATIENT TRANSPORT,Salaries and wages,159438,158807,177800,178033,178033
Gauteng,HEALTH,Emergency Medical Services,PLANNED PATIENT TRANSPORT,Social contributions,34923,37040,43146,32183,32183
Gauteng,HEALTH,Emergency Medical Services,PLANNED PATIENT TRANSPORT,Fleet services (including government motor transport),22055,51979,90456,121962,121962
Gauteng,HEALTH,Emergency Medical Services,PLANNED PATIENT TRANSPORT,Transport provided: Departmental activity,0,0,0,8000,1000
Gauteng,HEALTH,Emergency Medical Services,PLANNED PATIENT TRANSPORT,Travel and subsistence,0,3,30,0,0
Gauteng,HEALTH,Emergency Medical Services,PLANNED PATIENT TRANSPORT,Social benefits,1547,407,339,500,500
Gauteng,HEALTH,Emergency Medical Services,PLANNED PATIENT TRANSPORT,Payments for financial assets,0,0,22,0,0
Gauteng,HEALTH,Provincial Hospital Services,GENERAL HOSPITALS,Other machinery and equipment,83351,102411,94716,136231,140279
Gauteng,HEALTH,Provincial Hospital Services,GENERAL HOSPITALS,Transport equipment,893,513,0,0,0
Gauteng,HEALTH,Provincial Hospital Services,GENERAL HOSPITALS,Salaries and wages,5306999,5696322,6202817,6600613,6601613
Gauteng,HEALTH,Provincial Hospital Services,GENERAL HOSPITALS,Social contributions,660071,743327,810876,831303,830303
Gauteng,HEALTH,Provincial Hospital Services,GENERAL HOSPITALS,Administrative fees,1129,1044,1461,1697,1485
Gauteng,HEALTH,Provincial Hospital Services,GENERAL HOSPITALS,Advertising,3,10,0,0,0
Gauteng,HEALTH,Provincial Hospital Services,GENERAL HOSPITALS,Agency and support/outsourced services,63253,61951,56558,61759,64069
Gauteng,HEALTH,Provincial Hospital Services,GENERAL HOSPITALS,Communication (G&S),2058,3465,1951,2569,3061
Gauteng,HEALTH,Provincial Hospital Services,GENERAL HOSPITALS,Computer services,1526,2062,80,1528,700
Gauteng,HEALTH,Provincial Hospital Services,GENERAL HOSPITALS,Consultants: Business and advisory services,61,178,94,716,736
Gauteng,HEALTH,Provincial Hospital Services,GENERAL HOSPITALS,Consumable supplies,75005,83407,61254,55710,45120
Gauteng,HEALTH,Provincial Hospital Services,GENERAL HOSPITALS,"Consumables: Stationery, printing and office supplies",19139,21369,28449,33104,33119
Gauteng,HEALTH,Provincial Hospital Services,GENERAL HOSPITALS,Contractors,59762,56314,58170,76166,75766
Gauteng,HEALTH,Provincial Hospital Services,GENERAL HOSPITALS,Fleet services (including government motor transport),2958,3551,1684,6264,5454
Gauteng,HEALTH,Provincial Hospital Services,GENERAL HOSPITALS,Inventory: Clothing material and accessories,262,259,0,0,0
Gauteng,HEALTH,Provincial Hospital Services,GENERAL HOSPITALS,Inventory: Food and food supplies,121871,134745,150736,145492,153482
Gauteng,HEALTH,Provincial Hospital Services,GENERAL HOSPITALS,"Inventory: Fuel, oil and gas",76769,104940,89347,109532,99282
Gauteng,HEALTH,Provincial Hospital Services,GENERAL HOSPITALS,Inventory: Learner and teacher support material,104,189,0,0,0
Gauteng,HEALTH,Provincial Hospital Services,GENERAL HOSPITALS,Inventory: Materials and supplies,16705,25541,10195,7836,7366
Gauteng,HEALTH,Provincial Hospital Services,GENERAL HOSPITALS,Inventory: Medical supplies,789382,843899,828526,780418,805248
Gauteng,HEALTH,Provincial Hospital Services,GENERAL HOSPITALS,Inventory: Medicine,301547,280306,346457,294938,295938
Gauteng,HEALTH,Provincial Hospital Services,GENERAL HOSPITALS,Inventory: Other supplies,44753,37871,35646,39382,34714
Gauteng,HEALTH,Provincial Hospital Services,GENERAL HOSPITALS,Laboratory services,304315,356558,158212,293011,290011
Gauteng,HEALTH,Provincial Hospital Services,GENERAL HOSPITALS,Legal services (G&S),0,24,0,0,0
Gauteng,HEALTH,Provincial Hospital Services,GENERAL HOSPITALS,Minor assets,5072,4515,3790,5539,5339
Gauteng,HEALTH,Provincial Hospital Services,GENERAL HOSPITALS,Operating leases,15330,19601,22387,26923,26923
Gauteng,HEALTH,Provincial Hospital Services,GENERAL HOSPITALS,Operating payments,750,2884,4471,3130,4130
Gauteng,HEALTH,Provincial Hospital Services,GENERAL HOSPITALS,Property payments,225871,342431,386576,333804,395875
Gauteng,HEALTH,Provincial Hospital Services,GENERAL HOSPITALS,Rental and hiring,287,120,492,560,560
Gauteng,HEALTH,Provincial Hospital Services,GENERAL HOSPITALS,Training and development,900,1075,1788,2307,1907
Gauteng,HEALTH,Provincial Hospital Services,GENERAL HOSPITALS,Transport provided: Departmental activity,29,14,2,296,296
Gauteng,HEALTH,Provincial Hospital Services,GENERAL HOSPITALS,Travel and subsistence,6369,7023,509,250,350
Gauteng,HEALTH,Provincial Hospital Services,GENERAL HOSPITALS,Interest (Incl. interest on unitary payments (PPP)),0,0,64,0,0
Gauteng,HEALTH,Provincial Hospital Services,GENERAL HOSPITALS,Other transfers to households,419,0,0,0,0
Gauteng,HEALTH,Provincial Hospital Services,GENERAL HOSPITALS,Social benefits,21812,20541,16994,13317,13317
Gauteng,HEALTH,Provincial Hospital Services,GENERAL HOSPITALS,Payments for financial assets,2406,3363,3025,0,0
Gauteng,HEALTH,Provincial Hospital Services,TUBERCULOSIS HOSPITALS,Other machinery and equipment,2756,940,5964,2085,2085
Gauteng,HEALTH,Provincial Hospital Services,TUBERCULOSIS HOSPITALS,Salaries and wages,235926,241401,253689,269692,269692
Gauteng,HEALTH,Provincial Hospital Services,TUBERCULOSIS HOSPITALS,Social contributions,43865,46760,50740,49220,49220
Gauteng,HEALTH,Provincial Hospital Services,TUBERCULOSIS HOSPITALS,Administrative fees,0,68,-4,0,0
Gauteng,HEALTH,Provincial Hospital Services,TUBERCULOSIS HOSPITALS,Advertising,0,0,26,0,0
Gauteng,HEALTH,Provincial Hospital Services,TUBERCULOSIS HOSPITALS,Agency and support/outsourced services,155,169,249,320,320
Gauteng,HEALTH,Provincial Hospital Services,TUBERCULOSIS HOSPITALS,Communication (G&S),213,159,63,234,34
Gauteng,HEALTH,Provincial Hospital Services,TUBERCULOSIS HOSPITALS,Consultants: Business and advisory services,29,22,20,67,67
Gauteng,HEALTH,Provincial Hospital Services,TUBERCULOSIS HOSPITALS,Consumable supplies,2872,2745,2718,3521,3521
Gauteng,HEALTH,Provincial Hospital Services,TUBERCULOSIS HOSPITALS,"Consumables: Stationery, printing and office supplies",1093,793,1158,1520,1520
Gauteng,HEALTH,Provincial Hospital Services,TUBERCULOSIS HOSPITALS,Contractors,680,1311,836,1000,1000
Gauteng,HEALTH,Provincial Hospital Services,TUBERCULOSIS HOSPITALS,Fleet services (including government motor transport),586,348,129,470,470
Gauteng,HEALTH,Provincial Hospital Services,TUBERCULOSIS HOSPITALS,Inventory: Food and food supplies,3893,3998,3021,4000,4000
Gauteng,HEALTH,Provincial Hospital Services,TUBERCULOSIS HOSPITALS,"Inventory: Fuel, oil and gas",3603,8638,7367,3857,1000
Gauteng,HEALTH,Provincial Hospital Services,TUBERCULOSIS HOSPITALS,Inventory: Materials and supplies,143,108,118,150,150
Gauteng,HEALTH,Provincial Hospital Services,TUBERCULOSIS HOSPITALS,Inventory: Medical supplies,1744,2945,2409,4453,4453
Gauteng,HEALTH,Provincial Hospital Services,TUBERCULOSIS HOSPITALS,Inventory: Medicine,15879,16485,17907,20338,20538
Gauteng,HEALTH,Provincial Hospital Services,TUBERCULOSIS HOSPITALS,Inventory: Other supplies,-115,78,7,550,550
Gauteng,HEALTH,Provincial Hospital Services,TUBERCULOSIS HOSPITALS,Laboratory services,2796,2942,1601,3000,3000
Gauteng,HEALTH,Provincial Hospital Services,TUBERCULOSIS HOSPITALS,Minor assets,719,320,268,383,383
Gauteng,HEALTH,Provincial Hospital Services,TUBERCULOSIS HOSPITALS,Operating leases,1093,1589,538,1300,1300
Gauteng,HEALTH,Provincial Hospital Services,TUBERCULOSIS HOSPITALS,Operating payments,4,8,28,15,15
Gauteng,HEALTH,Provincial Hospital Services,TUBERCULOSIS HOSPITALS,Property payments,35183,89777,37214,46248,51105
Gauteng,HEALTH,Provincial Hospital Services,TUBERCULOSIS HOSPITALS,Rental and hiring,0,0,0,0,0
Gauteng,HEALTH,Provincial Hospital Services,TUBERCULOSIS HOSPITALS,Training and development,61,0,49,500,500
Gauteng,HEALTH,Provincial Hospital Services,TUBERCULOSIS HOSPITALS,Travel and subsistence,52,20,31,40,40
Gauteng,HEALTH,Provincial Hospital Services,TUBERCULOSIS HOSPITALS,Social benefits,705,647,614,400,400
Gauteng,HEALTH,Provincial Hospital Services,TUBERCULOSIS HOSPITALS,Payments for financial assets,164,31,67,0,0
Gauteng,HEALTH,Provincial Hospital Services,PSYCHIATRIC/MENTAL HOSPITAL,Other machinery and equipment,3967,4687,3218,10413,10413
Gauteng,HEALTH,Provincial Hospital Services,PSYCHIATRIC/MENTAL HOSPITAL,Transport equipment,2420,0,0,0,0
Gauteng,HEALTH,Provincial Hospital Services,PSYCHIATRIC/MENTAL HOSPITAL,Salaries and wages,1052229,1023767,1077010,1210837,1210837
Gauteng,HEALTH,Provincial Hospital Services,PSYCHIATRIC/MENTAL HOSPITAL,Social contributions,170908,181550,197583,189228,189228
Gauteng,HEALTH,Provincial Hospital Services,PSYCHIATRIC/MENTAL HOSPITAL,Administrative fees,8,230,27,25,58
Gauteng,HEALTH,Provincial Hospital Services,PSYCHIATRIC/MENTAL HOSPITAL,Advertising,0,0,0,10,15
Gauteng,HEALTH,Provincial Hospital Services,PSYCHIATRIC/MENTAL HOSPITAL,Agency and support/outsourced services,6336,10042,7986,1418,1418
Gauteng,HEALTH,Provincial Hospital Services,PSYCHIATRIC/MENTAL HOSPITAL,Catering: Departmental activities,77,32,40,110,110
Gauteng,HEALTH,Provincial Hospital Services,PSYCHIATRIC/MENTAL HOSPITAL,Communication (G&S),1279,845,1423,968,634
Gauteng,HEALTH,Provincial Hospital Services,PSYCHIATRIC/MENTAL HOSPITAL,Computer services,281,0,0,0,0
Gauteng,HEALTH,Provincial Hospital Services,PSYCHIATRIC/MENTAL HOSPITAL,Consultants: Business and advisory services,329441,399351,423345,570381,565477
Gauteng,HEALTH,Provincial Hospital Services,PSYCHIATRIC/MENTAL HOSPITAL,Consumable supplies,28089,45642,29720,15468,15981
Gauteng,HEALTH,Provincial Hospital Services,PSYCHIATRIC/MENTAL HOSPITAL,"Consumables: Stationery, printing and office supplies",2411,3561,3981,2852,2452
Gauteng,HEALTH,Provincial Hospital Services,PSYCHIATRIC/MENTAL HOSPITAL,Contractors,829,726,1055,1119,1369
Gauteng,HEALTH,Provincial Hospital Services,PSYCHIATRIC/MENTAL HOSPITAL,Fleet services (including government motor transport),1496,1990,665,1936,1936
Gauteng,HEALTH,Provincial Hospital Services,PSYCHIATRIC/MENTAL HOSPITAL,Inventory: Clothing material and accessories,5,1184,0,0,0
Gauteng,HEALTH,Provincial Hospital Services,PSYCHIATRIC/MENTAL HOSPITAL,Inventory: Food and food supplies,47596,50785,55866,54329,55405
Gauteng,HEALTH,Provincial Hospital Services,PSYCHIATRIC/MENTAL HOSPITAL,"Inventory: Fuel, oil and gas",16742,19602,15880,22979,22379
Gauteng,HEALTH,Provincial Hospital Services,PSYCHIATRIC/MENTAL HOSPITAL,Inventory: Materials and supplies,2231,1535,3144,1184,1623
Gauteng,HEALTH,Provincial Hospital Services,PSYCHIATRIC/MENTAL HOSPITAL,Inventory: Medical supplies,6656,5289,9363,9537,7704
Gauteng,HEALTH,Provincial Hospital Services,PSYCHIATRIC/MENTAL HOSPITAL,Inventory: Medicine,20735,25482,16367,25305,29205
Gauteng,HEALTH,Provincial Hospital Services,PSYCHIATRIC/MENTAL HOSPITAL,Inventory: Other supplies,1850,2491,2290,5762,6062
Gauteng,HEALTH,Provincial Hospital Services,PSYCHIATRIC/MENTAL HOSPITAL,Laboratory services,4790,3482,3622,4303,4253
Gauteng,HEALTH,Provincial Hospital Services,PSYCHIATRIC/MENTAL HOSPITAL,Minor assets,668,1249,323,846,726
Gauteng,HEALTH,Provincial Hospital Services,PSYCHIATRIC/MENTAL HOSPITAL,Operating leases,3971,8744,3686,9902,9902
Gauteng,HEALTH,Provincial Hospital Services,PSYCHIATRIC/MENTAL HOSPITAL,Operating payments,4,117,0,60,60
Gauteng,HEALTH,Provincial Hospital Services,PSYCHIATRIC/MENTAL HOSPITAL,Property payments,58106,78328,85288,57548,79248
Gauteng,HEALTH,Provincial Hospital Services,PSYCHIATRIC/MENTAL HOSPITAL,Training and development,37,154,274,359,409
Gauteng,HEALTH,Provincial Hospital Services,PSYCHIATRIC/MENTAL HOSPITAL,Transport provided: Departmental activity,9,0,0,383,358
Gauteng,HEALTH,Provincial Hospital Services,PSYCHIATRIC/MENTAL HOSPITAL,Travel and subsistence,211,295,222,127,127
Gauteng,HEALTH,Provincial Hospital Services,PSYCHIATRIC/MENTAL HOSPITAL,Interest (Incl. interest on unitary payments (PPP)),0,0,52,0,0
Gauteng,HEALTH,Provincial Hospital Services,PSYCHIATRIC/MENTAL HOSPITAL,Other transfers to households,310,0,0,0,0
Gauteng,HEALTH,Provincial Hospital Services,PSYCHIATRIC/MENTAL HOSPITAL,Social benefits,4466,4732,3027,2430,2430
Gauteng,HEALTH,Provincial Hospital Services,PSYCHIATRIC/MENTAL HOSPITAL,Payments for financial assets,302,248,201,0,0
Gauteng,HEALTH,Provincial Hospital Services,DENTAL TRAINING HOSPITALS,Other machinery and equipment,13530,17434,16346,24284,24607
Gauteng,HEALTH,Provincial Hospital Services,DENTAL TRAINING HOSPITALS,Salaries and wages,503385,508200,534230,578260,578260
Gauteng,HEALTH,Provincial Hospital Services,DENTAL TRAINING HOSPITALS,Social contributions,53695,57389,59763,60767,60767
Gauteng,HEALTH,Provincial Hospital Services,DENTAL TRAINING HOSPITALS,Administrative fees,0,57,162,180,180
Gauteng,HEALTH,Provincial Hospital Services,DENTAL TRAINING HOSPITALS,Agency and support/outsourced services,385,302,695,578,578
Gauteng,HEALTH,Provincial Hospital Services,DENTAL TRAINING HOSPITALS,Communication (G&S),358,80,61,337,27
Gauteng,HEALTH,Provincial Hospital Services,DENTAL TRAINING HOSPITALS,Computer services,18,0,0,0,0
Gauteng,HEALTH,Provincial Hospital Services,DENTAL TRAINING HOSPITALS,Consultants: Business and advisory services,59,0,14,100,100
Gauteng,HEALTH,Provincial Hospital Services,DENTAL TRAINING HOSPITALS,Consumable supplies,5948,6622,7179,8176,10436
Gauteng,HEALTH,Provincial Hospital Services,DENTAL TRAINING HOSPITALS,"Consumables: Stationery, printing and office supplies",1217,2505,2980,3075,2675
Gauteng,HEALTH,Provincial Hospital Services,DENTAL TRAINING HOSPITALS,Contractors,2764,1993,476,3640,4040
Gauteng,HEALTH,Provincial Hospital Services,DENTAL TRAINING HOSPITALS,Fleet services (including government motor transport),143,195,84,500,500
Gauteng,HEALTH,Provincial Hospital Services,DENTAL TRAINING HOSPITALS,Inventory: Clothing material and accessories,0,43,0,0,0
Gauteng,HEALTH,Provincial Hospital Services,DENTAL TRAINING HOSPITALS,Inventory: Food and food supplies,0,4,67,60,60
Gauteng,HEALTH,Provincial Hospital Services,DENTAL TRAINING HOSPITALS,"Inventory: Fuel, oil and gas",100,97,177,155,155
Gauteng,HEALTH,Provincial Hospital Services,DENTAL TRAINING HOSPITALS,Inventory: Materials and supplies,281,114,361,462,312
Gauteng,HEALTH,Provincial Hospital Services,DENTAL TRAINING HOSPITALS,Inventory: Medical supplies,35846,34033,45983,39615,39065
Gauteng,HEALTH,Provincial Hospital Services,DENTAL TRAINING HOSPITALS,Inventory: Medicine,5750,5957,9984,5572,5172
Gauteng,HEALTH,Provincial Hospital Services,DENTAL TRAINING HOSPITALS,Inventory: Other supplies,493,434,1560,2083,2483
Gauteng,HEALTH,Provincial Hospital Services,DENTAL TRAINING HOSPITALS,Laboratory services,1038,1387,1049,2300,2300
Gauteng,HEALTH,Provincial Hospital Services,DENTAL TRAINING HOSPITALS,Minor assets,383,415,342,1705,655
Gauteng,HEALTH,Provincial Hospital Services,DENTAL TRAINING HOSPITALS,Operating leases,6512,1994,2267,2760,2660
Gauteng,HEALTH,Provincial Hospital Services,DENTAL TRAINING HOSPITALS,Operating payments,187,20,11,180,180
Gauteng,HEALTH,Provincial Hospital Services,DENTAL TRAINING HOSPITALS,Property payments,2475,2204,5976,4500,4400
Gauteng,HEALTH,Provincial Hospital Services,DENTAL TRAINING HOSPITALS,Training and development,25,76,458,900,900
Gauteng,HEALTH,Provincial Hospital Services,DENTAL TRAINING HOSPITALS,Travel and subsistence,0,1,41,115,115
Gauteng,HEALTH,Provincial Hospital Services,DENTAL TRAINING HOSPITALS,Other transfers to households,0,653,831,0,0
Gauteng,HEALTH,Provincial Hospital Services,DENTAL TRAINING HOSPITALS,Social benefits,1514,1857,778,1130,1130
Gauteng,HEALTH,Provincial Hospital Services,DENTAL TRAINING HOSPITALS,Payments for financial assets,106,326,32,0,0
Gauteng,HEALTH,Provincial Hospital Services,OTHER SPECIALISED HOSPITALS,Other machinery and equipment,1089,736,915,1125,1125
Gauteng,HEALTH,Provincial Hospital Services,OTHER SPECIALISED HOSPITALS,Salaries and wages,81564,86710,90857,111041,111041
Gauteng,HEALTH,Provincial Hospital Services,OTHER SPECIALISED HOSPITALS,Social contributions,14447,16484,18151,17798,17798
Gauteng,HEALTH,Provincial Hospital Services,OTHER SPECIALISED HOSPITALS,Administrative fees,4,4,14,22,4
Gauteng,HEALTH,Provincial Hospital Services,OTHER SPECIALISED HOSPITALS,Agency and support/outsourced services,421,346,420,500,500
Gauteng,HEALTH,Provincial Hospital Services,OTHER SPECIALISED HOSPITALS,Communication (G&S),32,24,58,28,28
Gauteng,HEALTH,Provincial Hospital Services,OTHER SPECIALISED HOSPITALS,Consultants: Business and advisory services,7,10,5,18,16
Gauteng,HEALTH,Provincial Hospital Services,OTHER SPECIALISED HOSPITALS,Consumable supplies,665,1245,733,439,427
Gauteng,HEALTH,Provincial Hospital Services,OTHER SPECIALISED HOSPITALS,"Consumables: Stationery, printing and office supplies",99,315,168,630,547
Gauteng,HEALTH,Provincial Hospital Services,OTHER SPECIALISED HOSPITALS,Contractors,196,29,189,200,250
Gauteng,HEALTH,Provincial Hospital Services,OTHER SPECIALISED HOSPITALS,Fleet services (including government motor transport),146,95,46,100,100
Gauteng,HEALTH,Provincial Hospital Services,OTHER SPECIALISED HOSPITALS,Inventory: Food and food supplies,1843,1865,1919,2080,2080
Gauteng,HEALTH,Provincial Hospital Services,OTHER SPECIALISED HOSPITALS,"Inventory: Fuel, oil and gas",3,44,40,20,20
Gauteng,HEALTH,Provincial Hospital Services,OTHER SPECIALISED HOSPITALS,Inventory: Materials and supplies,18,67,33,28,36
Gauteng,HEALTH,Provincial Hospital Services,OTHER SPECIALISED HOSPITALS,Inventory: Medical supplies,2832,2851,3163,2835,4858
Gauteng,HEALTH,Provincial Hospital Services,OTHER SPECIALISED HOSPITALS,Inventory: Medicine,1066,927,1205,1654,1665
Gauteng,HEALTH,Provincial Hospital Services,OTHER SPECIALISED HOSPITALS,Inventory: Other supplies,616,90,596,605,590
Gauteng,HEALTH,Provincial Hospital Services,OTHER SPECIALISED HOSPITALS,Laboratory services,56,72,25,60,60
Gauteng,HEALTH,Provincial Hospital Services,OTHER SPECIALISED HOSPITALS,Minor assets,88,32,33,100,143
Gauteng,HEALTH,Provincial Hospital Services,OTHER SPECIALISED HOSPITALS,Operating leases,500,656,471,800,800
Gauteng,HEALTH,Provincial Hospital Services,OTHER SPECIALISED HOSPITALS,Property payments,6290,12631,22737,10761,22756
Gauteng,HEALTH,Provincial Hospital Services,OTHER SPECIALISED HOSPITALS,Training and development,60,22,33,50,80
Gauteng,HEALTH,Provincial Hospital Services,OTHER SPECIALISED HOSPITALS,Travel and subsistence,0,0,29,30,0
Gauteng,HEALTH,Provincial Hospital Services,OTHER SPECIALISED HOSPITALS,Social benefits,441,140,91,150,150
Gauteng,HEALTH,Provincial Hospital Services,OTHER SPECIALISED HOSPITALS,Payments for financial assets,16,38,19,0,0
Gauteng,HEALTH,Central Hospital Services,CENTRAL HOSPITAL SERVICES,Other machinery and equipment,394498,264263,852884,451868,630564
Gauteng,HEALTH,Central Hospital Services,CENTRAL HOSPITAL SERVICES,Transport equipment,811,1051,0,1000,1000
Gauteng,HEALTH,Central Hospital Services,CENTRAL HOSPITAL SERVICES,Salaries and wages,9610833,9695166,10265869,10783725,10772740
Gauteng,HEALTH,Central Hospital Services,CENTRAL HOSPITAL SERVICES,Social contributions,1084392,1178349,1277368,1266104,1266104
Gauteng,HEALTH,Central Hospital Services,CENTRAL HOSPITAL SERVICES,Administrative fees,869,513,714,522,572
Gauteng,HEALTH,Central Hospital Services,CENTRAL HOSPITAL SERVICES,Advertising,209,242,431,552,552
Gauteng,HEALTH,Central Hospital Services,CENTRAL HOSPITAL SERVICES,Agency and support/outsourced services,95504,93076,104050,82500,110450
Gauteng,HEALTH,Central Hospital Services,CENTRAL HOSPITAL SERVICES,Catering: Departmental activities,50,56,25,65,65
Gauteng,HEALTH,Central Hospital Services,CENTRAL HOSPITAL SERVICES,Communication (G&S),14747,14753,7835,11689,10189
Gauteng,HEALTH,Central Hospital Services,CENTRAL HOSPITAL SERVICES,Computer services,4557,7270,2781,8100,8100
Gauteng,HEALTH,Central Hospital Services,CENTRAL HOSPITAL SERVICES,Consultants: Business and advisory services,52,17,12,60,160
Gauteng,HEALTH,Central Hospital Services,CENTRAL HOSPITAL SERVICES,Consumable supplies,258880,408172,169114,154667,95541
Gauteng,HEALTH,Central Hospital Services,CENTRAL HOSPITAL SERVICES,"Consumables: Stationery, printing and office supplies",43160,48997,52605,45825,49245
Gauteng,HEALTH,Central Hospital Services,CENTRAL HOSPITAL SERVICES,Contractors,131972,136706,140800,473573,474473
Gauteng,HEALTH,Central Hospital Services,CENTRAL HOSPITAL SERVICES,Fleet services (including government motor transport),3897,4468,1939,4992,4992
Gauteng,HEALTH,Central Hospital Services,CENTRAL HOSPITAL SERVICES,Inventory: Clothing material and accessories,0,120,0,0,0
Gauteng,HEALTH,Central Hospital Services,CENTRAL HOSPITAL SERVICES,Inventory: Food and food supplies,107618,136083,154824,159950,172050
Gauteng,HEALTH,Central Hospital Services,CENTRAL HOSPITAL SERVICES,"Inventory: Fuel, oil and gas",34181,54456,171246,176048,176048
Gauteng,HEALTH,Central Hospital Services,CENTRAL HOSPITAL SERVICES,Inventory: Materials and supplies,17142,12712,18597,14200,14700
Gauteng,HEALTH,Central Hospital Services,CENTRAL HOSPITAL SERVICES,Inventory: Medical supplies,1679030,1824399,2062544,1674593,1744873
Gauteng,HEALTH,Central Hospital Services,CENTRAL HOSPITAL SERVICES,Inventory: Medicine,669937,698590,711537,789899,789899
Gauteng,HEALTH,Central Hospital Services,CENTRAL HOSPITAL SERVICES,Inventory: Other supplies,49561,61810,68471,68265,64415
Gauteng,HEALTH,Central Hospital Services,CENTRAL HOSPITAL SERVICES,Laboratory services,805150,725340,659764,723377,723377
Gauteng,HEALTH,Central Hospital Services,CENTRAL HOSPITAL SERVICES,Legal services (G&S),1,1553,0,0,0
Gauteng,HEALTH,Central Hospital Services,CENTRAL HOSPITAL SERVICES,Minor assets,5577,15895,4305,10396,10256
Gauteng,HEALTH,Central Hospital Services,CENTRAL HOSPITAL SERVICES,Operating leases,24412,33949,33679,40380,39380
Gauteng,HEALTH,Central Hospital Services,CENTRAL HOSPITAL SERVICES,Operating payments,9156,4062,1610,5760,430
Gauteng,HEALTH,Central Hospital Services,CENTRAL HOSPITAL SERVICES,Property payments,413629,750142,735843,480688,634658
Gauteng,HEALTH,Central Hospital Services,CENTRAL HOSPITAL SERVICES,Rental and hiring,0,0,0,480,480
Gauteng,HEALTH,Central Hospital Services,CENTRAL HOSPITAL SERVICES,Training and development,631,425,1556,2000,1986
Gauteng,HEALTH,Central Hospital Services,CENTRAL HOSPITAL SERVICES,Transport provided: Departmental activity,88,94,0,0,0
Gauteng,HEALTH,Central Hospital Services,CENTRAL HOSPITAL SERVICES,Travel and subsistence,715,1327,1289,1685,1875
Gauteng,HEALTH,Central Hospital Services,CENTRAL HOSPITAL SERVICES,Venues and facilities,200,0,174,500,0
Gauteng,HEALTH,Central Hospital Services,CENTRAL HOSPITAL SERVICES,Social benefits,40664,40919,37473,36960,36960
Gauteng,HEALTH,Central Hospital Services,CENTRAL HOSPITAL SERVICES,Non-profit institutions,299000,315000,329000,343000,343000
Gauteng,HEALTH,Central Hospital Services,CENTRAL HOSPITAL SERVICES,Payments for financial assets,2720,3660,3712,0,0
Gauteng,HEALTH,Central Hospital Services,PROVINCIAL TERTIARY HOSPITAL SERVICES,Heritage assets,0,0,0,0,0
Gauteng,HEALTH,Central Hospital Services,PROVINCIAL TERTIARY HOSPITAL SERVICES,Other machinery and equipment,99890,92214,88486,167803,232857
Gauteng,HEALTH,Central Hospital Services,PROVINCIAL TERTIARY HOSPITAL SERVICES,Transport equipment,0,1024,0,1000,1000
Gauteng,HEALTH,Central Hospital Services,PROVINCIAL TERTIARY HOSPITAL SERVICES,Salaries and wages,3026292,3073710,3164911,3626964,3635964
Gauteng,HEALTH,Central Hospital Services,PROVINCIAL TERTIARY HOSPITAL SERVICES,Social contributions,333980,372318,400815,412470,403470
Gauteng,HEALTH,Central Hospital Services,PROVINCIAL TERTIARY HOSPITAL SERVICES,Administrative fees,504,273,357,519,469
Gauteng,HEALTH,Central Hospital Services,PROVINCIAL TERTIARY HOSPITAL SERVICES,Advertising,1,11,19,137,77
Gauteng,HEALTH,Central Hospital Services,PROVINCIAL TERTIARY HOSPITAL SERVICES,Agency and support/outsourced services,35256,21059,19976,25710,25010
Gauteng,HEALTH,Central Hospital Services,PROVINCIAL TERTIARY HOSPITAL SERVICES,Communication (G&S),893,196,76,545,245
Gauteng,HEALTH,Central Hospital Services,PROVINCIAL TERTIARY HOSPITAL SERVICES,Computer services,163,0,0,0,0
Gauteng,HEALTH,Central Hospital Services,PROVINCIAL TERTIARY HOSPITAL SERVICES,Consultants: Business and advisory services,4,33,41,127,127
Gauteng,HEALTH,Central Hospital Services,PROVINCIAL TERTIARY HOSPITAL SERVICES,Consumable supplies,53780,50678,28833,26380,36070
Gauteng,HEALTH,Central Hospital Services,PROVINCIAL TERTIARY HOSPITAL SERVICES,"Consumables: Stationery, printing and office supplies",31300,13495,11353,23015,23015
Gauteng,HEALTH,Central Hospital Services,PROVINCIAL TERTIARY HOSPITAL SERVICES,Contractors,41082,37426,28387,34910,44972
Gauteng,HEALTH,Central Hospital Services,PROVINCIAL TERTIARY HOSPITAL SERVICES,Fleet services (including government motor transport),940,1437,679,1050,1050
Gauteng,HEALTH,Central Hospital Services,PROVINCIAL TERTIARY HOSPITAL SERVICES,Inventory: Food and food supplies,61628,53596,62642,56100,76568
Gauteng,HEALTH,Central Hospital Services,PROVINCIAL TERTIARY HOSPITAL SERVICES,"Inventory: Fuel, oil and gas",39516,38164,28214,41015,32215
Gauteng,HEALTH,Central Hospital Services,PROVINCIAL TERTIARY HOSPITAL SERVICES,Inventory: Materials and supplies,2649,4481,2438,2190,1162
Gauteng,HEALTH,Central Hospital Services,PROVINCIAL TERTIARY HOSPITAL SERVICES,Inventory: Medical supplies,1263970,558849,433011,574480,523676
Gauteng,HEALTH,Central Hospital Services,PROVINCIAL TERTIARY HOSPITAL SERVICES,Inventory: Medicine,214734,218931,229956,181588,189368
Gauteng,HEALTH,Central Hospital Services,PROVINCIAL TERTIARY HOSPITAL SERVICES,Inventory: Other supplies,18331,12025,16668,21280,20280
Gauteng,HEALTH,Central Hospital Services,PROVINCIAL TERTIARY HOSPITAL SERVICES,Laboratory services,283230,263350,141549,203092,203092
Gauteng,HEALTH,Central Hospital Services,PROVINCIAL TERTIARY HOSPITAL SERVICES,Legal services (G&S),8996,488,0,0,0
Gauteng,HEALTH,Central Hospital Services,PROVINCIAL TERTIARY HOSPITAL SERVICES,Minor assets,1485,477,1441,5771,5671
Gauteng,HEALTH,Central Hospital Services,PROVINCIAL TERTIARY HOSPITAL SERVICES,Operating leases,8918,12321,15662,18500,17200
Gauteng,HEALTH,Central Hospital Services,PROVINCIAL TERTIARY HOSPITAL SERVICES,Operating payments,0,0,73,1010,22
Gauteng,HEALTH,Central Hospital Services,PROVINCIAL TERTIARY HOSPITAL SERVICES,Property payments,145828,177706,233841,176835,259065
Gauteng,HEALTH,Central Hospital Services,PROVINCIAL TERTIARY HOSPITAL SERVICES,Training and development,109,159,188,645,645
Gauteng,HEALTH,Central Hospital Services,PROVINCIAL TERTIARY HOSPITAL SERVICES,Transport provided: Departmental activity,0,3,0,20,20
Gauteng,HEALTH,Central Hospital Services,PROVINCIAL TERTIARY HOSPITAL SERVICES,Travel and subsistence,366,181,240,360,260
Gauteng,HEALTH,Central Hospital Services,PROVINCIAL TERTIARY HOSPITAL SERVICES,Social benefits,7683,10009,8053,9656,9656
Gauteng,HEALTH,Central Hospital Services,PROVINCIAL TERTIARY HOSPITAL SERVICES,Payments for financial assets,51,326,10,0,0
Gauteng,HEALTH,Health Sciences and Training,NURSE TRAINING COLLEGES,Other machinery and equipment,2309,2186,1503,6273,6273
Gauteng,HEALTH,Health Sciences and Training,NURSE TRAINING COLLEGES,Salaries and wages,397481,400783,397926,436684,436684
Gauteng,HEALTH,Health Sciences and Training,NURSE TRAINING COLLEGES,Social contributions,50656,52540,54972,60177,60177
Gauteng,HEALTH,Health Sciences and Training,NURSE TRAINING COLLEGES,Administrative fees,0,21,0,500,500
Gauteng,HEALTH,Health Sciences and Training,NURSE TRAINING COLLEGES,Advertising,65,94,0,250,250
Gauteng,HEALTH,Health Sciences and Training,NURSE TRAINING COLLEGES,Agency and support/outsourced services,0,0,0,10,10
Gauteng,HEALTH,Health Sciences and Training,NURSE TRAINING COLLEGES,Catering: Departmental activities,5,0,0,0,0
Gauteng,HEALTH,Health Sciences and Training,NURSE TRAINING COLLEGES,Communication (G&S),430,414,221,758,758
Gauteng,HEALTH,Health Sciences and Training,NURSE TRAINING COLLEGES,Computer services,0,0,0,5000,0
Gauteng,HEALTH,Health Sciences and Training,NURSE TRAINING COLLEGES,Consultants: Business and advisory services,6,1,15,20,20
Gauteng,HEALTH,Health Sciences and Training,NURSE TRAINING COLLEGES,Consumable supplies,2102,1880,2955,2879,2699
Gauteng,HEALTH,Health Sciences and Training,NURSE TRAINING COLLEGES,"Consumables: Stationery, printing and office supplies",2274,2146,2319,3790,3790
Gauteng,HEALTH,Health Sciences and Training,NURSE TRAINING COLLEGES,Contractors,22,258,32,90,90
Gauteng,HEALTH,Health Sciences and Training,NURSE TRAINING COLLEGES,Fleet services (including government motor transport),741,1131,528,1190,1090
Gauteng,HEALTH,Health Sciences and Training,NURSE TRAINING COLLEGES,Inventory: Clothing material and accessories,0,-6,0,0,0
Gauteng,HEALTH,Health Sciences and Training,NURSE TRAINING COLLEGES,Inventory: Food and food supplies,137,153,270,530,570
Gauteng,HEALTH,Health Sciences and Training,NURSE TRAINING COLLEGES,"Inventory: Fuel, oil and gas",241,120,68,170,181
Gauteng,HEALTH,Health Sciences and Training,NURSE TRAINING COLLEGES,Inventory: Learner and teacher support material,937,1135,489,1250,1083
Gauteng,HEALTH,Health Sciences and Training,NURSE TRAINING COLLEGES,Inventory: Materials and supplies,273,601,568,1226,1226
Gauteng,HEALTH,Health Sciences and Training,NURSE TRAINING COLLEGES,Inventory: Medical supplies,291,370,192,427,447
Gauteng,HEALTH,Health Sciences and Training,NURSE TRAINING COLLEGES,Inventory: Medicine,190,65,82,200,100
Gauteng,HEALTH,Health Sciences and Training,NURSE TRAINING COLLEGES,Inventory: Other supplies,333,705,759,760,760
Gauteng,HEALTH,Health Sciences and Training,NURSE TRAINING COLLEGES,Laboratory services,60,56,58,100,100
Gauteng,HEALTH,Health Sciences and Training,NURSE TRAINING COLLEGES,Minor assets,548,293,394,1071,1498
Gauteng,HEALTH,Health Sciences and Training,NURSE TRAINING COLLEGES,Operating leases,6022,9018,4113,9673,9564
Gauteng,HEALTH,Health Sciences and Training,NURSE TRAINING COLLEGES,Operating payments,32,0,110,1000,5
Gauteng,HEALTH,Health Sciences and Training,NURSE TRAINING COLLEGES,Property payments,18255,27102,34860,29603,29603
Gauteng,HEALTH,Health Sciences and Training,NURSE TRAINING COLLEGES,Rental and hiring,0,0,0,1000,0
Gauteng,HEALTH,Health Sciences and Training,NURSE TRAINING COLLEGES,Training and development,89,0,100,205,2000
Gauteng,HEALTH,Health Sciences and Training,NURSE TRAINING COLLEGES,Transport provided: Departmental activity,0,0,0,300,0
Gauteng,HEALTH,Health Sciences and Training,NURSE TRAINING COLLEGES,Travel and subsistence,110,162,221,1276,576
Gauteng,HEALTH,Health Sciences and Training,NURSE TRAINING COLLEGES,Venues and facilities,0,0,0,0,0
Gauteng,HEALTH,Health Sciences and Training,NURSE TRAINING COLLEGES,Higher education institutions,1176,570,0,0,0
Gauteng,HEALTH,Health Sciences and Training,NURSE TRAINING COLLEGES,Other transfers to households,25387,23989,22098,19405,25763
Gauteng,HEALTH,Health Sciences and Training,NURSE TRAINING COLLEGES,Social benefits,2619,1697,2471,1645,1645
Gauteng,HEALTH,Health Sciences and Training,NURSE TRAINING COLLEGES,Payments for financial assets,682,14130,440,0,0
Gauteng,HEALTH,Health Sciences and Training,EMS TRAINING COLLEGES,Other machinery and equipment,2471,2998,935,2445,2445
Gauteng,HEALTH,Health Sciences and Training,EMS TRAINING COLLEGES,Transport equipment,101,0,0,1300,1300
Gauteng,HEALTH,Health Sciences and Training,EMS TRAINING COLLEGES,Salaries and wages,25239,24158,25681,33058,33058
Gauteng,HEALTH,Health Sciences and Training,EMS TRAINING COLLEGES,Social contributions,4732,5065,5704,5106,5106
Gauteng,HEALTH,Health Sciences and Training,EMS TRAINING COLLEGES,Advertising,2,170,34,25,85
Gauteng,HEALTH,Health Sciences and Training,EMS TRAINING COLLEGES,Agency and support/outsourced services,7,4,6,6,6
Gauteng,HEALTH,Health Sciences and Training,EMS TRAINING COLLEGES,Bursaries: Employees,1338,4388,1875,1850,6850
Gauteng,HEALTH,Health Sciences and Training,EMS TRAINING COLLEGES,Catering: Departmental activities,98,119,360,200,200
Gauteng,HEALTH,Health Sciences and Training,EMS TRAINING COLLEGES,Communication (G&S),9,5,64,20,20
Gauteng,HEALTH,Health Sciences and Training,EMS TRAINING COLLEGES,Computer services,208,778,117,500,0
Gauteng,HEALTH,Health Sciences and Training,EMS TRAINING COLLEGES,Consumable supplies,1003,428,2364,2298,1888
Gauteng,HEALTH,Health Sciences and Training,EMS TRAINING COLLEGES,"Consumables: Stationery, printing and office supplies",693,812,874,635,915
Gauteng,HEALTH,Health Sciences and Training,EMS TRAINING COLLEGES,Contractors,1025,1398,471,2000,1870
Gauteng,HEALTH,Health Sciences and Training,EMS TRAINING COLLEGES,Fleet services (including government motor transport),943,1228,1752,1526,2026
Gauteng,HEALTH,Health Sciences and Training,EMS TRAINING COLLEGES,Inventory: Food and food supplies,18,7,63,70,70
Gauteng,HEALTH,Health Sciences and Training,EMS TRAINING COLLEGES,Inventory: Learner and teacher support material,0,389,104,400,400
Gauteng,HEALTH,Health Sciences and Training,EMS TRAINING COLLEGES,Inventory: Materials and supplies,934,510,160,350,350
Gauteng,HEALTH,Health Sciences and Training,EMS TRAINING COLLEGES,Inventory: Medical supplies,387,420,817,670,670
Gauteng,HEALTH,Health Sciences and Training,EMS TRAINING COLLEGES,Inventory: Medicine,264,517,76,0,0
Gauteng,HEALTH,Health Sciences and Training,EMS TRAINING COLLEGES,Inventory: Other supplies,9,0,349,80,90
Gauteng,HEALTH,Health Sciences and Training,EMS TRAINING COLLEGES,Minor assets,474,477,259,6,6
Gauteng,HEALTH,Health Sciences and Training,EMS TRAINING COLLEGES,Operating leases,26,135,314,350,350
Gauteng,HEALTH,Health Sciences and Training,EMS TRAINING COLLEGES,Operating payments,-47,16,53,160,160
Gauteng,HEALTH,Health Sciences and Training,EMS TRAINING COLLEGES,Property payments,6808,4498,5782,5360,5360
Gauteng,HEALTH,Health Sciences and Training,EMS TRAINING COLLEGES,Training and development,720,612,1278,1300,1450
Gauteng,HEALTH,Health Sciences and Training,EMS TRAINING COLLEGES,Travel and subsistence,52,168,194,190,230
Gauteng,HEALTH,Health Sciences and Training,EMS TRAINING COLLEGES,Social benefits,75,145,0,50,50
Gauteng,HEALTH,Health Sciences and Training,EMS TRAINING COLLEGES,Payments for financial assets,86,429,78,0,0
Gauteng,HEALTH,Health Sciences and Training,BURSARIES,Salaries and wages,0,-37,0,0,0
Gauteng,HEALTH,Health Sciences and Training,BURSARIES,Social contributions,0,-10,0,0,0
Gauteng,HEALTH,Health Sciences and Training,BURSARIES,Bursaries: Employees,1843,13585,12130,13505,33505
Gauteng,HEALTH,Health Sciences and Training,BURSARIES,Other transfers to households,6146,22203,95605,168469,43469
Gauteng,HEALTH,Health Sciences and Training,OTHER TRAINING,Other machinery and equipment,0,0,580,2758,2758
Gauteng,HEALTH,Health Sciences and Training,OTHER TRAINING,Salaries and wages,32881,31247,33111,48169,48169
Gauteng,HEALTH,Health Sciences and Training,OTHER TRAINING,Social contributions,4146,4959,4910,5119,5119
Gauteng,HEALTH,Health Sciences and Training,OTHER TRAINING,Administrative fees,0,10,2,8,8
Gauteng,HEALTH,Health Sciences and Training,OTHER TRAINING,Agency and support/outsourced services,0,4,4,588,588
Gauteng,HEALTH,Health Sciences and Training,OTHER TRAINING,Catering: Departmental activities,272,504,471,893,893
Gauteng,HEALTH,Health Sciences and Training,OTHER TRAINING,Communication (G&S),0,0,0,0,0
Gauteng,HEALTH,Health Sciences and Training,OTHER TRAINING,Consultants: Business and advisory services,421,9,0,5149,5149
Gauteng,HEALTH,Health Sciences and Training,OTHER TRAINING,Consumable supplies,8,12,161,230,230
Gauteng,HEALTH,Health Sciences and Training,OTHER TRAINING,"Consumables: Stationery, printing and office supplies",94,70,157,370,370
Gauteng,HEALTH,Health Sciences and Training,OTHER TRAINING,Contractors,0,0,0,300,300
Gauteng,HEALTH,Health Sciences and Training,OTHER TRAINING,Fleet services (including government motor transport),0,0,31,0,0
Gauteng,HEALTH,Health Sciences and Training,OTHER TRAINING,Inventory: Clothing material and accessories,0,26,0,0,0
Gauteng,HEALTH,Health Sciences and Training,OTHER TRAINING,Inventory: Food and food supplies,2,0,0,0,0
Gauteng,HEALTH,Health Sciences and Training,OTHER TRAINING,Inventory: Materials and supplies,0,0,1,0,0
Gauteng,HEALTH,Health Sciences and Training,OTHER TRAINING,Inventory: Medical supplies,0,56,188,200,200
Gauteng,HEALTH,Health Sciences and Training,OTHER TRAINING,Inventory: Other supplies,0,1,2,0,0
Gauteng,HEALTH,Health Sciences and Training,OTHER TRAINING,Laboratory services,23,179,23,50,50
Gauteng,HEALTH,Health Sciences and Training,OTHER TRAINING,Legal services (G&S),0,0,494,0,0
Gauteng,HEALTH,Health Sciences and Training,OTHER TRAINING,Minor assets,2,0,24,35,35
Gauteng,HEALTH,Health Sciences and Training,OTHER TRAINING,Operating leases,0,0,76,0,0
Gauteng,HEALTH,Health Sciences and Training,OTHER TRAINING,Rental and hiring,0,0,0,800,800
Gauteng,HEALTH,Health Sciences and Training,OTHER TRAINING,Training and development,3185,1388,2892,6039,6039
Gauteng,HEALTH,Health Sciences and Training,OTHER TRAINING,Travel and subsistence,1638,3989,2429,7001,7001
Gauteng,HEALTH,Health Sciences and Training,OTHER TRAINING,Venues and facilities,563,2687,299,800,800
Gauteng,HEALTH,Health Sciences and Training,OTHER TRAINING,Departmental agencies (non-business entities),25819,26955,26955,27354,27354
Gauteng,HEALTH,Health Sciences and Training,OTHER TRAINING,Other transfers to households,0,112,0,0,0
Gauteng,HEALTH,Health Sciences and Training,OTHER TRAINING,Social benefits,21,87,170,0,0
Gauteng,HEALTH,Health Sciences and Training,OTHER TRAINING,Payments for financial assets,5,0,0,0,0
Gauteng,HEALTH,Health Care Support Services,LAUNDRIES,Other machinery and equipment,1210,74,1,2349,2349
Gauteng,HEALTH,Health Care Support Services,LAUNDRIES,Salaries and wages,152216,154018,160804,170804,170804
Gauteng,HEALTH,Health Care Support Services,LAUNDRIES,Social contributions,37583,41408,46118,40214,40214
Gauteng,HEALTH,Health Care Support Services,LAUNDRIES,Agency and support/outsourced services,35,29,47,55,55
Gauteng,HEALTH,Health Care Support Services,LAUNDRIES,Catering: Departmental activities,0,0,13,60,60
Gauteng,HEALTH,Health Care Support Services,LAUNDRIES,Communication (G&S),341,315,237,526,411
Gauteng,HEALTH,Health Care Support Services,LAUNDRIES,Consumable supplies,87430,84084,58107,72290,72490
Gauteng,HEALTH,Health Care Support Services,LAUNDRIES,"Consumables: Stationery, printing and office supplies",392,688,277,1358,1358
Gauteng,HEALTH,Health Care Support Services,LAUNDRIES,Contractors,14,80,407,499,499
Gauteng,HEALTH,Health Care Support Services,LAUNDRIES,Fleet services (including government motor transport),2981,4421,1046,6285,6285
Gauteng,HEALTH,Health Care Support Services,LAUNDRIES,Inventory: Food and food supplies,25,18,331,520,520
Gauteng,HEALTH,Health Care Support Services,LAUNDRIES,"Inventory: Fuel, oil and gas",12157,14862,23073,30427,29627
Gauteng,HEALTH,Health Care Support Services,LAUNDRIES,Inventory: Materials and supplies,12,120,12,634,634
Gauteng,HEALTH,Health Care Support Services,LAUNDRIES,Inventory: Medical supplies,914,3472,747,941,1241
Gauteng,HEALTH,Health Care Support Services,LAUNDRIES,Inventory: Other supplies,4872,1593,2335,3656,3656
Gauteng,HEALTH,Health Care Support Services,LAUNDRIES,Minor assets,49,0,151,41,156
Gauteng,HEALTH,Health Care Support Services,LAUNDRIES,Operating leases,7725,13918,1802,8480,5571
Gauteng,HEALTH,Health Care Support Services,LAUNDRIES,Operating payments,780,0,0,0,0
Gauteng,HEALTH,Health Care Support Services,LAUNDRIES,Property payments,25883,23228,27617,33623,44832
Gauteng,HEALTH,Health Care Support Services,LAUNDRIES,Training and development,1,0,8,142,142
Gauteng,HEALTH,Health Care Support Services,LAUNDRIES,Travel and subsistence,1,1,1,3,3
Gauteng,HEALTH,Health Care Support Services,LAUNDRIES,Interest (Incl. interest on unitary payments (PPP)),0,0,19,0,0
Gauteng,HEALTH,Health Care Support Services,LAUNDRIES,Social benefits,491,504,275,265,265
Gauteng,HEALTH,Health Care Support Services,LAUNDRIES,Payments for financial assets,104,30,47,0,0
Gauteng,HEALTH,Health Care Support Services,FOOD SUPPLY SERVICES,Other machinery and equipment,95,246,15,835,835
Gauteng,HEALTH,Health Care Support Services,FOOD SUPPLY SERVICES,Salaries and wages,25733,24813,23895,28358,28358
Gauteng,HEALTH,Health Care Support Services,FOOD SUPPLY SERVICES,Social contributions,5903,6267,6408,6575,6575
Gauteng,HEALTH,Health Care Support Services,FOOD SUPPLY SERVICES,Agency and support/outsourced services,0,0,23,28,28
Gauteng,HEALTH,Health Care Support Services,FOOD SUPPLY SERVICES,Communication (G&S),0,0,1,4,4
Gauteng,HEALTH,Health Care Support Services,FOOD SUPPLY SERVICES,Consumable supplies,9274,15488,21835,17640,15640
Gauteng,HEALTH,Health Care Support Services,FOOD SUPPLY SERVICES,"Consumables: Stationery, printing and office supplies",398,68,284,400,400
Gauteng,HEALTH,Health Care Support Services,FOOD SUPPLY SERVICES,Contractors,1,0,0,696,400
Gauteng,HEALTH,Health Care Support Services,FOOD SUPPLY SERVICES,Fleet services (including government motor transport),0,0,0,1,1
Gauteng,HEALTH,Health Care Support Services,FOOD SUPPLY SERVICES,Inventory: Food and food supplies,22908,37208,70439,44210,53506
Gauteng,HEALTH,Health Care Support Services,FOOD SUPPLY SERVICES,"Inventory: Fuel, oil and gas",22635,5595,1560,11252,14252
Gauteng,HEALTH,Health Care Support Services,FOOD SUPPLY SERVICES,Inventory: Materials and supplies,27,0,0,20,20
Gauteng,HEALTH,Health Care Support Services,FOOD SUPPLY SERVICES,Inventory: Medical supplies,1339,836,1207,3030,1030
Gauteng,HEALTH,Health Care Support Services,FOOD SUPPLY SERVICES,Inventory: Other supplies,340,90,79,600,600
Gauteng,HEALTH,Health Care Support Services,FOOD SUPPLY SERVICES,Laboratory services,7890,0,0,0,0
Gauteng,HEALTH,Health Care Support Services,FOOD SUPPLY SERVICES,Operating leases,0,320,160,0,0
Gauteng,HEALTH,Health Care Support Services,FOOD SUPPLY SERVICES,Property payments,5503,5365,13097,10030,20030
Gauteng,HEALTH,Health Care Support Services,FOOD SUPPLY SERVICES,Training and development,0,0,58,65,65
Gauteng,HEALTH,Health Care Support Services,FOOD SUPPLY SERVICES,Social benefits,40,202,228,106,106
Gauteng,HEALTH,Health Care Support Services,MEDICINE TRADING ACCOUNT,Contractors,0,0,0,1,1
Gauteng,HEALTH,Health Facilities Management,COMMUNITY HEALTH FACILITIES,Buildings,56808,74203,50008,175907,81623
Gauteng,HEALTH,Health Facilities Management,COMMUNITY HEALTH FACILITIES,Other machinery and equipment,1151,331,2064,4780,4780
Gauteng,HEALTH,Health Facilities Management,COMMUNITY HEALTH FACILITIES,Catering: Departmental activities,11,0,0,0,0
Gauteng,HEALTH,Health Facilities Management,COMMUNITY HEALTH FACILITIES,Consumable supplies,2,0,96,0,0
Gauteng,HEALTH,Health Facilities Management,COMMUNITY HEALTH FACILITIES,Inventory: Materials and supplies,56,12,0,0,0
Gauteng,HEALTH,Health Facilities Management,COMMUNITY HEALTH FACILITIES,Inventory: Medical supplies,421,1,30,0,0
Gauteng,HEALTH,Health Facilities Management,COMMUNITY HEALTH FACILITIES,Minor assets,33,0,312,0,0
Gauteng,HEALTH,Health Facilities Management,COMMUNITY HEALTH FACILITIES,Property payments,233398,165666,177290,150444,158842
Gauteng,HEALTH,Health Facilities Management,EMERGENCY MEDICAL RESCUE SERVICES,Buildings,4285,0,0,0,0
Gauteng,HEALTH,Health Facilities Management,EMERGENCY MEDICAL RESCUE SERVICES,Property payments,3141,8791,305,1800,1800
Gauteng,HEALTH,Health Facilities Management,DISTRICT HOSPITAL SERVICES,Buildings,7769,12299,21846,99369,5770
Gauteng,HEALTH,Health Facilities Management,DISTRICT HOSPITAL SERVICES,Other machinery and equipment,0,0,0,116,0
Gauteng,HEALTH,Health Facilities Management,DISTRICT HOSPITAL SERVICES,Salaries and wages,0,1133,0,0,0
Gauteng,HEALTH,Health Facilities Management,DISTRICT HOSPITAL SERVICES,Consumable supplies,0,28,0,0,0
Gauteng,HEALTH,Health Facilities Management,DISTRICT HOSPITAL SERVICES,Inventory: Food and food supplies,0,12,0,0,0
Gauteng,HEALTH,Health Facilities Management,DISTRICT HOSPITAL SERVICES,Inventory: Materials and supplies,1,0,0,0,0
Gauteng,HEALTH,Health Facilities Management,DISTRICT HOSPITAL SERVICES,Inventory: Medical supplies,2,0,116,0,0
Gauteng,HEALTH,Health Facilities Management,DISTRICT HOSPITAL SERVICES,Property payments,90054,207490,282179,171799,176821
Gauteng,HEALTH,Health Facilities Management,PROVINCIAL HOSPITAL SERVICES,Buildings,41618,40388,32686,146835,38632
Gauteng,HEALTH,Health Facilities Management,PROVINCIAL HOSPITAL SERVICES,Other machinery and equipment,0,578,18684,3000,10400
Gauteng,HEALTH,Health Facilities Management,PROVINCIAL HOSPITAL SERVICES,Consumable supplies,145,0,269,0,0
Gauteng,HEALTH,Health Facilities Management,PROVINCIAL HOSPITAL SERVICES,"Consumables: Stationery, printing and office supplies",66,0,0,0,0
Gauteng,HEALTH,Health Facilities Management,PROVINCIAL HOSPITAL SERVICES,Contractors,7,0,0,0,0
Gauteng,HEALTH,Health Facilities Management,PROVINCIAL HOSPITAL SERVICES,Inventory: Materials and supplies,0,0,231,0,0
Gauteng,HEALTH,Health Facilities Management,PROVINCIAL HOSPITAL SERVICES,Inventory: Medical supplies,688,0,0,0,0
Gauteng,HEALTH,Health Facilities Management,PROVINCIAL HOSPITAL SERVICES,Inventory: Other supplies,0,0,883,0,0
Gauteng,HEALTH,Health Facilities Management,PROVINCIAL HOSPITAL SERVICES,Laboratory services,4,0,0,0,0
Gauteng,HEALTH,Health Facilities Management,PROVINCIAL HOSPITAL SERVICES,Minor assets,0,0,14,0,0
Gauteng,HEALTH,Health Facilities Management,PROVINCIAL HOSPITAL SERVICES,Property payments,241740,334915,422856,243851,453876
Gauteng,HEALTH,Health Facilities Management,CENTRAL HOSPITAL SERVICES,Buildings,196179,79112,154872,216407,186972
Gauteng,HEALTH,Health Facilities Management,CENTRAL HOSPITAL SERVICES,Other machinery and equipment,0,812,7258,0,0
Gauteng,HEALTH,Health Facilities Management,CENTRAL HOSPITAL SERVICES,Salaries and wages,0,18,0,0,0
Gauteng,HEALTH,Health Facilities Management,CENTRAL HOSPITAL SERVICES,Consumable supplies,0,0,192,0,0
Gauteng,HEALTH,Health Facilities Management,CENTRAL HOSPITAL SERVICES,Inventory: Food and food supplies,1166,76,0,0,0
Gauteng,HEALTH,Health Facilities Management,CENTRAL HOSPITAL SERVICES,Inventory: Materials and supplies,0,0,1664,0,0
Gauteng,HEALTH,Health Facilities Management,CENTRAL HOSPITAL SERVICES,Inventory: Medical supplies,0,36,0,0,0
Gauteng,HEALTH,Health Facilities Management,CENTRAL HOSPITAL SERVICES,Inventory: Other supplies,0,0,137,0,0
Gauteng,HEALTH,Health Facilities Management,CENTRAL HOSPITAL SERVICES,Minor assets,0,0,362,0,0
Gauteng,HEALTH,Health Facilities Management,CENTRAL HOSPITAL SERVICES,Property payments,315636,455934,537656,121233,275268
Gauteng,HEALTH,Health Facilities Management,OTHER FACILITIES,Buildings,128251,154658,94225,54909,164639
Gauteng,HEALTH,Health Facilities Management,OTHER FACILITIES,Other machinery and equipment,1353,0,2355,4410,34510
Gauteng,HEALTH,Health Facilities Management,OTHER FACILITIES,Salaries and wages,37063,36763,29933,51337,51337
Gauteng,HEALTH,Health Facilities Management,OTHER FACILITIES,Social contributions,5821,6368,5922,6571,6571
Gauteng,HEALTH,Health Facilities Management,OTHER FACILITIES,Advertising,0,0,0,100,100
Gauteng,HEALTH,Health Facilities Management,OTHER FACILITIES,Agency and support/outsourced services,0,0,0,0,0
Gauteng,HEALTH,Health Facilities Management,OTHER FACILITIES,Catering: Departmental activities,5,17,40,60,60
Gauteng,HEALTH,Health Facilities Management,OTHER FACILITIES,Communication (G&S),0,0,0,10,10
Gauteng,HEALTH,Health Facilities Management,OTHER FACILITIES,Consumable supplies,543,772,627,1070,1070
Gauteng,HEALTH,Health Facilities Management,OTHER FACILITIES,"Consumables: Stationery, printing and office supplies",0,0,0,150,150
Gauteng,HEALTH,Health Facilities Management,OTHER FACILITIES,Contractors,2156,1839,1694,0,0
Gauteng,HEALTH,Health Facilities Management,OTHER FACILITIES,Inventory: Food and food supplies,0,2,0,0,0
Gauteng,HEALTH,Health Facilities Management,OTHER FACILITIES,Inventory: Materials and supplies,0,0,34,0,0
Gauteng,HEALTH,Health Facilities Management,OTHER FACILITIES,Inventory: Medical supplies,0,0,72,0,0
Gauteng,HEALTH,Health Facilities Management,OTHER FACILITIES,Inventory: Other supplies,0,0,13,0,0
Gauteng,HEALTH,Health Facilities Management,OTHER FACILITIES,Legal services (G&S),0,2938,0,0,0
Gauteng,HEALTH,Health Facilities Management,OTHER FACILITIES,Minor assets,0,0,136,360,360
Gauteng,HEALTH,Health Facilities Management,OTHER FACILITIES,Operating leases,83962,94437,104523,84446,84446
Gauteng,HEALTH,Health Facilities Management,OTHER FACILITIES,Operating payments,71,0,0,50,50
Gauteng,HEALTH,Health Facilities Management,OTHER FACILITIES,Property payments,211151,151651,154827,356232,247159
Gauteng,HEALTH,Health Facilities Management,OTHER FACILITIES,Training and development,252,63,0,1000,1000
Gauteng,HEALTH,Health Facilities Management,OTHER FACILITIES,Travel and subsistence,438,682,751,1400,1400
Gauteng,HEALTH,Health Facilities Management,OTHER FACILITIES,Social benefits,22,110,55,0,0
Gauteng,HEALTH,Health Facilities Management,OTHER FACILITIES,Payments for financial assets,0,0,25,0,0
KwaZulu-Natal,HEALTH,Administration,OFFICE OF THE MEC,Other machinery and equipment,0,63,0,163,163
KwaZulu-Natal,HEALTH,Administration,OFFICE OF THE MEC,Transport equipment,752,1976,483,1640,1640
KwaZulu-Natal,HEALTH,Administration,OFFICE OF THE MEC,Salaries and wages,13457,12782,12015,12918,11550
KwaZulu-Natal,HEALTH,Administration,OFFICE OF THE MEC,Social contributions,1310,1210,1042,1400,1034
KwaZulu-Natal,HEALTH,Administration,OFFICE OF THE MEC,Administrative fees,973,1063,828,867,1915
KwaZulu-Natal,HEALTH,Administration,OFFICE OF THE MEC,Catering: Departmental activities,1339,373,279,205,1574
KwaZulu-Natal,HEALTH,Administration,OFFICE OF THE MEC,Communication (G&S),195,194,195,203,1049
KwaZulu-Natal,HEALTH,Administration,OFFICE OF THE MEC,Consultants: Business and advisory services,187,0,0,0,0
KwaZulu-Natal,HEALTH,Administration,OFFICE OF THE MEC,Consumable supplies,22,29,40,188,43
KwaZulu-Natal,HEALTH,Administration,OFFICE OF THE MEC,"Consumables: Stationery, printing and office supplies",38,72,11,84,53
KwaZulu-Natal,HEALTH,Administration,OFFICE OF THE MEC,Contractors,0,14,0,53,144
KwaZulu-Natal,HEALTH,Administration,OFFICE OF THE MEC,Fleet services (including government motor transport),2494,2736,2205,2667,2505
KwaZulu-Natal,HEALTH,Administration,OFFICE OF THE MEC,Inventory: Food and food supplies,164,163,185,687,336
KwaZulu-Natal,HEALTH,Administration,OFFICE OF THE MEC,Inventory: Materials and supplies,5,4,0,6,4
KwaZulu-Natal,HEALTH,Administration,OFFICE OF THE MEC,Minor assets,17,19,0,20,12
KwaZulu-Natal,HEALTH,Administration,OFFICE OF THE MEC,Property payments,4,6,6,8,3
KwaZulu-Natal,HEALTH,Administration,OFFICE OF THE MEC,Rental and hiring,552,251,127,537,1376
KwaZulu-Natal,HEALTH,Administration,OFFICE OF THE MEC,Transport provided: Departmental activity,24,214,81,511,291
KwaZulu-Natal,HEALTH,Administration,OFFICE OF THE MEC,Travel and subsistence,5174,6990,5846,5730,3435
KwaZulu-Natal,HEALTH,Administration,OFFICE OF THE MEC,Social benefits,14,0,100,0,0
KwaZulu-Natal,HEALTH,Administration,MANAGEMENT,Other machinery and equipment,44050,19000,9262,56913,57463
KwaZulu-Natal,HEALTH,Administration,MANAGEMENT,Transport equipment,10701,9247,9293,4636,3036
KwaZulu-Natal,HEALTH,Administration,MANAGEMENT,Salaries and wages,427192,446869,456878,496385,455331
KwaZulu-Natal,HEALTH,Administration,MANAGEMENT,Social contributions,59229,63673,66146,59426,67063
KwaZulu-Natal,HEALTH,Administration,MANAGEMENT,Administrative fees,1339,4660,5494,6355,4892
KwaZulu-Natal,HEALTH,Administration,MANAGEMENT,Advertising,37099,36335,30131,51201,30298
KwaZulu-Natal,HEALTH,Administration,MANAGEMENT,Agency and support/outsourced services,0,0,0,625,0
KwaZulu-Natal,HEALTH,Administration,MANAGEMENT,Audit costs: External,49900,72508,73347,82624,59395
KwaZulu-Natal,HEALTH,Administration,MANAGEMENT,Catering: Departmental activities,1839,3408,6872,10729,6574
KwaZulu-Natal,HEALTH,Administration,MANAGEMENT,Communication (G&S),57979,63933,80927,102317,68095
KwaZulu-Natal,HEALTH,Administration,MANAGEMENT,Computer services,127024,50208,156870,169777,288148
KwaZulu-Natal,HEALTH,Administration,MANAGEMENT,Consultants: Business and advisory services,38737,57846,63549,75623,45451
KwaZulu-Natal,HEALTH,Administration,MANAGEMENT,Consumable supplies,-3,173,54,130,55
KwaZulu-Natal,HEALTH,Administration,MANAGEMENT,"Consumables: Stationery, printing and office supplies",1988,2526,1423,6196,7122
KwaZulu-Natal,HEALTH,Administration,MANAGEMENT,Contractors,34,492,2310,3262,882
KwaZulu-Natal,HEALTH,Administration,MANAGEMENT,Entertainment,0,46,0,0,0
KwaZulu-Natal,HEALTH,Administration,MANAGEMENT,Fleet services (including government motor transport),20110,16248,15113,21648,25694
KwaZulu-Natal,HEALTH,Administration,MANAGEMENT,Inventory: Clothing material and accessories,-43,202,23,377,377
KwaZulu-Natal,HEALTH,Administration,MANAGEMENT,Inventory: Food and food supplies,3,11,26,73,47
KwaZulu-Natal,HEALTH,Administration,MANAGEMENT,"Inventory: Fuel, oil and gas",14,27,707,918,487
KwaZulu-Natal,HEALTH,Administration,MANAGEMENT,Inventory: Materials and supplies,22,13,51,55,38
KwaZulu-Natal,HEALTH,Administration,MANAGEMENT,Inventory: Medical supplies,0,7369,0,8,600
KwaZulu-Natal,HEALTH,Administration,MANAGEMENT,Inventory: Other supplies,-62,251,718,1059,862
KwaZulu-Natal,HEALTH,Administration,MANAGEMENT,Laboratory services,469,32,497268,385,519
KwaZulu-Natal,HEALTH,Administration,MANAGEMENT,Legal services (G&S),110329,86807,88583,92035,61397
KwaZulu-Natal,HEALTH,Administration,MANAGEMENT,Minor assets,2399,1572,1458,2198,2461
KwaZulu-Natal,HEALTH,Administration,MANAGEMENT,Operating leases,9451,7747,8668,12745,5461
KwaZulu-Natal,HEALTH,Administration,MANAGEMENT,Operating payments,20,78,19,24,360
KwaZulu-Natal,HEALTH,Administration,MANAGEMENT,Property payments,46486,49614,54687,62315,72674
KwaZulu-Natal,HEALTH,Administration,MANAGEMENT,Rental and hiring,1348,2485,6046,7323,4413
KwaZulu-Natal,HEALTH,Administration,MANAGEMENT,Training and development,886,770,156,199,119
KwaZulu-Natal,HEALTH,Administration,MANAGEMENT,Transport provided: Departmental activity,443,1669,5944,7221,4361
KwaZulu-Natal,HEALTH,Administration,MANAGEMENT,Travel and subsistence,15866,19069,16708,26741,16350
KwaZulu-Natal,HEALTH,Administration,MANAGEMENT,Venues and facilities,237,91,0,795,477
KwaZulu-Natal,HEALTH,Administration,MANAGEMENT,Interest (Incl. interest on unitary payments (PPP)),738,447,6440,0,0
KwaZulu-Natal,HEALTH,Administration,MANAGEMENT,Departmental agencies (non-business entities),0,0,0,1,0
KwaZulu-Natal,HEALTH,Administration,MANAGEMENT,Other transfers to households,20622,16198,12455,0,8657
KwaZulu-Natal,HEALTH,Administration,MANAGEMENT,Social benefits,1926,5595,3339,5629,5629
KwaZulu-Natal,HEALTH,Administration,MANAGEMENT,Provincial agencies and funds,5098,4216,4898,5187,5187
KwaZulu-Natal,HEALTH,Administration,MANAGEMENT,Other transfers to public corporations,0,4,0,0,1
KwaZulu-Natal,HEALTH,Administration,MANAGEMENT,Payments for financial assets,127,0,0,0,0
KwaZulu-Natal,HEALTH,District Health Services,DISTRICT MANAGEMENT,Other machinery and equipment,1992,419,2505,6258,6093
KwaZulu-Natal,HEALTH,District Health Services,DISTRICT MANAGEMENT,Transport equipment,23754,15280,34424,4989,4989
KwaZulu-Natal,HEALTH,District Health Services,DISTRICT MANAGEMENT,Salaries and wages,221967,242917,251791,265025,252474
KwaZulu-Natal,HEALTH,District Health Services,DISTRICT MANAGEMENT,Social contributions,38451,43363,46685,41554,48265
KwaZulu-Natal,HEALTH,District Health Services,DISTRICT MANAGEMENT,Administrative fees,147,167,114,218,142
KwaZulu-Natal,HEALTH,District Health Services,DISTRICT MANAGEMENT,Agency and support/outsourced services,0,1,0,8,0
KwaZulu-Natal,HEALTH,District Health Services,DISTRICT MANAGEMENT,Communication (G&S),4612,4723,4927,4997,5319
KwaZulu-Natal,HEALTH,District Health Services,DISTRICT MANAGEMENT,Consultants: Business and advisory services,650,57,26,127,81
KwaZulu-Natal,HEALTH,District Health Services,DISTRICT MANAGEMENT,Consumable supplies,133,77,94,355,216
KwaZulu-Natal,HEALTH,District Health Services,DISTRICT MANAGEMENT,"Consumables: Stationery, printing and office supplies",1570,1955,1517,2913,1841
KwaZulu-Natal,HEALTH,District Health Services,DISTRICT MANAGEMENT,Contractors,0,1,78,42,26
KwaZulu-Natal,HEALTH,District Health Services,DISTRICT MANAGEMENT,Fleet services (including government motor transport),22390,23103,21877,25968,31332
KwaZulu-Natal,HEALTH,District Health Services,DISTRICT MANAGEMENT,Inventory: Clothing material and accessories,133,94,64,266,272
KwaZulu-Natal,HEALTH,District Health Services,DISTRICT MANAGEMENT,"Inventory: Fuel, oil and gas",6,11,15,63,4
KwaZulu-Natal,HEALTH,District Health Services,DISTRICT MANAGEMENT,Inventory: Materials and supplies,136,136,89,386,222
KwaZulu-Natal,HEALTH,District Health Services,DISTRICT MANAGEMENT,Inventory: Medical supplies,12,0,0,21,0
KwaZulu-Natal,HEALTH,District Health Services,DISTRICT MANAGEMENT,Inventory: Medicine,33,0,0,0,0
KwaZulu-Natal,HEALTH,District Health Services,DISTRICT MANAGEMENT,Inventory: Other supplies,1076,1342,973,1729,1874
KwaZulu-Natal,HEALTH,District Health Services,DISTRICT MANAGEMENT,Minor assets,298,712,145,1068,641
KwaZulu-Natal,HEALTH,District Health Services,DISTRICT MANAGEMENT,Operating leases,2871,2961,2995,3752,2580
KwaZulu-Natal,HEALTH,District Health Services,DISTRICT MANAGEMENT,Operating payments,264,511,90,248,166
KwaZulu-Natal,HEALTH,District Health Services,DISTRICT MANAGEMENT,Property payments,24973,26072,26203,31199,30671
KwaZulu-Natal,HEALTH,District Health Services,DISTRICT MANAGEMENT,Rental and hiring,0,0,0,55,34
KwaZulu-Natal,HEALTH,District Health Services,DISTRICT MANAGEMENT,Travel and subsistence,4684,5158,3590,6186,3743
KwaZulu-Natal,HEALTH,District Health Services,DISTRICT MANAGEMENT,Interest (Incl. interest on unitary payments (PPP)),59,15,35,0,0
KwaZulu-Natal,HEALTH,District Health Services,DISTRICT MANAGEMENT,Other transfers to households,453,0,0,0,0
KwaZulu-Natal,HEALTH,District Health Services,DISTRICT MANAGEMENT,Social benefits,2404,2733,4013,2305,2305
KwaZulu-Natal,HEALTH,District Health Services,DISTRICT MANAGEMENT,Payments for financial assets,4,26,0,0,0
KwaZulu-Natal,HEALTH,District Health Services,COMMUNITY HEALTH CLINICS,Other machinery and equipment,14602,12153,6915,17547,51234
KwaZulu-Natal,HEALTH,District Health Services,COMMUNITY HEALTH CLINICS,Transport equipment,9667,26040,2021,31436,31436
KwaZulu-Natal,HEALTH,District Health Services,COMMUNITY HEALTH CLINICS,Salaries and wages,2445213,2753060,2459583,3031695,3062014
KwaZulu-Natal,HEALTH,District Health Services,COMMUNITY HEALTH CLINICS,Social contributions,403269,476171,442946,489442,579437
KwaZulu-Natal,HEALTH,District Health Services,COMMUNITY HEALTH CLINICS,Administrative fees,18,15,3,17,11
KwaZulu-Natal,HEALTH,District Health Services,COMMUNITY HEALTH CLINICS,Agency and support/outsourced services,11541,7677,7350,9325,9547
KwaZulu-Natal,HEALTH,District Health Services,COMMUNITY HEALTH CLINICS,Catering: Departmental activities,400,102,58,119,84
KwaZulu-Natal,HEALTH,District Health Services,COMMUNITY HEALTH CLINICS,Communication (G&S),21034,20914,22307,22916,24249
KwaZulu-Natal,HEALTH,District Health Services,COMMUNITY HEALTH CLINICS,Consultants: Business and advisory services,3,11,0,6,4
KwaZulu-Natal,HEALTH,District Health Services,COMMUNITY HEALTH CLINICS,Consumable supplies,16931,19370,20187,25138,23530
KwaZulu-Natal,HEALTH,District Health Services,COMMUNITY HEALTH CLINICS,"Consumables: Stationery, printing and office supplies",17168,23396,19175,23972,24863
KwaZulu-Natal,HEALTH,District Health Services,COMMUNITY HEALTH CLINICS,Contractors,1377,1650,1233,5163,4124
KwaZulu-Natal,HEALTH,District Health Services,COMMUNITY HEALTH CLINICS,Fleet services (including government motor transport),32665,35468,33109,34107,53072
KwaZulu-Natal,HEALTH,District Health Services,COMMUNITY HEALTH CLINICS,Inventory: Clothing material and accessories,1284,1143,949,1431,1812
KwaZulu-Natal,HEALTH,District Health Services,COMMUNITY HEALTH CLINICS,Inventory: Food and food supplies,144,84,229,313,250
KwaZulu-Natal,HEALTH,District Health Services,COMMUNITY HEALTH CLINICS,"Inventory: Fuel, oil and gas",31408,47231,16552,46035,23040
KwaZulu-Natal,HEALTH,District Health Services,COMMUNITY HEALTH CLINICS,Inventory: Materials and supplies,4338,4060,2260,5122,3112
KwaZulu-Natal,HEALTH,District Health Services,COMMUNITY HEALTH CLINICS,Inventory: Medical supplies,65333,69595,64281,88959,86443
KwaZulu-Natal,HEALTH,District Health Services,COMMUNITY HEALTH CLINICS,Inventory: Medicine,1025591,1088528,966355,1226245,1292690
KwaZulu-Natal,HEALTH,District Health Services,COMMUNITY HEALTH CLINICS,Inventory: Other supplies,17143,20391,19754,23299,26022
KwaZulu-Natal,HEALTH,District Health Services,COMMUNITY HEALTH CLINICS,Laboratory services,129167,124942,141603,238561,144976
KwaZulu-Natal,HEALTH,District Health Services,COMMUNITY HEALTH CLINICS,Minor assets,5350,7052,3068,32635,18829
KwaZulu-Natal,HEALTH,District Health Services,COMMUNITY HEALTH CLINICS,Operating leases,17215,17591,17464,19580,21007
KwaZulu-Natal,HEALTH,District Health Services,COMMUNITY HEALTH CLINICS,Operating payments,498,629,338,649,630
KwaZulu-Natal,HEALTH,District Health Services,COMMUNITY HEALTH CLINICS,Property payments,664940,726999,712680,801560,926086
KwaZulu-Natal,HEALTH,District Health Services,COMMUNITY HEALTH CLINICS,Rental and hiring,14,46,3,50,14
KwaZulu-Natal,HEALTH,District Health Services,COMMUNITY HEALTH CLINICS,Training and development,0,0,0,285,285
KwaZulu-Natal,HEALTH,District Health Services,COMMUNITY HEALTH CLINICS,Transport provided: Departmental activity,84,3,15,3,6
KwaZulu-Natal,HEALTH,District Health Services,COMMUNITY HEALTH CLINICS,Travel and subsistence,5010,6143,5788,6940,4991
KwaZulu-Natal,HEALTH,District Health Services,COMMUNITY HEALTH CLINICS,Venues and facilities,0,0,0,0,0
KwaZulu-Natal,HEALTH,District Health Services,COMMUNITY HEALTH CLINICS,Interest (Incl. interest on unitary payments (PPP)),86,149,93,0,0
KwaZulu-Natal,HEALTH,District Health Services,COMMUNITY HEALTH CLINICS,Other transfers to households,136,2068,850,12601,12601
KwaZulu-Natal,HEALTH,District Health Services,COMMUNITY HEALTH CLINICS,Social benefits,13949,15289,14963,20678,20678
KwaZulu-Natal,HEALTH,District Health Services,COMMUNITY HEALTH CLINICS,Non-profit institutions,13333,10030,6955,9194,6239
KwaZulu-Natal,HEALTH,District Health Services,COMMUNITY HEALTH CLINICS,Municipal bank accounts,121947,126532,131003,136872,136872
KwaZulu-Natal,HEALTH,District Health Services,COMMUNITY HEALTH CLINICS,Provincial agencies and funds,0,0,0,0,0
KwaZulu-Natal,HEALTH,District Health Services,COMMUNITY HEALTH CLINICS,Other transfers to public corporations,3,17,4,0,0
KwaZulu-Natal,HEALTH,District Health Services,COMMUNITY HEALTH CLINICS,Payments for financial assets,72,28,86,0,0
KwaZulu-Natal,HEALTH,District Health Services,COMMUNITY HEALTH CENTRES,Other machinery and equipment,4431,11635,8730,25429,24320
KwaZulu-Natal,HEALTH,District Health Services,COMMUNITY HEALTH CENTRES,Transport equipment,7071,7103,0,3878,3878
KwaZulu-Natal,HEALTH,District Health Services,COMMUNITY HEALTH CENTRES,Salaries and wages,916198,1385856,1456018,1590733,1539500
KwaZulu-Natal,HEALTH,District Health Services,COMMUNITY HEALTH CENTRES,Social contributions,148208,230962,245022,226935,269335
KwaZulu-Natal,HEALTH,District Health Services,COMMUNITY HEALTH CENTRES,Administrative fees,62,178,67,299,191
KwaZulu-Natal,HEALTH,District Health Services,COMMUNITY HEALTH CENTRES,Advertising,0,0,0,6,4
KwaZulu-Natal,HEALTH,District Health Services,COMMUNITY HEALTH CENTRES,Agency and support/outsourced services,8534,5181,5467,4190,6907
KwaZulu-Natal,HEALTH,District Health Services,COMMUNITY HEALTH CENTRES,Catering: Departmental activities,19,20,14,98,51
KwaZulu-Natal,HEALTH,District Health Services,COMMUNITY HEALTH CENTRES,Communication (G&S),7359,7862,8426,6541,7226
KwaZulu-Natal,HEALTH,District Health Services,COMMUNITY HEALTH CENTRES,Computer services,0,1,0,0,0
KwaZulu-Natal,HEALTH,District Health Services,COMMUNITY HEALTH CENTRES,Consultants: Business and advisory services,76,145,168,283,242
KwaZulu-Natal,HEALTH,District Health Services,COMMUNITY HEALTH CENTRES,Consumable supplies,5820,6487,5976,6197,6609
KwaZulu-Natal,HEALTH,District Health Services,COMMUNITY HEALTH CENTRES,"Consumables: Stationery, printing and office supplies",13539,20146,13431,20261,16306
KwaZulu-Natal,HEALTH,District Health Services,COMMUNITY HEALTH CENTRES,Contractors,2798,3653,2809,3977,5564
KwaZulu-Natal,HEALTH,District Health Services,COMMUNITY HEALTH CENTRES,Fleet services (including government motor transport),24612,22441,23067,26818,30041
KwaZulu-Natal,HEALTH,District Health Services,COMMUNITY HEALTH CENTRES,Inventory: Clothing material and accessories,1638,2351,2268,2455,2470
KwaZulu-Natal,HEALTH,District Health Services,COMMUNITY HEALTH CENTRES,Inventory: Food and food supplies,1018,838,973,1220,1539
KwaZulu-Natal,HEALTH,District Health Services,COMMUNITY HEALTH CENTRES,"Inventory: Fuel, oil and gas",7700,11829,2427,5760,5061
KwaZulu-Natal,HEALTH,District Health Services,COMMUNITY HEALTH CENTRES,Inventory: Materials and supplies,2072,3019,1942,3556,2125
KwaZulu-Natal,HEALTH,District Health Services,COMMUNITY HEALTH CENTRES,Inventory: Medical supplies,74573,76468,60094,94615,92816
KwaZulu-Natal,HEALTH,District Health Services,COMMUNITY HEALTH CENTRES,Inventory: Medicine,241883,217204,191961,272945,263259
KwaZulu-Natal,HEALTH,District Health Services,COMMUNITY HEALTH CENTRES,Inventory: Other supplies,14510,15422,12027,19032,20352
KwaZulu-Natal,HEALTH,District Health Services,COMMUNITY HEALTH CENTRES,Laboratory services,49639,44080,46106,70687,40013
KwaZulu-Natal,HEALTH,District Health Services,COMMUNITY HEALTH CENTRES,Minor assets,3649,2660,1401,4218,2959
KwaZulu-Natal,HEALTH,District Health Services,COMMUNITY HEALTH CENTRES,Operating leases,7151,7277,7309,7767,10364
KwaZulu-Natal,HEALTH,District Health Services,COMMUNITY HEALTH CENTRES,Operating payments,688,1148,1228,1136,1136
KwaZulu-Natal,HEALTH,District Health Services,COMMUNITY HEALTH CENTRES,Property payments,168775,198343,185571,168797,233195
KwaZulu-Natal,HEALTH,District Health Services,COMMUNITY HEALTH CENTRES,Rental and hiring,570,58,0,0,0
KwaZulu-Natal,HEALTH,District Health Services,COMMUNITY HEALTH CENTRES,Training and development,0,0,0,0,0
KwaZulu-Natal,HEALTH,District Health Services,COMMUNITY HEALTH CENTRES,Transport provided: Departmental activity,610,462,495,652,494
KwaZulu-Natal,HEALTH,District Health Services,COMMUNITY HEALTH CENTRES,Travel and subsistence,1253,2461,1534,2722,1765
KwaZulu-Natal,HEALTH,District Health Services,COMMUNITY HEALTH CENTRES,Interest (Incl. interest on unitary payments (PPP)),263,79,70,44,44
KwaZulu-Natal,HEALTH,District Health Services,COMMUNITY HEALTH CENTRES,Departmental agencies (non-business entities),0,0,0,6,0
KwaZulu-Natal,HEALTH,District Health Services,COMMUNITY HEALTH CENTRES,Other transfers to households,1681,3011,9992,0,0
KwaZulu-Natal,HEALTH,District Health Services,COMMUNITY HEALTH CENTRES,Social benefits,6641,8183,7011,11953,11953
KwaZulu-Natal,HEALTH,District Health Services,COMMUNITY HEALTH CENTRES,Provincial agencies and funds,0,0,0,0,0
KwaZulu-Natal,HEALTH,District Health Services,COMMUNITY HEALTH CENTRES,Other transfers to public corporations,9,7,6,0,6
KwaZulu-Natal,HEALTH,District Health Services,COMMUNITY HEALTH CENTRES,Payments for financial assets,56,40,86,0,0
KwaZulu-Natal,HEALTH,District Health Services,COMMUNITY BASED SERVICES,Other machinery and equipment,942,6,-6,6339,2123
KwaZulu-Natal,HEALTH,District Health Services,COMMUNITY BASED SERVICES,Transport equipment,7015,2763,7040,8130,12346
KwaZulu-Natal,HEALTH,District Health Services,COMMUNITY BASED SERVICES,Salaries and wages,727514,844438,933435,982550,1029074
KwaZulu-Natal,HEALTH,District Health Services,COMMUNITY BASED SERVICES,Social contributions,33927,54209,68424,56864,74010
KwaZulu-Natal,HEALTH,District Health Services,COMMUNITY BASED SERVICES,Administrative fees,602,627,361,98,105
KwaZulu-Natal,HEALTH,District Health Services,COMMUNITY BASED SERVICES,Advertising,794,608,680,812,823
KwaZulu-Natal,HEALTH,District Health Services,COMMUNITY BASED SERVICES,Agency and support/outsourced services,5591,3127,3311,3721,7420
KwaZulu-Natal,HEALTH,District Health Services,COMMUNITY BASED SERVICES,Catering: Departmental activities,87,84,124,157,158
KwaZulu-Natal,HEALTH,District Health Services,COMMUNITY BASED SERVICES,Communication (G&S),140,485,567,749,510
KwaZulu-Natal,HEALTH,District Health Services,COMMUNITY BASED SERVICES,Consultants: Business and advisory services,0,40,39,16,10
KwaZulu-Natal,HEALTH,District Health Services,COMMUNITY BASED SERVICES,Consumable supplies,2062,1485,4859,6928,5496
KwaZulu-Natal,HEALTH,District Health Services,COMMUNITY BASED SERVICES,"Consumables: Stationery, printing and office supplies",793,1550,1143,1933,2089
KwaZulu-Natal,HEALTH,District Health Services,COMMUNITY BASED SERVICES,Contractors,0,35,0,63,50
KwaZulu-Natal,HEALTH,District Health Services,COMMUNITY BASED SERVICES,Fleet services (including government motor transport),8380,11489,12299,11744,20317
KwaZulu-Natal,HEALTH,District Health Services,COMMUNITY BASED SERVICES,Inventory: Clothing material and accessories,4246,5441,5985,7182,440
KwaZulu-Natal,HEALTH,District Health Services,COMMUNITY BASED SERVICES,Inventory: Food and food supplies,0,1,0,1,0
KwaZulu-Natal,HEALTH,District Health Services,COMMUNITY BASED SERVICES,"Inventory: Fuel, oil and gas",0,21,19,25,2013
KwaZulu-Natal,HEALTH,District Health Services,COMMUNITY BASED SERVICES,Inventory: Learner and teacher support material,9,0,0,0,0
KwaZulu-Natal,HEALTH,District Health Services,COMMUNITY BASED SERVICES,Inventory: Materials and supplies,192,225,37,165,111
KwaZulu-Natal,HEALTH,District Health Services,COMMUNITY BASED SERVICES,Inventory: Medical supplies,6852,8307,7522,14923,9141
KwaZulu-Natal,HEALTH,District Health Services,COMMUNITY BASED SERVICES,Inventory: Medicine,134816,123255,130404,162875,158911
KwaZulu-Natal,HEALTH,District Health Services,COMMUNITY BASED SERVICES,Inventory: Other supplies,0,299,151,364,410
KwaZulu-Natal,HEALTH,District Health Services,COMMUNITY BASED SERVICES,Minor assets,1104,516,23,108,65
KwaZulu-Natal,HEALTH,District Health Services,COMMUNITY BASED SERVICES,Operating leases,0,255,390,530,340
KwaZulu-Natal,HEALTH,District Health Services,COMMUNITY BASED SERVICES,Operating payments,71,13,0,16,10
KwaZulu-Natal,HEALTH,District Health Services,COMMUNITY BASED SERVICES,Property payments,32,628,521,858,570
KwaZulu-Natal,HEALTH,District Health Services,COMMUNITY BASED SERVICES,Rental and hiring,10,10,27,38,38
KwaZulu-Natal,HEALTH,District Health Services,COMMUNITY BASED SERVICES,Training and development,0,64,277,687,687
KwaZulu-Natal,HEALTH,District Health Services,COMMUNITY BASED SERVICES,Travel and subsistence,9214,8308,9598,14522,11633
KwaZulu-Natal,HEALTH,District Health Services,COMMUNITY BASED SERVICES,Venues and facilities,0,0,0,0,0
KwaZulu-Natal,HEALTH,District Health Services,COMMUNITY BASED SERVICES,Other transfers to households,0,0,0,0,0
KwaZulu-Natal,HEALTH,District Health Services,COMMUNITY BASED SERVICES,Social benefits,462,1415,1784,1596,1596
KwaZulu-Natal,HEALTH,District Health Services,COMMUNITY BASED SERVICES,Provincial agencies and funds,0,0,0,0,0
KwaZulu-Natal,HEALTH,District Health Services,COMMUNITY BASED SERVICES,Payments for financial assets,28,43,7,0,0
KwaZulu-Natal,HEALTH,District Health Services,OTHER COMMUNITY SERVICES,Other machinery and equipment,2521,0,3,315,575
KwaZulu-Natal,HEALTH,District Health Services,OTHER COMMUNITY SERVICES,Transport equipment,590,5872,0,0,0
KwaZulu-Natal,HEALTH,District Health Services,OTHER COMMUNITY SERVICES,Salaries and wages,3383016,1608883,1220788,1303224,1269322
KwaZulu-Natal,HEALTH,District Health Services,OTHER COMMUNITY SERVICES,Social contributions,184065,85154,73646,168365,85889
KwaZulu-Natal,HEALTH,District Health Services,OTHER COMMUNITY SERVICES,Administrative fees,167,132,65,149,104
KwaZulu-Natal,HEALTH,District Health Services,OTHER COMMUNITY SERVICES,Advertising,0,0,9,178,108
KwaZulu-Natal,HEALTH,District Health Services,OTHER COMMUNITY SERVICES,Agency and support/outsourced services,3902,108,18,49,49
KwaZulu-Natal,HEALTH,District Health Services,OTHER COMMUNITY SERVICES,Catering: Departmental activities,1,0,0,0,0
KwaZulu-Natal,HEALTH,District Health Services,OTHER COMMUNITY SERVICES,Communication (G&S),8342,2991,63,66,71
KwaZulu-Natal,HEALTH,District Health Services,OTHER COMMUNITY SERVICES,Consultants: Business and advisory services,-1489,0,0,0,0
KwaZulu-Natal,HEALTH,District Health Services,OTHER COMMUNITY SERVICES,Consumable supplies,20517,4616,1417,2113,1585
KwaZulu-Natal,HEALTH,District Health Services,OTHER COMMUNITY SERVICES,"Consumables: Stationery, printing and office supplies",1005,62,31,227,269
KwaZulu-Natal,HEALTH,District Health Services,OTHER COMMUNITY SERVICES,Contractors,504,158,5,84,91
KwaZulu-Natal,HEALTH,District Health Services,OTHER COMMUNITY SERVICES,Fleet services (including government motor transport),5416,907,685,899,1122
KwaZulu-Natal,HEALTH,District Health Services,OTHER COMMUNITY SERVICES,Inventory: Clothing material and accessories,1065,0,9,37,37
KwaZulu-Natal,HEALTH,District Health Services,OTHER COMMUNITY SERVICES,Inventory: Food and food supplies,4919,0,0,180,225
KwaZulu-Natal,HEALTH,District Health Services,OTHER COMMUNITY SERVICES,"Inventory: Fuel, oil and gas",2485,0,0,0,0
KwaZulu-Natal,HEALTH,District Health Services,OTHER COMMUNITY SERVICES,Inventory: Materials and supplies,226,1,16,113,120
KwaZulu-Natal,HEALTH,District Health Services,OTHER COMMUNITY SERVICES,Inventory: Medical supplies,13520,530,682,6546,9128
KwaZulu-Natal,HEALTH,District Health Services,OTHER COMMUNITY SERVICES,Inventory: Medicine,15176,7038,7178,8185,5719
KwaZulu-Natal,HEALTH,District Health Services,OTHER COMMUNITY SERVICES,Inventory: Other supplies,1915,0,0,29,29
KwaZulu-Natal,HEALTH,District Health Services,OTHER COMMUNITY SERVICES,Laboratory services,109878,37012,1380,0,0
KwaZulu-Natal,HEALTH,District Health Services,OTHER COMMUNITY SERVICES,Minor assets,247,18,0,983,983
KwaZulu-Natal,HEALTH,District Health Services,OTHER COMMUNITY SERVICES,Operating leases,1681,862,368,1592,1644
KwaZulu-Natal,HEALTH,District Health Services,OTHER COMMUNITY SERVICES,Operating payments,201,556,53,533,401
KwaZulu-Natal,HEALTH,District Health Services,OTHER COMMUNITY SERVICES,Property payments,24136,88,83,80,80
KwaZulu-Natal,HEALTH,District Health Services,OTHER COMMUNITY SERVICES,Rental and hiring,45,0,0,0,0
KwaZulu-Natal,HEALTH,District Health Services,OTHER COMMUNITY SERVICES,Training and development,0,0,0,0,0
KwaZulu-Natal,HEALTH,District Health Services,OTHER COMMUNITY SERVICES,Transport provided: Departmental activity,2,0,0,0,0
KwaZulu-Natal,HEALTH,District Health Services,OTHER COMMUNITY SERVICES,Travel and subsistence,5441,4858,5903,5256,3218
KwaZulu-Natal,HEALTH,District Health Services,OTHER COMMUNITY SERVICES,Interest (Incl. interest on unitary payments (PPP)),0,0,-367,0,0
KwaZulu-Natal,HEALTH,District Health Services,OTHER COMMUNITY SERVICES,Social benefits,5692,5273,1397,12553,12553
KwaZulu-Natal,HEALTH,District Health Services,OTHER COMMUNITY SERVICES,Non-profit institutions,50107,56084,58047,61532,61532
KwaZulu-Natal,HEALTH,District Health Services,OTHER COMMUNITY SERVICES,Provincial agencies and funds,0,0,0,0,0
KwaZulu-Natal,HEALTH,District Health Services,OTHER COMMUNITY SERVICES,Payments for financial assets,0,58,4,0,0
KwaZulu-Natal,HEALTH,District Health Services,HIV AND AIDS,Other machinery and equipment,3203,5284,2074,1590,74622
KwaZulu-Natal,HEALTH,District Health Services,HIV AND AIDS,Transport equipment,8151,21010,746,1255,54250
KwaZulu-Natal,HEALTH,District Health Services,HIV AND AIDS,Salaries and wages,2344390,2280641,2946515,2687446,2824365
KwaZulu-Natal,HEALTH,District Health Services,HIV AND AIDS,Social contributions,392207,406594,564334,356507,356507
KwaZulu-Natal,HEALTH,District Health Services,HIV AND AIDS,Administrative fees,3164,4657,4890,789,7754
KwaZulu-Natal,HEALTH,District Health Services,HIV AND AIDS,Advertising,9950,6123,2474,45763,10248
KwaZulu-Natal,HEALTH,District Health Services,HIV AND AIDS,Agency and support/outsourced services,3250,2444,2383,6203,5937
KwaZulu-Natal,HEALTH,District Health Services,HIV AND AIDS,Catering: Departmental activities,2362,5726,5743,3226,13545
KwaZulu-Natal,HEALTH,District Health Services,HIV AND AIDS,Communication (G&S),25463,27035,24505,30824,31174
KwaZulu-Natal,HEALTH,District Health Services,HIV AND AIDS,Computer services,0,102485,34605,0,51353
KwaZulu-Natal,HEALTH,District Health Services,HIV AND AIDS,Consumable supplies,8092,10814,11001,9122,9889
KwaZulu-Natal,HEALTH,District Health Services,HIV AND AIDS,"Consumables: Stationery, printing and office supplies",3887,6747,9971,12533,16750
KwaZulu-Natal,HEALTH,District Health Services,HIV AND AIDS,Contractors,114642,97201,97482,95374,121264
KwaZulu-Natal,HEALTH,District Health Services,HIV AND AIDS,Fleet services (including government motor transport),212,332,227,0,481
KwaZulu-Natal,HEALTH,District Health Services,HIV AND AIDS,Inventory: Clothing material and accessories,874,26,52,0,0
KwaZulu-Natal,HEALTH,District Health Services,HIV AND AIDS,Inventory: Food and food supplies,0,-2,0,0,0
KwaZulu-Natal,HEALTH,District Health Services,HIV AND AIDS,Inventory: Materials and supplies,28,8,161,0,0
KwaZulu-Natal,HEALTH,District Health Services,HIV AND AIDS,Inventory: Medical supplies,128231,203559,162297,167415,222417
KwaZulu-Natal,HEALTH,District Health Services,HIV AND AIDS,Inventory: Medicine,1832404,1511823,1339875,1492487,1389493
KwaZulu-Natal,HEALTH,District Health Services,HIV AND AIDS,Inventory: Other supplies,1,1,1,230,220
KwaZulu-Natal,HEALTH,District Health Services,HIV AND AIDS,Laboratory services,1456784,1299268,1222223,1597660,1330980
KwaZulu-Natal,HEALTH,District Health Services,HIV AND AIDS,Minor assets,1320,515,183,3588,3434
KwaZulu-Natal,HEALTH,District Health Services,HIV AND AIDS,Operating leases,153,138,670,603,577
KwaZulu-Natal,HEALTH,District Health Services,HIV AND AIDS,Operating payments,157,431,287,3250,694
KwaZulu-Natal,HEALTH,District Health Services,HIV AND AIDS,Property payments,88,0,0,8915,0
KwaZulu-Natal,HEALTH,District Health Services,HIV AND AIDS,Rental and hiring,2931,4861,1662,0,8533
KwaZulu-Natal,HEALTH,District Health Services,HIV AND AIDS,Training and development,2685,2763,3782,9975,23960
KwaZulu-Natal,HEALTH,District Health Services,HIV AND AIDS,Transport provided: Departmental activity,200,3558,917,0,3072
KwaZulu-Natal,HEALTH,District Health Services,HIV AND AIDS,Travel and subsistence,19218,16010,30090,16493,51215
KwaZulu-Natal,HEALTH,District Health Services,HIV AND AIDS,Venues and facilities,0,0,0,459,0
KwaZulu-Natal,HEALTH,District Health Services,HIV AND AIDS,Other transfers to households,0,22,0,0,0
KwaZulu-Natal,HEALTH,District Health Services,HIV AND AIDS,Social benefits,6521,6695,10582,6522,6552
KwaZulu-Natal,HEALTH,District Health Services,HIV AND AIDS,Municipal bank accounts,141715,145307,138516,162928,163115
KwaZulu-Natal,HEALTH,District Health Services,HIV AND AIDS,Payments for financial assets,9,0,0,0,0
KwaZulu-Natal,HEALTH,District Health Services,NUTRITION,Other machinery and equipment,0,986,88,304,304
KwaZulu-Natal,HEALTH,District Health Services,NUTRITION,Administrative fees,8,5,2,18,18
KwaZulu-Natal,HEALTH,District Health Services,NUTRITION,Agency and support/outsourced services,0,0,4,0,0
KwaZulu-Natal,HEALTH,District Health Services,NUTRITION,Computer services,0,0,46,66,66
KwaZulu-Natal,HEALTH,District Health Services,NUTRITION,Consultants: Business and advisory services,1477,0,0,0,0
KwaZulu-Natal,HEALTH,District Health Services,NUTRITION,Consumable supplies,0,0,0,0,22
KwaZulu-Natal,HEALTH,District Health Services,NUTRITION,"Consumables: Stationery, printing and office supplies",402,184,49,878,878
KwaZulu-Natal,HEALTH,District Health Services,NUTRITION,Inventory: Food and food supplies,28736,30306,23257,37076,31195
KwaZulu-Natal,HEALTH,District Health Services,NUTRITION,Minor assets,0,33,0,161,161
KwaZulu-Natal,HEALTH,District Health Services,NUTRITION,Training and development,205,0,0,430,430
KwaZulu-Natal,HEALTH,District Health Services,NUTRITION,Travel and subsistence,54,33,12,166,166
KwaZulu-Natal,HEALTH,District Health Services,CORONER SERVICES,Other machinery and equipment,265,121,177,1487,1122
KwaZulu-Natal,HEALTH,District Health Services,CORONER SERVICES,Transport equipment,5577,12537,4655,7174,7174
KwaZulu-Natal,HEALTH,District Health Services,CORONER SERVICES,Salaries and wages,195717,199517,207210,228639,213755
KwaZulu-Natal,HEALTH,District Health Services,CORONER SERVICES,Social contributions,30715,32697,34185,32817,34541
KwaZulu-Natal,HEALTH,District Health Services,CORONER SERVICES,Administrative fees,19,17,11,27,16
KwaZulu-Natal,HEALTH,District Health Services,CORONER SERVICES,Advertising,0,0,0,21,14
KwaZulu-Natal,HEALTH,District Health Services,CORONER SERVICES,Agency and support/outsourced services,1234,1364,934,2106,1320
KwaZulu-Natal,HEALTH,District Health Services,CORONER SERVICES,Communication (G&S),1625,1831,1741,1945,1527
KwaZulu-Natal,HEALTH,District Health Services,CORONER SERVICES,Consumable supplies,232,41,49,109,103
KwaZulu-Natal,HEALTH,District Health Services,CORONER SERVICES,"Consumables: Stationery, printing and office supplies",283,407,485,1072,878
KwaZulu-Natal,HEALTH,District Health Services,CORONER SERVICES,Contractors,1918,2240,1815,2258,1426
KwaZulu-Natal,HEALTH,District Health Services,CORONER SERVICES,Fleet services (including government motor transport),12235,12569,13801,11272,15138
KwaZulu-Natal,HEALTH,District Health Services,CORONER SERVICES,Inventory: Clothing material and accessories,815,2291,1728,2953,3322
KwaZulu-Natal,HEALTH,District Health Services,CORONER SERVICES,"Inventory: Fuel, oil and gas",1770,2602,389,2267,1219
KwaZulu-Natal,HEALTH,District Health Services,CORONER SERVICES,Inventory: Materials and supplies,51,34,45,96,58
KwaZulu-Natal,HEALTH,District Health Services,CORONER SERVICES,Inventory: Medical supplies,4468,4037,3973,5859,4989
KwaZulu-Natal,HEALTH,District Health Services,CORONER SERVICES,Inventory: Medicine,0,0,3,0,0
KwaZulu-Natal,HEALTH,District Health Services,CORONER SERVICES,Inventory: Other supplies,1025,955,1290,2297,2377
KwaZulu-Natal,HEALTH,District Health Services,CORONER SERVICES,Laboratory services,11,5,23,5,12
KwaZulu-Natal,HEALTH,District Health Services,CORONER SERVICES,Minor assets,75,99,41,177,109
KwaZulu-Natal,HEALTH,District Health Services,CORONER SERVICES,Operating leases,1277,1272,1206,1586,1140
KwaZulu-Natal,HEALTH,District Health Services,CORONER SERVICES,Operating payments,0,15,0,50,30
KwaZulu-Natal,HEALTH,District Health Services,CORONER SERVICES,Property payments,20949,22437,20704,25316,28429
KwaZulu-Natal,HEALTH,District Health Services,CORONER SERVICES,Transport provided: Departmental activity,189,1882,322,2786,577
KwaZulu-Natal,HEALTH,District Health Services,CORONER SERVICES,Travel and subsistence,344,471,408,1179,818
KwaZulu-Natal,HEALTH,District Health Services,CORONER SERVICES,Interest (Incl. interest on unitary payments (PPP)),34,3,9,2,2
KwaZulu-Natal,HEALTH,District Health Services,CORONER SERVICES,Other transfers to households,0,114,0,0,0
KwaZulu-Natal,HEALTH,District Health Services,CORONER SERVICES,Social benefits,424,440,1096,313,313
KwaZulu-Natal,HEALTH,District Health Services,CORONER SERVICES,Payments for financial assets,0,19,0,0,0
KwaZulu-Natal,HEALTH,District Health Services,DISTRICT HOSPITALS,Other machinery and equipment,29651,75005,24972,144413,116463
KwaZulu-Natal,HEALTH,District Health Services,DISTRICT HOSPITALS,Transport equipment,21248,12923,1254,18139,18139
KwaZulu-Natal,HEALTH,District Health Services,DISTRICT HOSPITALS,Salaries and wages,5010625,5946766,6375140,5829688,6292503
KwaZulu-Natal,HEALTH,District Health Services,DISTRICT HOSPITALS,Social contributions,771936,948693,1065840,768852,1103013
KwaZulu-Natal,HEALTH,District Health Services,DISTRICT HOSPITALS,Administrative fees,292,688,370,720,470
KwaZulu-Natal,HEALTH,District Health Services,DISTRICT HOSPITALS,Advertising,1,0,0,76,0
KwaZulu-Natal,HEALTH,District Health Services,DISTRICT HOSPITALS,Agency and support/outsourced services,178619,185274,172908,183077,201821
KwaZulu-Natal,HEALTH,District Health Services,DISTRICT HOSPITALS,Catering: Departmental activities,110,94,73,227,168
KwaZulu-Natal,HEALTH,District Health Services,DISTRICT HOSPITALS,Communication (G&S),24102,24730,25413,24764,23259
KwaZulu-Natal,HEALTH,District Health Services,DISTRICT HOSPITALS,Consultants: Business and advisory services,129,579,515,1361,904
KwaZulu-Natal,HEALTH,District Health Services,DISTRICT HOSPITALS,Consumable supplies,24547,29584,27937,31693,32601
KwaZulu-Natal,HEALTH,District Health Services,DISTRICT HOSPITALS,"Consumables: Stationery, printing and office supplies",25474,41389,26225,38743,29555
KwaZulu-Natal,HEALTH,District Health Services,DISTRICT HOSPITALS,Contractors,20073,27510,26340,20898,31723
KwaZulu-Natal,HEALTH,District Health Services,DISTRICT HOSPITALS,Fleet services (including government motor transport),70658,66141,63134,51215,86126
KwaZulu-Natal,HEALTH,District Health Services,DISTRICT HOSPITALS,Inventory: Clothing material and accessories,7468,8229,6399,12203,11889
KwaZulu-Natal,HEALTH,District Health Services,DISTRICT HOSPITALS,Inventory: Food and food supplies,45277,57111,50689,69875,69009
KwaZulu-Natal,HEALTH,District Health Services,DISTRICT HOSPITALS,"Inventory: Fuel, oil and gas",65088,80535,33130,37942,55160
KwaZulu-Natal,HEALTH,District Health Services,DISTRICT HOSPITALS,Inventory: Learner and teacher support material,0,-59,0,0,0
KwaZulu-Natal,HEALTH,District Health Services,DISTRICT HOSPITALS,Inventory: Materials and supplies,5331,6666,5176,6918,4545
KwaZulu-Natal,HEALTH,District Health Services,DISTRICT HOSPITALS,Inventory: Medical supplies,476295,544642,403870,532490,547722
KwaZulu-Natal,HEALTH,District Health Services,DISTRICT HOSPITALS,Inventory: Medicine,314337,335483,250079,371183,399454
KwaZulu-Natal,HEALTH,District Health Services,DISTRICT HOSPITALS,Inventory: Other supplies,54358,66641,48223,62591,67875
KwaZulu-Natal,HEALTH,District Health Services,DISTRICT HOSPITALS,Laboratory services,264495,239582,252047,279234,238206
KwaZulu-Natal,HEALTH,District Health Services,DISTRICT HOSPITALS,Legal services (G&S),0,97,263,0,0
KwaZulu-Natal,HEALTH,District Health Services,DISTRICT HOSPITALS,Minor assets,5844,7520,4406,15692,10640
KwaZulu-Natal,HEALTH,District Health Services,DISTRICT HOSPITALS,Operating leases,17140,18240,18244,19224,20982
KwaZulu-Natal,HEALTH,District Health Services,DISTRICT HOSPITALS,Operating payments,2197,6026,2572,3414,2314
KwaZulu-Natal,HEALTH,District Health Services,DISTRICT HOSPITALS,Property payments,802989,926092,920423,880364,1108306
KwaZulu-Natal,HEALTH,District Health Services,DISTRICT HOSPITALS,Rental and hiring,15,975,2731,1092,694
KwaZulu-Natal,HEALTH,District Health Services,DISTRICT HOSPITALS,Transport provided: Departmental activity,3138,2976,2078,3053,2278
KwaZulu-Natal,HEALTH,District Health Services,DISTRICT HOSPITALS,Travel and subsistence,4609,8641,6325,8900,4871
KwaZulu-Natal,HEALTH,District Health Services,DISTRICT HOSPITALS,Interest (Incl. interest on unitary payments (PPP)),222,2109,686,508,508
KwaZulu-Natal,HEALTH,District Health Services,DISTRICT HOSPITALS,Departmental agencies (non-business entities),0,0,0,57,0
KwaZulu-Natal,HEALTH,District Health Services,DISTRICT HOSPITALS,Other transfers to households,76650,43961,54800,40328,64388
KwaZulu-Natal,HEALTH,District Health Services,DISTRICT HOSPITALS,Social benefits,24531,30889,36845,36900,36900
KwaZulu-Natal,HEALTH,District Health Services,DISTRICT HOSPITALS,Provincial agencies and funds,0,0,0,0,0
KwaZulu-Natal,HEALTH,District Health Services,DISTRICT HOSPITALS,Other transfers to public corporations,33,119,74,0,57
KwaZulu-Natal,HEALTH,District Health Services,DISTRICT HOSPITALS,Payments for financial assets,178,88,353,0,0
KwaZulu-Natal,HEALTH,Emergency Medical Services,EMERGENCY SERVICES,Other machinery and equipment,15659,21292,2243,11343,11343
KwaZulu-Natal,HEALTH,Emergency Medical Services,EMERGENCY SERVICES,Transport equipment,60239,31069,48511,54289,40289
KwaZulu-Natal,HEALTH,Emergency Medical Services,EMERGENCY SERVICES,Salaries and wages,972592,950109,985253,1055516,1016791
KwaZulu-Natal,HEALTH,Emergency Medical Services,EMERGENCY SERVICES,Social contributions,165552,169594,181611,149171,187896
KwaZulu-Natal,HEALTH,Emergency Medical Services,EMERGENCY SERVICES,Administrative fees,16,24,22,19,17
KwaZulu-Natal,HEALTH,Emergency Medical Services,EMERGENCY SERVICES,Advertising,0,0,0,31,19
KwaZulu-Natal,HEALTH,Emergency Medical Services,EMERGENCY SERVICES,Agency and support/outsourced services,1020,532,357,628,14459
KwaZulu-Natal,HEALTH,Emergency Medical Services,EMERGENCY SERVICES,Catering: Departmental activities,0,1461,374,1256,237
KwaZulu-Natal,HEALTH,Emergency Medical Services,EMERGENCY SERVICES,Communication (G&S),9370,9834,10513,10919,8294
KwaZulu-Natal,HEALTH,Emergency Medical Services,EMERGENCY SERVICES,Consultants: Business and advisory services,0,0,1,0,0
KwaZulu-Natal,HEALTH,Emergency Medical Services,EMERGENCY SERVICES,Consumable supplies,91,68,54,156,155
KwaZulu-Natal,HEALTH,Emergency Medical Services,EMERGENCY SERVICES,"Consumables: Stationery, printing and office supplies",960,2150,2820,3280,3112
KwaZulu-Natal,HEALTH,Emergency Medical Services,EMERGENCY SERVICES,Contractors,1653,1052,1258,2715,2093
KwaZulu-Natal,HEALTH,Emergency Medical Services,EMERGENCY SERVICES,Fleet services (including government motor transport),159240,179587,204894,198028,204316
KwaZulu-Natal,HEALTH,Emergency Medical Services,EMERGENCY SERVICES,Inventory: Clothing material and accessories,8670,3793,5009,26432,23934
KwaZulu-Natal,HEALTH,Emergency Medical Services,EMERGENCY SERVICES,"Inventory: Fuel, oil and gas",349,513,0,239,289
KwaZulu-Natal,HEALTH,Emergency Medical Services,EMERGENCY SERVICES,Inventory: Materials and supplies,216,283,83,271,165
KwaZulu-Natal,HEALTH,Emergency Medical Services,EMERGENCY SERVICES,Inventory: Medical supplies,11662,10191,9559,14175,11805
KwaZulu-Natal,HEALTH,Emergency Medical Services,EMERGENCY SERVICES,Inventory: Medicine,184,247,167,269,319
KwaZulu-Natal,HEALTH,Emergency Medical Services,EMERGENCY SERVICES,Inventory: Other supplies,1500,1453,1295,1898,2027
KwaZulu-Natal,HEALTH,Emergency Medical Services,EMERGENCY SERVICES,Legal services (G&S),11,2,0,0,0
KwaZulu-Natal,HEALTH,Emergency Medical Services,EMERGENCY SERVICES,Minor assets,1082,402,172,3587,3167
KwaZulu-Natal,HEALTH,Emergency Medical Services,EMERGENCY SERVICES,Operating leases,2777,2913,2515,4006,1943
KwaZulu-Natal,HEALTH,Emergency Medical Services,EMERGENCY SERVICES,Operating payments,2,154,113,1,75
KwaZulu-Natal,HEALTH,Emergency Medical Services,EMERGENCY SERVICES,Property payments,39546,42053,42732,49517,50669
KwaZulu-Natal,HEALTH,Emergency Medical Services,EMERGENCY SERVICES,Transport provided: Departmental activity,19759,5952,8343,24081,15172
KwaZulu-Natal,HEALTH,Emergency Medical Services,EMERGENCY SERVICES,Travel and subsistence,992,1774,565,541,329
KwaZulu-Natal,HEALTH,Emergency Medical Services,EMERGENCY SERVICES,Interest (Incl. interest on unitary payments (PPP)),450,23,7,0,0
KwaZulu-Natal,HEALTH,Emergency Medical Services,EMERGENCY SERVICES,Departmental agencies (non-business entities),0,0,0,2,0
KwaZulu-Natal,HEALTH,Emergency Medical Services,EMERGENCY SERVICES,Other transfers to households,9168,224,274,1377,1377
KwaZulu-Natal,HEALTH,Emergency Medical Services,EMERGENCY SERVICES,Social benefits,4352,4184,3875,2195,2195
KwaZulu-Natal,HEALTH,Emergency Medical Services,EMERGENCY SERVICES,Provincial agencies and funds,2993,2607,1853,3713,3713
KwaZulu-Natal,HEALTH,Emergency Medical Services,EMERGENCY SERVICES,Other transfers to public corporations,0,2,0,0,2
KwaZulu-Natal,HEALTH,Emergency Medical Services,EMERGENCY SERVICES,Payments for financial assets,12,22,94,0,0
KwaZulu-Natal,HEALTH,Emergency Medical Services,PLANNED PATIENT TRANSPORT,Other machinery and equipment,0,0,0,313,313
KwaZulu-Natal,HEALTH,Emergency Medical Services,PLANNED PATIENT TRANSPORT,Transport equipment,6785,9234,28326,31815,31815
KwaZulu-Natal,HEALTH,Emergency Medical Services,PLANNED PATIENT TRANSPORT,Salaries and wages,70644,118822,122447,127881,120019
KwaZulu-Natal,HEALTH,Emergency Medical Services,PLANNED PATIENT TRANSPORT,Social contributions,12588,22053,24145,16548,24410
KwaZulu-Natal,HEALTH,Emergency Medical Services,PLANNED PATIENT TRANSPORT,Agency and support/outsourced services,216,0,0,0,0
KwaZulu-Natal,HEALTH,Emergency Medical Services,PLANNED PATIENT TRANSPORT,Communication (G&S),79,67,58,0,56
KwaZulu-Natal,HEALTH,Emergency Medical Services,PLANNED PATIENT TRANSPORT,"Consumables: Stationery, printing and office supplies",0,20,0,39,31
KwaZulu-Natal,HEALTH,Emergency Medical Services,PLANNED PATIENT TRANSPORT,Fleet services (including government motor transport),87067,97287,72915,73890,92187
KwaZulu-Natal,HEALTH,Emergency Medical Services,PLANNED PATIENT TRANSPORT,Inventory: Clothing material and accessories,129,0,280,0,0
KwaZulu-Natal,HEALTH,Emergency Medical Services,PLANNED PATIENT TRANSPORT,Minor assets,0,0,0,152,152
KwaZulu-Natal,HEALTH,Emergency Medical Services,PLANNED PATIENT TRANSPORT,Operating leases,60,90,61,177,51
KwaZulu-Natal,HEALTH,Emergency Medical Services,PLANNED PATIENT TRANSPORT,Operating payments,0,5,149,0,94
KwaZulu-Natal,HEALTH,Emergency Medical Services,PLANNED PATIENT TRANSPORT,Travel and subsistence,37,239,140,0,0
KwaZulu-Natal,HEALTH,Emergency Medical Services,PLANNED PATIENT TRANSPORT,Social benefits,144,185,488,169,169
KwaZulu-Natal,HEALTH,Emergency Medical Services,PLANNED PATIENT TRANSPORT,Other transfers to public corporations,0,0,0,0,0
KwaZulu-Natal,HEALTH,Emergency Medical Services,PLANNED PATIENT TRANSPORT,Payments for financial assets,0,0,13,0,0
KwaZulu-Natal,HEALTH,Provincial Hospital Services,GENERAL (REGIONAL) HOSPITALS,Other machinery and equipment,26394,62290,34096,131402,117396
KwaZulu-Natal,HEALTH,Provincial Hospital Services,GENERAL (REGIONAL) HOSPITALS,Transport equipment,6394,1991,1615,14766,14766
KwaZulu-Natal,HEALTH,Provincial Hospital Services,GENERAL (REGIONAL) HOSPITALS,Salaries and wages,6593176,7259957,7682874,7671182,7965299
KwaZulu-Natal,HEALTH,Provincial Hospital Services,GENERAL (REGIONAL) HOSPITALS,Social contributions,875241,1018390,1122532,893545,1112912
KwaZulu-Natal,HEALTH,Provincial Hospital Services,GENERAL (REGIONAL) HOSPITALS,Administrative fees,49,152,98,97,104
KwaZulu-Natal,HEALTH,Provincial Hospital Services,GENERAL (REGIONAL) HOSPITALS,Advertising,43,0,0,463,0
KwaZulu-Natal,HEALTH,Provincial Hospital Services,GENERAL (REGIONAL) HOSPITALS,Agency and support/outsourced services,189132,182958,169505,183446,214477
KwaZulu-Natal,HEALTH,Provincial Hospital Services,GENERAL (REGIONAL) HOSPITALS,Bursaries: Employees,0,-16,0,0,0
KwaZulu-Natal,HEALTH,Provincial Hospital Services,GENERAL (REGIONAL) HOSPITALS,Catering: Departmental activities,14,21,28,283,59
KwaZulu-Natal,HEALTH,Provincial Hospital Services,GENERAL (REGIONAL) HOSPITALS,Communication (G&S),12069,11852,10369,12392,9984
KwaZulu-Natal,HEALTH,Provincial Hospital Services,GENERAL (REGIONAL) HOSPITALS,Computer services,137,34,0,4,0
KwaZulu-Natal,HEALTH,Provincial Hospital Services,GENERAL (REGIONAL) HOSPITALS,Consultants: Business and advisory services,167,383,178993,455,16444
KwaZulu-Natal,HEALTH,Provincial Hospital Services,GENERAL (REGIONAL) HOSPITALS,Consumable supplies,24982,28173,29030,30693,41650
KwaZulu-Natal,HEALTH,Provincial Hospital Services,GENERAL (REGIONAL) HOSPITALS,"Consumables: Stationery, printing and office supplies",25161,32143,21192,27976,22778
KwaZulu-Natal,HEALTH,Provincial Hospital Services,GENERAL (REGIONAL) HOSPITALS,Contractors,71262,57553,42462,93141,95465
KwaZulu-Natal,HEALTH,Provincial Hospital Services,GENERAL (REGIONAL) HOSPITALS,Fleet services (including government motor transport),21226,20335,19343,12722,25963
KwaZulu-Natal,HEALTH,Provincial Hospital Services,GENERAL (REGIONAL) HOSPITALS,Inventory: Clothing material and accessories,10133,8777,8357,10527,12635
KwaZulu-Natal,HEALTH,Provincial Hospital Services,GENERAL (REGIONAL) HOSPITALS,Inventory: Food and food supplies,36202,42781,42250,59471,58866
KwaZulu-Natal,HEALTH,Provincial Hospital Services,GENERAL (REGIONAL) HOSPITALS,"Inventory: Fuel, oil and gas",62381,64638,36519,37371,33204
KwaZulu-Natal,HEALTH,Provincial Hospital Services,GENERAL (REGIONAL) HOSPITALS,Inventory: Materials and supplies,6727,6870,3355,5544,3521
KwaZulu-Natal,HEALTH,Provincial Hospital Services,GENERAL (REGIONAL) HOSPITALS,Inventory: Medical supplies,931090,965732,766654,724067,968579
KwaZulu-Natal,HEALTH,Provincial Hospital Services,GENERAL (REGIONAL) HOSPITALS,Inventory: Medicine,361673,370555,271261,322068,387552
KwaZulu-Natal,HEALTH,Provincial Hospital Services,GENERAL (REGIONAL) HOSPITALS,Inventory: Other supplies,72539,70787,60311,69330,82913
KwaZulu-Natal,HEALTH,Provincial Hospital Services,GENERAL (REGIONAL) HOSPITALS,Laboratory services,301574,277109,286363,473523,299361
KwaZulu-Natal,HEALTH,Provincial Hospital Services,GENERAL (REGIONAL) HOSPITALS,Legal services (G&S),0,0,661,0,0
KwaZulu-Natal,HEALTH,Provincial Hospital Services,GENERAL (REGIONAL) HOSPITALS,Minor assets,4355,3343,4423,11815,8787
KwaZulu-Natal,HEALTH,Provincial Hospital Services,GENERAL (REGIONAL) HOSPITALS,Operating leases,15957,14764,14413,19346,19941
KwaZulu-Natal,HEALTH,Provincial Hospital Services,GENERAL (REGIONAL) HOSPITALS,Operating payments,5483,6208,3976,5833,3523
KwaZulu-Natal,HEALTH,Provincial Hospital Services,GENERAL (REGIONAL) HOSPITALS,Property payments,663030,700314,713436,762401,798035
KwaZulu-Natal,HEALTH,Provincial Hospital Services,GENERAL (REGIONAL) HOSPITALS,Rental and hiring,1674,690,870,597,359
KwaZulu-Natal,HEALTH,Provincial Hospital Services,GENERAL (REGIONAL) HOSPITALS,Training and development,0,13,0,0,0
KwaZulu-Natal,HEALTH,Provincial Hospital Services,GENERAL (REGIONAL) HOSPITALS,Transport provided: Departmental activity,617,382,375,1202,358
KwaZulu-Natal,HEALTH,Provincial Hospital Services,GENERAL (REGIONAL) HOSPITALS,Travel and subsistence,1296,2886,2178,3230,2139
KwaZulu-Natal,HEALTH,Provincial Hospital Services,GENERAL (REGIONAL) HOSPITALS,Venues and facilities,0,0,21,0,0
KwaZulu-Natal,HEALTH,Provincial Hospital Services,GENERAL (REGIONAL) HOSPITALS,Interest (Incl. interest on unitary payments (PPP)),194,605,369,0,0
KwaZulu-Natal,HEALTH,Provincial Hospital Services,GENERAL (REGIONAL) HOSPITALS,Departmental agencies (non-business entities),0,0,0,98,0
KwaZulu-Natal,HEALTH,Provincial Hospital Services,GENERAL (REGIONAL) HOSPITALS,Other transfers to households,85022,52816,49990,47010,62749
KwaZulu-Natal,HEALTH,Provincial Hospital Services,GENERAL (REGIONAL) HOSPITALS,Social benefits,26824,31661,29296,35719,35719
KwaZulu-Natal,HEALTH,Provincial Hospital Services,GENERAL (REGIONAL) HOSPITALS,Provincial agencies and funds,0,0,0,0,0
KwaZulu-Natal,HEALTH,Provincial Hospital Services,GENERAL (REGIONAL) HOSPITALS,Other transfers to public corporations,37,27,0,0,98
KwaZulu-Natal,HEALTH,Provincial Hospital Services,GENERAL (REGIONAL) HOSPITALS,Payments for financial assets,420,84,297,0,0
KwaZulu-Natal,HEALTH,Provincial Hospital Services,TUBERCULOSIS HOSPITALS,Other machinery and equipment,257,750,102,1295,1295
KwaZulu-Natal,HEALTH,Provincial Hospital Services,TUBERCULOSIS HOSPITALS,Transport equipment,0,0,1450,4150,4150
KwaZulu-Natal,HEALTH,Provincial Hospital Services,TUBERCULOSIS HOSPITALS,Salaries and wages,300005,255986,239461,288746,273859
KwaZulu-Natal,HEALTH,Provincial Hospital Services,TUBERCULOSIS HOSPITALS,Social contributions,52119,45622,42903,52342,52736
KwaZulu-Natal,HEALTH,Provincial Hospital Services,TUBERCULOSIS HOSPITALS,Administrative fees,3,4,4,4,3
KwaZulu-Natal,HEALTH,Provincial Hospital Services,TUBERCULOSIS HOSPITALS,Agency and support/outsourced services,13100,11542,9583,11810,13329
KwaZulu-Natal,HEALTH,Provincial Hospital Services,TUBERCULOSIS HOSPITALS,Catering: Departmental activities,5,3,2,7,2
KwaZulu-Natal,HEALTH,Provincial Hospital Services,TUBERCULOSIS HOSPITALS,Communication (G&S),1280,1393,1722,1550,1362
KwaZulu-Natal,HEALTH,Provincial Hospital Services,TUBERCULOSIS HOSPITALS,Consultants: Business and advisory services,5,7,8,20,9
KwaZulu-Natal,HEALTH,Provincial Hospital Services,TUBERCULOSIS HOSPITALS,Consumable supplies,1755,1485,1448,2549,1679
KwaZulu-Natal,HEALTH,Provincial Hospital Services,TUBERCULOSIS HOSPITALS,"Consumables: Stationery, printing and office supplies",800,703,647,1260,1162
KwaZulu-Natal,HEALTH,Provincial Hospital Services,TUBERCULOSIS HOSPITALS,Contractors,117,142,54,136,141
KwaZulu-Natal,HEALTH,Provincial Hospital Services,TUBERCULOSIS HOSPITALS,Fleet services (including government motor transport),2044,1554,1366,1515,1281
KwaZulu-Natal,HEALTH,Provincial Hospital Services,TUBERCULOSIS HOSPITALS,Inventory: Clothing material and accessories,239,303,50,299,277
KwaZulu-Natal,HEALTH,Provincial Hospital Services,TUBERCULOSIS HOSPITALS,Inventory: Food and food supplies,1321,1225,1466,2325,2042
KwaZulu-Natal,HEALTH,Provincial Hospital Services,TUBERCULOSIS HOSPITALS,"Inventory: Fuel, oil and gas",2452,2243,245,1510,898
KwaZulu-Natal,HEALTH,Provincial Hospital Services,TUBERCULOSIS HOSPITALS,Inventory: Materials and supplies,82,101,88,96,92
KwaZulu-Natal,HEALTH,Provincial Hospital Services,TUBERCULOSIS HOSPITALS,Inventory: Medical supplies,18480,18739,13501,23301,14713
KwaZulu-Natal,HEALTH,Provincial Hospital Services,TUBERCULOSIS HOSPITALS,Inventory: Medicine,15751,8415,4858,23483,9911
KwaZulu-Natal,HEALTH,Provincial Hospital Services,TUBERCULOSIS HOSPITALS,Inventory: Other supplies,2558,2340,2033,2809,3036
KwaZulu-Natal,HEALTH,Provincial Hospital Services,TUBERCULOSIS HOSPITALS,Laboratory services,12203,10801,9742,17057,12376
KwaZulu-Natal,HEALTH,Provincial Hospital Services,TUBERCULOSIS HOSPITALS,Minor assets,212,170,81,828,600
KwaZulu-Natal,HEALTH,Provincial Hospital Services,TUBERCULOSIS HOSPITALS,Operating leases,1139,523,702,729,781
KwaZulu-Natal,HEALTH,Provincial Hospital Services,TUBERCULOSIS HOSPITALS,Operating payments,97,82,27,34,23
KwaZulu-Natal,HEALTH,Provincial Hospital Services,TUBERCULOSIS HOSPITALS,Property payments,67872,59551,62006,61688,61788
KwaZulu-Natal,HEALTH,Provincial Hospital Services,TUBERCULOSIS HOSPITALS,Training and development,0,0,0,0,0
KwaZulu-Natal,HEALTH,Provincial Hospital Services,TUBERCULOSIS HOSPITALS,Transport provided: Departmental activity,0,0,0,0,0
KwaZulu-Natal,HEALTH,Provincial Hospital Services,TUBERCULOSIS HOSPITALS,Travel and subsistence,88,92,77,182,108
KwaZulu-Natal,HEALTH,Provincial Hospital Services,TUBERCULOSIS HOSPITALS,Interest (Incl. interest on unitary payments (PPP)),12,0,0,4,4
KwaZulu-Natal,HEALTH,Provincial Hospital Services,TUBERCULOSIS HOSPITALS,Departmental agencies (non-business entities),0,0,0,19,0
KwaZulu-Natal,HEALTH,Provincial Hospital Services,TUBERCULOSIS HOSPITALS,Other transfers to households,0,0,0,1261,1261
KwaZulu-Natal,HEALTH,Provincial Hospital Services,TUBERCULOSIS HOSPITALS,Social benefits,2362,1178,1356,2082,2082
KwaZulu-Natal,HEALTH,Provincial Hospital Services,TUBERCULOSIS HOSPITALS,Provincial agencies and funds,0,0,0,0,0
KwaZulu-Natal,HEALTH,Provincial Hospital Services,TUBERCULOSIS HOSPITALS,Other transfers to public corporations,1,3,0,0,19
KwaZulu-Natal,HEALTH,Provincial Hospital Services,PSYCHIATRIC-MENTAL HOSPITALS,Other machinery and equipment,3251,3456,986,10650,10018
KwaZulu-Natal,HEALTH,Provincial Hospital Services,PSYCHIATRIC-MENTAL HOSPITALS,Transport equipment,2451,432,1003,4144,4144
KwaZulu-Natal,HEALTH,Provincial Hospital Services,PSYCHIATRIC-MENTAL HOSPITALS,Salaries and wages,672985,737074,773334,840169,771414
KwaZulu-Natal,HEALTH,Provincial Hospital Services,PSYCHIATRIC-MENTAL HOSPITALS,Social contributions,124145,135253,152801,124123,158218
KwaZulu-Natal,HEALTH,Provincial Hospital Services,PSYCHIATRIC-MENTAL HOSPITALS,Administrative fees,4,6,7,10,7
KwaZulu-Natal,HEALTH,Provincial Hospital Services,PSYCHIATRIC-MENTAL HOSPITALS,Agency and support/outsourced services,46901,49789,46614,51621,57352
KwaZulu-Natal,HEALTH,Provincial Hospital Services,PSYCHIATRIC-MENTAL HOSPITALS,Catering: Departmental activities,6,12,6,26,16
KwaZulu-Natal,HEALTH,Provincial Hospital Services,PSYCHIATRIC-MENTAL HOSPITALS,Communication (G&S),2733,3124,3030,3515,2814
KwaZulu-Natal,HEALTH,Provincial Hospital Services,PSYCHIATRIC-MENTAL HOSPITALS,Consultants: Business and advisory services,17,38,17,80,53
KwaZulu-Natal,HEALTH,Provincial Hospital Services,PSYCHIATRIC-MENTAL HOSPITALS,Consumable supplies,4254,4587,4504,5894,4903
KwaZulu-Natal,HEALTH,Provincial Hospital Services,PSYCHIATRIC-MENTAL HOSPITALS,"Consumables: Stationery, printing and office supplies",1630,1780,1459,3764,2671
KwaZulu-Natal,HEALTH,Provincial Hospital Services,PSYCHIATRIC-MENTAL HOSPITALS,Contractors,271,240,221,612,549
KwaZulu-Natal,HEALTH,Provincial Hospital Services,PSYCHIATRIC-MENTAL HOSPITALS,Entertainment,0,0,0,-26,0
KwaZulu-Natal,HEALTH,Provincial Hospital Services,PSYCHIATRIC-MENTAL HOSPITALS,Fleet services (including government motor transport),3345,3155,3215,3820,5011
KwaZulu-Natal,HEALTH,Provincial Hospital Services,PSYCHIATRIC-MENTAL HOSPITALS,Inventory: Clothing material and accessories,995,855,590,1000,1424
KwaZulu-Natal,HEALTH,Provincial Hospital Services,PSYCHIATRIC-MENTAL HOSPITALS,Inventory: Food and food supplies,4587,5678,6085,11178,7017
KwaZulu-Natal,HEALTH,Provincial Hospital Services,PSYCHIATRIC-MENTAL HOSPITALS,"Inventory: Fuel, oil and gas",3132,4215,907,3851,1642
KwaZulu-Natal,HEALTH,Provincial Hospital Services,PSYCHIATRIC-MENTAL HOSPITALS,Inventory: Materials and supplies,610,680,672,2084,1223
KwaZulu-Natal,HEALTH,Provincial Hospital Services,PSYCHIATRIC-MENTAL HOSPITALS,Inventory: Medical supplies,7357,10206,9730,19599,10012
KwaZulu-Natal,HEALTH,Provincial Hospital Services,PSYCHIATRIC-MENTAL HOSPITALS,Inventory: Medicine,16428,16549,13919,18687,19549
KwaZulu-Natal,HEALTH,Provincial Hospital Services,PSYCHIATRIC-MENTAL HOSPITALS,Inventory: Other supplies,5364,6562,4846,9084,7838
KwaZulu-Natal,HEALTH,Provincial Hospital Services,PSYCHIATRIC-MENTAL HOSPITALS,Laboratory services,3912,3666,3589,6819,4264
KwaZulu-Natal,HEALTH,Provincial Hospital Services,PSYCHIATRIC-MENTAL HOSPITALS,Minor assets,794,667,558,2083,1355
KwaZulu-Natal,HEALTH,Provincial Hospital Services,PSYCHIATRIC-MENTAL HOSPITALS,Operating leases,1402,1530,1875,1481,2290
KwaZulu-Natal,HEALTH,Provincial Hospital Services,PSYCHIATRIC-MENTAL HOSPITALS,Operating payments,209,331,354,507,437
KwaZulu-Natal,HEALTH,Provincial Hospital Services,PSYCHIATRIC-MENTAL HOSPITALS,Property payments,108673,121100,121876,128586,145744
KwaZulu-Natal,HEALTH,Provincial Hospital Services,PSYCHIATRIC-MENTAL HOSPITALS,Rental and hiring,17,19,11,-1,0
KwaZulu-Natal,HEALTH,Provincial Hospital Services,PSYCHIATRIC-MENTAL HOSPITALS,Transport provided: Departmental activity,0,7,9,0,13
KwaZulu-Natal,HEALTH,Provincial Hospital Services,PSYCHIATRIC-MENTAL HOSPITALS,Travel and subsistence,109,212,190,209,142
KwaZulu-Natal,HEALTH,Provincial Hospital Services,PSYCHIATRIC-MENTAL HOSPITALS,Venues and facilities,0,0,0,0,0
KwaZulu-Natal,HEALTH,Provincial Hospital Services,PSYCHIATRIC-MENTAL HOSPITALS,Interest (Incl. interest on unitary payments (PPP)),1,6,14,0,0
KwaZulu-Natal,HEALTH,Provincial Hospital Services,PSYCHIATRIC-MENTAL HOSPITALS,Departmental agencies (non-business entities),0,0,0,6,0
KwaZulu-Natal,HEALTH,Provincial Hospital Services,PSYCHIATRIC-MENTAL HOSPITALS,Other transfers to households,0,0,0,6301,3847
KwaZulu-Natal,HEALTH,Provincial Hospital Services,PSYCHIATRIC-MENTAL HOSPITALS,Social benefits,3607,4689,5792,4358,4358
KwaZulu-Natal,HEALTH,Provincial Hospital Services,PSYCHIATRIC-MENTAL HOSPITALS,Provincial agencies and funds,0,0,0,0,0
KwaZulu-Natal,HEALTH,Provincial Hospital Services,PSYCHIATRIC-MENTAL HOSPITALS,Other transfers to public corporations,27,22,14,0,6
KwaZulu-Natal,HEALTH,Provincial Hospital Services,PSYCHIATRIC-MENTAL HOSPITALS,Payments for financial assets,79,5,0,0,0
KwaZulu-Natal,HEALTH,Provincial Hospital Services,"SUB-ACUTE, STEP-DOWN AND CHRONIC MEDICAL HOSPITALS",Other machinery and equipment,1276,1981,4401,33703,21154
KwaZulu-Natal,HEALTH,Provincial Hospital Services,"SUB-ACUTE, STEP-DOWN AND CHRONIC MEDICAL HOSPITALS",Salaries and wages,241117,202589,227048,256448,233439
KwaZulu-Natal,HEALTH,Provincial Hospital Services,"SUB-ACUTE, STEP-DOWN AND CHRONIC MEDICAL HOSPITALS",Social contributions,43853,39233,45624,40055,47504
KwaZulu-Natal,HEALTH,Provincial Hospital Services,"SUB-ACUTE, STEP-DOWN AND CHRONIC MEDICAL HOSPITALS",Administrative fees,0,0,1,2,2
KwaZulu-Natal,HEALTH,Provincial Hospital Services,"SUB-ACUTE, STEP-DOWN AND CHRONIC MEDICAL HOSPITALS",Agency and support/outsourced services,4618,4172,3418,4675,4020
KwaZulu-Natal,HEALTH,Provincial Hospital Services,"SUB-ACUTE, STEP-DOWN AND CHRONIC MEDICAL HOSPITALS",Communication (G&S),682,709,728,820,601
KwaZulu-Natal,HEALTH,Provincial Hospital Services,"SUB-ACUTE, STEP-DOWN AND CHRONIC MEDICAL HOSPITALS",Consultants: Business and advisory services,0,0,0,13,8
KwaZulu-Natal,HEALTH,Provincial Hospital Services,"SUB-ACUTE, STEP-DOWN AND CHRONIC MEDICAL HOSPITALS",Consumable supplies,897,928,991,1066,1070
KwaZulu-Natal,HEALTH,Provincial Hospital Services,"SUB-ACUTE, STEP-DOWN AND CHRONIC MEDICAL HOSPITALS","Consumables: Stationery, printing and office supplies",622,766,535,1083,672
KwaZulu-Natal,HEALTH,Provincial Hospital Services,"SUB-ACUTE, STEP-DOWN AND CHRONIC MEDICAL HOSPITALS",Contractors,786,604,427,997,1000
KwaZulu-Natal,HEALTH,Provincial Hospital Services,"SUB-ACUTE, STEP-DOWN AND CHRONIC MEDICAL HOSPITALS",Fleet services (including government motor transport),491,527,504,677,600
KwaZulu-Natal,HEALTH,Provincial Hospital Services,"SUB-ACUTE, STEP-DOWN AND CHRONIC MEDICAL HOSPITALS",Inventory: Clothing material and accessories,587,102,1,262,262
KwaZulu-Natal,HEALTH,Provincial Hospital Services,"SUB-ACUTE, STEP-DOWN AND CHRONIC MEDICAL HOSPITALS",Inventory: Food and food supplies,2704,2625,2673,3087,3354
KwaZulu-Natal,HEALTH,Provincial Hospital Services,"SUB-ACUTE, STEP-DOWN AND CHRONIC MEDICAL HOSPITALS","Inventory: Fuel, oil and gas",296,944,108,1521,277
KwaZulu-Natal,HEALTH,Provincial Hospital Services,"SUB-ACUTE, STEP-DOWN AND CHRONIC MEDICAL HOSPITALS",Inventory: Materials and supplies,19,214,49,130,78
KwaZulu-Natal,HEALTH,Provincial Hospital Services,"SUB-ACUTE, STEP-DOWN AND CHRONIC MEDICAL HOSPITALS",Inventory: Medical supplies,14507,17683,8144,26959,12518
KwaZulu-Natal,HEALTH,Provincial Hospital Services,"SUB-ACUTE, STEP-DOWN AND CHRONIC MEDICAL HOSPITALS",Inventory: Medicine,14988,14935,9901,15188,13363
KwaZulu-Natal,HEALTH,Provincial Hospital Services,"SUB-ACUTE, STEP-DOWN AND CHRONIC MEDICAL HOSPITALS",Inventory: Other supplies,1520,1773,1098,2156,2206
KwaZulu-Natal,HEALTH,Provincial Hospital Services,"SUB-ACUTE, STEP-DOWN AND CHRONIC MEDICAL HOSPITALS",Laboratory services,1970,2225,1054,2176,1168
KwaZulu-Natal,HEALTH,Provincial Hospital Services,"SUB-ACUTE, STEP-DOWN AND CHRONIC MEDICAL HOSPITALS",Minor assets,121,113,73,512,366
KwaZulu-Natal,HEALTH,Provincial Hospital Services,"SUB-ACUTE, STEP-DOWN AND CHRONIC MEDICAL HOSPITALS",Operating leases,962,847,684,1039,807
KwaZulu-Natal,HEALTH,Provincial Hospital Services,"SUB-ACUTE, STEP-DOWN AND CHRONIC MEDICAL HOSPITALS",Operating payments,60,76,83,155,-46
KwaZulu-Natal,HEALTH,Provincial Hospital Services,"SUB-ACUTE, STEP-DOWN AND CHRONIC MEDICAL HOSPITALS",Property payments,34106,35163,32334,41444,39889
KwaZulu-Natal,HEALTH,Provincial Hospital Services,"SUB-ACUTE, STEP-DOWN AND CHRONIC MEDICAL HOSPITALS",Travel and subsistence,0,22,13,69,41
KwaZulu-Natal,HEALTH,Provincial Hospital Services,"SUB-ACUTE, STEP-DOWN AND CHRONIC MEDICAL HOSPITALS",Interest (Incl. interest on unitary payments (PPP)),27,5,5,0,0
KwaZulu-Natal,HEALTH,Provincial Hospital Services,"SUB-ACUTE, STEP-DOWN AND CHRONIC MEDICAL HOSPITALS",Other transfers to households,0,0,1457,0,0
KwaZulu-Natal,HEALTH,Provincial Hospital Services,"SUB-ACUTE, STEP-DOWN AND CHRONIC MEDICAL HOSPITALS",Social benefits,488,816,713,1634,1634
KwaZulu-Natal,HEALTH,Provincial Hospital Services,"SUB-ACUTE, STEP-DOWN AND CHRONIC MEDICAL HOSPITALS",Provincial agencies and funds,0,0,0,0,0
KwaZulu-Natal,HEALTH,Provincial Hospital Services,"SUB-ACUTE, STEP-DOWN AND CHRONIC MEDICAL HOSPITALS",Other transfers to public corporations,0,6,0,0,0
KwaZulu-Natal,HEALTH,Provincial Hospital Services,"SUB-ACUTE, STEP-DOWN AND CHRONIC MEDICAL HOSPITALS",Payments for financial assets,0,2,0,0,0
KwaZulu-Natal,HEALTH,Provincial Hospital Services,DENTAL TRAINING HOSPITAL,Other machinery and equipment,0,0,211,49,49
KwaZulu-Natal,HEALTH,Provincial Hospital Services,DENTAL TRAINING HOSPITAL,Salaries and wages,15515,16075,15520,16448,14493
KwaZulu-Natal,HEALTH,Provincial Hospital Services,DENTAL TRAINING HOSPITAL,Social contributions,2706,2865,2628,2981,2494
KwaZulu-Natal,HEALTH,Provincial Hospital Services,DENTAL TRAINING HOSPITAL,Agency and support/outsourced services,56,27,8,44,10
KwaZulu-Natal,HEALTH,Provincial Hospital Services,DENTAL TRAINING HOSPITAL,Communication (G&S),32,33,35,41,24
KwaZulu-Natal,HEALTH,Provincial Hospital Services,DENTAL TRAINING HOSPITAL,Consumable supplies,3,1,0,74,0
KwaZulu-Natal,HEALTH,Provincial Hospital Services,DENTAL TRAINING HOSPITAL,"Consumables: Stationery, printing and office supplies",6,0,0,7,4
KwaZulu-Natal,HEALTH,Provincial Hospital Services,DENTAL TRAINING HOSPITAL,Contractors,0,0,0,0,17
KwaZulu-Natal,HEALTH,Provincial Hospital Services,DENTAL TRAINING HOSPITAL,Inventory: Medical supplies,795,762,335,1512,838
KwaZulu-Natal,HEALTH,Provincial Hospital Services,DENTAL TRAINING HOSPITAL,Inventory: Medicine,193,222,23,435,244
KwaZulu-Natal,HEALTH,Provincial Hospital Services,DENTAL TRAINING HOSPITAL,Inventory: Other supplies,26,18,0,34,49
KwaZulu-Natal,HEALTH,Provincial Hospital Services,DENTAL TRAINING HOSPITAL,Operating leases,38,34,14,29,18
KwaZulu-Natal,HEALTH,Provincial Hospital Services,DENTAL TRAINING HOSPITAL,Property payments,0,0,1,0,52
KwaZulu-Natal,HEALTH,Provincial Hospital Services,DENTAL TRAINING HOSPITAL,Travel and subsistence,0,0,0,17,10
KwaZulu-Natal,HEALTH,Provincial Hospital Services,DENTAL TRAINING HOSPITAL,Social benefits,130,369,92,0,0
KwaZulu-Natal,HEALTH,Central Hospital Services,CENTRAL HOSPITAL SERVICES,Other machinery and equipment,0,0,0,1794,0
KwaZulu-Natal,HEALTH,Central Hospital Services,CENTRAL HOSPITAL SERVICES,Transport equipment,0,465,0,0,0
KwaZulu-Natal,HEALTH,Central Hospital Services,CENTRAL HOSPITAL SERVICES,Salaries and wages,1123590,1158754,1231178,1236920,1297035
KwaZulu-Natal,HEALTH,Central Hospital Services,CENTRAL HOSPITAL SERVICES,Social contributions,163250,174032,185448,95658,187971
KwaZulu-Natal,HEALTH,Central Hospital Services,CENTRAL HOSPITAL SERVICES,Administrative fees,-6,8,3,5,5
KwaZulu-Natal,HEALTH,Central Hospital Services,CENTRAL HOSPITAL SERVICES,Advertising,43,0,0,7,0
KwaZulu-Natal,HEALTH,Central Hospital Services,CENTRAL HOSPITAL SERVICES,Agency and support/outsourced services,709654,741081,871603,955896,701108
KwaZulu-Natal,HEALTH,Central Hospital Services,CENTRAL HOSPITAL SERVICES,Catering: Departmental activities,1,14,0,14,8
KwaZulu-Natal,HEALTH,Central Hospital Services,CENTRAL HOSPITAL SERVICES,Communication (G&S),1041,850,313,841,532
KwaZulu-Natal,HEALTH,Central Hospital Services,CENTRAL HOSPITAL SERVICES,Consultants: Business and advisory services,0,0,4,0,2
KwaZulu-Natal,HEALTH,Central Hospital Services,CENTRAL HOSPITAL SERVICES,Consumable supplies,4475,4391,4770,6269,5017
KwaZulu-Natal,HEALTH,Central Hospital Services,CENTRAL HOSPITAL SERVICES,"Consumables: Stationery, printing and office supplies",377,581,298,705,440
KwaZulu-Natal,HEALTH,Central Hospital Services,CENTRAL HOSPITAL SERVICES,Contractors,20956,24150,65,4636,67
KwaZulu-Natal,HEALTH,Central Hospital Services,CENTRAL HOSPITAL SERVICES,Fleet services (including government motor transport),71,121,124,133,152
KwaZulu-Natal,HEALTH,Central Hospital Services,CENTRAL HOSPITAL SERVICES,Inventory: Clothing material and accessories,1144,677,529,931,918
KwaZulu-Natal,HEALTH,Central Hospital Services,CENTRAL HOSPITAL SERVICES,Inventory: Food and food supplies,4211,3839,2742,3930,3097
KwaZulu-Natal,HEALTH,Central Hospital Services,CENTRAL HOSPITAL SERVICES,"Inventory: Fuel, oil and gas",17222,17967,662,8333,6378
KwaZulu-Natal,HEALTH,Central Hospital Services,CENTRAL HOSPITAL SERVICES,Inventory: Medical supplies,369864,377881,286932,297196,328980
KwaZulu-Natal,HEALTH,Central Hospital Services,CENTRAL HOSPITAL SERVICES,Inventory: Medicine,100307,97578,88186,96065,109223
KwaZulu-Natal,HEALTH,Central Hospital Services,CENTRAL HOSPITAL SERVICES,Inventory: Other supplies,12728,13132,5645,13568,6114
KwaZulu-Natal,HEALTH,Central Hospital Services,CENTRAL HOSPITAL SERVICES,Laboratory services,100999,72525,71505,105726,101000
KwaZulu-Natal,HEALTH,Central Hospital Services,CENTRAL HOSPITAL SERVICES,Operating payments,370,308,484,316,461
KwaZulu-Natal,HEALTH,Central Hospital Services,CENTRAL HOSPITAL SERVICES,Property payments,50670,66187,18753,57068,49836
KwaZulu-Natal,HEALTH,Central Hospital Services,CENTRAL HOSPITAL SERVICES,Transport provided: Departmental activity,1,0,0,0,0
KwaZulu-Natal,HEALTH,Central Hospital Services,CENTRAL HOSPITAL SERVICES,Travel and subsistence,133,205,196,217,132
KwaZulu-Natal,HEALTH,Central Hospital Services,CENTRAL HOSPITAL SERVICES,Other transfers to households,3000,0,2000,7019,7019
KwaZulu-Natal,HEALTH,Central Hospital Services,CENTRAL HOSPITAL SERVICES,Social benefits,5401,3161,4138,5872,6872
KwaZulu-Natal,HEALTH,Central Hospital Services,CENTRAL HOSPITAL SERVICES,Provincial agencies and funds,0,0,0,0,0
KwaZulu-Natal,HEALTH,Central Hospital Services,CENTRAL HOSPITAL SERVICES,Other transfers to public corporations,65,52,51,0,0
KwaZulu-Natal,HEALTH,Central Hospital Services,CENTRAL HOSPITAL SERVICES,Payments for financial assets,0,141,14,0,0
KwaZulu-Natal,HEALTH,Central Hospital Services,PROVINCIAL TERTIARY HOSPITAL SERVICES,Other machinery and equipment,33644,36781,46161,159795,79480
KwaZulu-Natal,HEALTH,Central Hospital Services,PROVINCIAL TERTIARY HOSPITAL SERVICES,Transport equipment,0,931,502,1446,1446
KwaZulu-Natal,HEALTH,Central Hospital Services,PROVINCIAL TERTIARY HOSPITAL SERVICES,Salaries and wages,1735009,1849780,1916649,1860248,1966509
KwaZulu-Natal,HEALTH,Central Hospital Services,PROVINCIAL TERTIARY HOSPITAL SERVICES,Social contributions,246734,274309,292477,259396,298439
KwaZulu-Natal,HEALTH,Central Hospital Services,PROVINCIAL TERTIARY HOSPITAL SERVICES,Administrative fees,11,6,5,17,3
KwaZulu-Natal,HEALTH,Central Hospital Services,PROVINCIAL TERTIARY HOSPITAL SERVICES,Agency and support/outsourced services,50556,46752,44575,58782,52111
KwaZulu-Natal,HEALTH,Central Hospital Services,PROVINCIAL TERTIARY HOSPITAL SERVICES,Catering: Departmental activities,22,5,4,23,13
KwaZulu-Natal,HEALTH,Central Hospital Services,PROVINCIAL TERTIARY HOSPITAL SERVICES,Communication (G&S),5530,5665,5783,5219,4382
KwaZulu-Natal,HEALTH,Central Hospital Services,PROVINCIAL TERTIARY HOSPITAL SERVICES,Computer services,5928,1577,0,296,186
KwaZulu-Natal,HEALTH,Central Hospital Services,PROVINCIAL TERTIARY HOSPITAL SERVICES,Consultants: Business and advisory services,76,59,86,165,85
KwaZulu-Natal,HEALTH,Central Hospital Services,PROVINCIAL TERTIARY HOSPITAL SERVICES,Consumable supplies,6751,7063,7250,9420,7412
KwaZulu-Natal,HEALTH,Central Hospital Services,PROVINCIAL TERTIARY HOSPITAL SERVICES,"Consumables: Stationery, printing and office supplies",3893,5564,4345,4134,6246
KwaZulu-Natal,HEALTH,Central Hospital Services,PROVINCIAL TERTIARY HOSPITAL SERVICES,Contractors,38828,55343,15615,50435,72971
KwaZulu-Natal,HEALTH,Central Hospital Services,PROVINCIAL TERTIARY HOSPITAL SERVICES,Fleet services (including government motor transport),1063,935,858,1112,1122
KwaZulu-Natal,HEALTH,Central Hospital Services,PROVINCIAL TERTIARY HOSPITAL SERVICES,Inventory: Clothing material and accessories,2240,2028,2776,2895,3578
KwaZulu-Natal,HEALTH,Central Hospital Services,PROVINCIAL TERTIARY HOSPITAL SERVICES,Inventory: Food and food supplies,3536,3861,3927,4968,5424
KwaZulu-Natal,HEALTH,Central Hospital Services,PROVINCIAL TERTIARY HOSPITAL SERVICES,"Inventory: Fuel, oil and gas",16304,12991,9161,17866,8123
KwaZulu-Natal,HEALTH,Central Hospital Services,PROVINCIAL TERTIARY HOSPITAL SERVICES,Inventory: Materials and supplies,1878,1649,1708,2053,1407
KwaZulu-Natal,HEALTH,Central Hospital Services,PROVINCIAL TERTIARY HOSPITAL SERVICES,Inventory: Medical supplies,366486,374340,379027,402906,399965
KwaZulu-Natal,HEALTH,Central Hospital Services,PROVINCIAL TERTIARY HOSPITAL SERVICES,Inventory: Medicine,170317,174540,136020,165291,153474
KwaZulu-Natal,HEALTH,Central Hospital Services,PROVINCIAL TERTIARY HOSPITAL SERVICES,Inventory: Other supplies,11935,13410,9540,10271,11083
KwaZulu-Natal,HEALTH,Central Hospital Services,PROVINCIAL TERTIARY HOSPITAL SERVICES,Laboratory services,126964,84422,90642,156270,135043
KwaZulu-Natal,HEALTH,Central Hospital Services,PROVINCIAL TERTIARY HOSPITAL SERVICES,Minor assets,648,741,393,2158,633
KwaZulu-Natal,HEALTH,Central Hospital Services,PROVINCIAL TERTIARY HOSPITAL SERVICES,Operating leases,2547,2181,2652,2596,2740
KwaZulu-Natal,HEALTH,Central Hospital Services,PROVINCIAL TERTIARY HOSPITAL SERVICES,Operating payments,1070,1858,559,1824,404
KwaZulu-Natal,HEALTH,Central Hospital Services,PROVINCIAL TERTIARY HOSPITAL SERVICES,Property payments,124974,134684,141368,106767,148784
KwaZulu-Natal,HEALTH,Central Hospital Services,PROVINCIAL TERTIARY HOSPITAL SERVICES,Rental and hiring,47,3,0,2,0
KwaZulu-Natal,HEALTH,Central Hospital Services,PROVINCIAL TERTIARY HOSPITAL SERVICES,Travel and subsistence,455,184,220,801,226
KwaZulu-Natal,HEALTH,Central Hospital Services,PROVINCIAL TERTIARY HOSPITAL SERVICES,Interest (Incl. interest on unitary payments (PPP)),26,0,57,0,0
KwaZulu-Natal,HEALTH,Central Hospital Services,PROVINCIAL TERTIARY HOSPITAL SERVICES,Departmental agencies (non-business entities),0,0,0,90,0
KwaZulu-Natal,HEALTH,Central Hospital Services,PROVINCIAL TERTIARY HOSPITAL SERVICES,Other transfers to households,8661,339,9834,26644,26644
KwaZulu-Natal,HEALTH,Central Hospital Services,PROVINCIAL TERTIARY HOSPITAL SERVICES,Social benefits,7298,9799,10251,10257,9257
KwaZulu-Natal,HEALTH,Central Hospital Services,PROVINCIAL TERTIARY HOSPITAL SERVICES,Other transfers to public corporations,32,44,0,0,90
KwaZulu-Natal,HEALTH,Central Hospital Services,PROVINCIAL TERTIARY HOSPITAL SERVICES,Payments for financial assets,55,1,56,0,0
KwaZulu-Natal,HEALTH,Health Sciences and Training,NURSING TRAINING COLLEGES,Other machinery and equipment,188,156,184,1984,2001
KwaZulu-Natal,HEALTH,Health Sciences and Training,NURSING TRAINING COLLEGES,Transport equipment,1214,1795,2229,4397,4397
KwaZulu-Natal,HEALTH,Health Sciences and Training,NURSING TRAINING COLLEGES,Salaries and wages,169797,181621,180860,203796,181268
KwaZulu-Natal,HEALTH,Health Sciences and Training,NURSING TRAINING COLLEGES,Social contributions,24067,26743,26907,13368,26841
KwaZulu-Natal,HEALTH,Health Sciences and Training,NURSING TRAINING COLLEGES,Administrative fees,229,208,168,268,212
KwaZulu-Natal,HEALTH,Health Sciences and Training,NURSING TRAINING COLLEGES,Advertising,27,28,27,34,20
KwaZulu-Natal,HEALTH,Health Sciences and Training,NURSING TRAINING COLLEGES,Agency and support/outsourced services,7,17,11,0,10
KwaZulu-Natal,HEALTH,Health Sciences and Training,NURSING TRAINING COLLEGES,Catering: Departmental activities,34,85,84,105,85
KwaZulu-Natal,HEALTH,Health Sciences and Training,NURSING TRAINING COLLEGES,Communication (G&S),498,527,624,527,525
KwaZulu-Natal,HEALTH,Health Sciences and Training,NURSING TRAINING COLLEGES,Computer services,0,0,0,10602,10580
KwaZulu-Natal,HEALTH,Health Sciences and Training,NURSING TRAINING COLLEGES,Consultants: Business and advisory services,0,13,13,52,40
KwaZulu-Natal,HEALTH,Health Sciences and Training,NURSING TRAINING COLLEGES,Consumable supplies,542,609,598,737,661
KwaZulu-Natal,HEALTH,Health Sciences and Training,NURSING TRAINING COLLEGES,"Consumables: Stationery, printing and office supplies",425,565,608,832,631
KwaZulu-Natal,HEALTH,Health Sciences and Training,NURSING TRAINING COLLEGES,Contractors,12,2,2,13,2
KwaZulu-Natal,HEALTH,Health Sciences and Training,NURSING TRAINING COLLEGES,Fleet services (including government motor transport),1991,3173,2695,2962,4247
KwaZulu-Natal,HEALTH,Health Sciences and Training,NURSING TRAINING COLLEGES,Inventory: Clothing material and accessories,43,104,43,175,191
KwaZulu-Natal,HEALTH,Health Sciences and Training,NURSING TRAINING COLLEGES,"Inventory: Fuel, oil and gas",318,235,0,529,314
KwaZulu-Natal,HEALTH,Health Sciences and Training,NURSING TRAINING COLLEGES,Inventory: Learner and teacher support material,-545,0,0,0,0
KwaZulu-Natal,HEALTH,Health Sciences and Training,NURSING TRAINING COLLEGES,Inventory: Materials and supplies,75,86,47,138,98
KwaZulu-Natal,HEALTH,Health Sciences and Training,NURSING TRAINING COLLEGES,Inventory: Medical supplies,102,25,10,63,32
KwaZulu-Natal,HEALTH,Health Sciences and Training,NURSING TRAINING COLLEGES,Inventory: Other supplies,349,423,391,574,676
KwaZulu-Natal,HEALTH,Health Sciences and Training,NURSING TRAINING COLLEGES,Minor assets,61,55,131,502,322
KwaZulu-Natal,HEALTH,Health Sciences and Training,NURSING TRAINING COLLEGES,Operating leases,935,1661,1054,1316,1095
KwaZulu-Natal,HEALTH,Health Sciences and Training,NURSING TRAINING COLLEGES,Operating payments,671,420,832,970,760
KwaZulu-Natal,HEALTH,Health Sciences and Training,NURSING TRAINING COLLEGES,Property payments,6868,7475,8131,8462,11308
KwaZulu-Natal,HEALTH,Health Sciences and Training,NURSING TRAINING COLLEGES,Training and development,0,0,0,162,123
KwaZulu-Natal,HEALTH,Health Sciences and Training,NURSING TRAINING COLLEGES,Travel and subsistence,1420,1797,1903,2314,1439
KwaZulu-Natal,HEALTH,Health Sciences and Training,NURSING TRAINING COLLEGES,Venues and facilities,0,197,203,420,402
KwaZulu-Natal,HEALTH,Health Sciences and Training,NURSING TRAINING COLLEGES,Interest (Incl. interest on unitary payments (PPP)),1,0,0,0,0
KwaZulu-Natal,HEALTH,Health Sciences and Training,NURSING TRAINING COLLEGES,Social benefits,2566,1932,2224,2269,2269
KwaZulu-Natal,HEALTH,Health Sciences and Training,EMS TRAINING COLLEGES,Other machinery and equipment,314,34,30,2479,2479
KwaZulu-Natal,HEALTH,Health Sciences and Training,EMS TRAINING COLLEGES,Salaries and wages,17976,18090,18626,26367,16981
KwaZulu-Natal,HEALTH,Health Sciences and Training,EMS TRAINING COLLEGES,Social contributions,2878,2811,2733,75,2620
KwaZulu-Natal,HEALTH,Health Sciences and Training,EMS TRAINING COLLEGES,Administrative fees,6,4,1,2,1
KwaZulu-Natal,HEALTH,Health Sciences and Training,EMS TRAINING COLLEGES,Catering: Departmental activities,0,8,4,22,17
KwaZulu-Natal,HEALTH,Health Sciences and Training,EMS TRAINING COLLEGES,Communication (G&S),181,176,180,194,175
KwaZulu-Natal,HEALTH,Health Sciences and Training,EMS TRAINING COLLEGES,Computer services,0,289,429,966,579
KwaZulu-Natal,HEALTH,Health Sciences and Training,EMS TRAINING COLLEGES,Consultants: Business and advisory services,0,0,2,4,2
KwaZulu-Natal,HEALTH,Health Sciences and Training,EMS TRAINING COLLEGES,Consumable supplies,10,0,109,209,115
KwaZulu-Natal,HEALTH,Health Sciences and Training,EMS TRAINING COLLEGES,"Consumables: Stationery, printing and office supplies",27,50,38,82,54
KwaZulu-Natal,HEALTH,Health Sciences and Training,EMS TRAINING COLLEGES,Contractors,0,0,0,10,0
KwaZulu-Natal,HEALTH,Health Sciences and Training,EMS TRAINING COLLEGES,Fleet services (including government motor transport),325,1653,2014,1209,1941
KwaZulu-Natal,HEALTH,Health Sciences and Training,EMS TRAINING COLLEGES,Inventory: Clothing material and accessories,24,0,0,262,263
KwaZulu-Natal,HEALTH,Health Sciences and Training,EMS TRAINING COLLEGES,"Inventory: Fuel, oil and gas",0,0,0,5,4
KwaZulu-Natal,HEALTH,Health Sciences and Training,EMS TRAINING COLLEGES,Inventory: Materials and supplies,20,0,137,0,1
KwaZulu-Natal,HEALTH,Health Sciences and Training,EMS TRAINING COLLEGES,Inventory: Medical supplies,250,0,486,16,0
KwaZulu-Natal,HEALTH,Health Sciences and Training,EMS TRAINING COLLEGES,Inventory: Other supplies,26,26,4,23,23
KwaZulu-Natal,HEALTH,Health Sciences and Training,EMS TRAINING COLLEGES,Minor assets,137,0,80,199,120
KwaZulu-Natal,HEALTH,Health Sciences and Training,EMS TRAINING COLLEGES,Operating payments,5,0,39,90,98
KwaZulu-Natal,HEALTH,Health Sciences and Training,EMS TRAINING COLLEGES,Property payments,1187,163,1899,2189,2246
KwaZulu-Natal,HEALTH,Health Sciences and Training,EMS TRAINING COLLEGES,Travel and subsistence,106,28,26,34,21
KwaZulu-Natal,HEALTH,Health Sciences and Training,EMS TRAINING COLLEGES,Social benefits,208,59,87,0,0
KwaZulu-Natal,HEALTH,Health Sciences and Training,BURSARIES,Administrative fees,128,85,22,63,64
KwaZulu-Natal,HEALTH,Health Sciences and Training,BURSARIES,Bursaries: Employees,9428,12793,13884,25300,25300
KwaZulu-Natal,HEALTH,Health Sciences and Training,BURSARIES,Travel and subsistence,1336,826,380,151,151
KwaZulu-Natal,HEALTH,Health Sciences and Training,BURSARIES,Other transfers to households,32681,11656,39648,88134,83134
KwaZulu-Natal,HEALTH,Health Sciences and Training,PRIMARY HEALTH CARE TRAINING,Other machinery and equipment,326,0,0,2290,2290
KwaZulu-Natal,HEALTH,Health Sciences and Training,PRIMARY HEALTH CARE TRAINING,Transport equipment,0,0,0,3152,3152
KwaZulu-Natal,HEALTH,Health Sciences and Training,PRIMARY HEALTH CARE TRAINING,Salaries and wages,25839,27917,29392,34267,33650
KwaZulu-Natal,HEALTH,Health Sciences and Training,PRIMARY HEALTH CARE TRAINING,Social contributions,3789,4212,4348,1534,1462
KwaZulu-Natal,HEALTH,Health Sciences and Training,PRIMARY HEALTH CARE TRAINING,Consumable supplies,76,84,71,142,142
KwaZulu-Natal,HEALTH,Health Sciences and Training,PRIMARY HEALTH CARE TRAINING,"Consumables: Stationery, printing and office supplies",0,0,0,6,6
KwaZulu-Natal,HEALTH,Health Sciences and Training,PRIMARY HEALTH CARE TRAINING,Inventory: Learner and teacher support material,545,37,11,1452,859
KwaZulu-Natal,HEALTH,Health Sciences and Training,PRIMARY HEALTH CARE TRAINING,Medsas inventory interface,0,0,0,0,0
KwaZulu-Natal,HEALTH,Health Sciences and Training,PRIMARY HEALTH CARE TRAINING,Operating leases,0,0,0,28,28
KwaZulu-Natal,HEALTH,Health Sciences and Training,PRIMARY HEALTH CARE TRAINING,Operating payments,0,52,11,56,12
KwaZulu-Natal,HEALTH,Health Sciences and Training,PRIMARY HEALTH CARE TRAINING,Property payments,0,0,0,0,0
KwaZulu-Natal,HEALTH,Health Sciences and Training,PRIMARY HEALTH CARE TRAINING,Training and development,0,0,0,2288,895
KwaZulu-Natal,HEALTH,Health Sciences and Training,PRIMARY HEALTH CARE TRAINING,Travel and subsistence,41,54,54,50,50
KwaZulu-Natal,HEALTH,Health Sciences and Training,PRIMARY HEALTH CARE TRAINING,Social benefits,263,232,761,587,587
KwaZulu-Natal,HEALTH,Health Sciences and Training,TRAINING OTHER,Other machinery and equipment,0,247,0,0,0
KwaZulu-Natal,HEALTH,Health Sciences and Training,TRAINING OTHER,Salaries and wages,987487,975974,976762,1069032,1030627
KwaZulu-Natal,HEALTH,Health Sciences and Training,TRAINING OTHER,Social contributions,2567,3128,3740,2652,3321
KwaZulu-Natal,HEALTH,Health Sciences and Training,TRAINING OTHER,Administrative fees,360,1103,976,655,623
KwaZulu-Natal,HEALTH,Health Sciences and Training,TRAINING OTHER,Agency and support/outsourced services,38,11,5,10,8
KwaZulu-Natal,HEALTH,Health Sciences and Training,TRAINING OTHER,Bursaries: Employees,414,115,369,488,5245
KwaZulu-Natal,HEALTH,Health Sciences and Training,TRAINING OTHER,Catering: Departmental activities,164,1209,549,219,799
KwaZulu-Natal,HEALTH,Health Sciences and Training,TRAINING OTHER,Communication (G&S),137,58,61,70,72
KwaZulu-Natal,HEALTH,Health Sciences and Training,TRAINING OTHER,Computer services,0,4,5,6,6
KwaZulu-Natal,HEALTH,Health Sciences and Training,TRAINING OTHER,Consultants: Business and advisory services,0,75,0,0,64
KwaZulu-Natal,HEALTH,Health Sciences and Training,TRAINING OTHER,Consumable supplies,3,2,5,7,15
KwaZulu-Natal,HEALTH,Health Sciences and Training,TRAINING OTHER,"Consumables: Stationery, printing and office supplies",262,1662,986,1040,1091
KwaZulu-Natal,HEALTH,Health Sciences and Training,TRAINING OTHER,Inventory: Clothing material and accessories,1,1,0,1,0
KwaZulu-Natal,HEALTH,Health Sciences and Training,TRAINING OTHER,"Inventory: Fuel, oil and gas",125,711,109,114,146
KwaZulu-Natal,HEALTH,Health Sciences and Training,TRAINING OTHER,Inventory: Learner and teacher support material,89,173,746,709,458
KwaZulu-Natal,HEALTH,Health Sciences and Training,TRAINING OTHER,Inventory: Materials and supplies,32,20,5,71,51
KwaZulu-Natal,HEALTH,Health Sciences and Training,TRAINING OTHER,Inventory: Medical supplies,9,3,16,17,39
KwaZulu-Natal,HEALTH,Health Sciences and Training,TRAINING OTHER,Inventory: Other supplies,66,46,64,86,102
KwaZulu-Natal,HEALTH,Health Sciences and Training,TRAINING OTHER,Minor assets,132,105,0,188,113
KwaZulu-Natal,HEALTH,Health Sciences and Training,TRAINING OTHER,Operating leases,28,6,21,26,19
KwaZulu-Natal,HEALTH,Health Sciences and Training,TRAINING OTHER,Operating payments,0,0,0,71,0
KwaZulu-Natal,HEALTH,Health Sciences and Training,TRAINING OTHER,Property payments,3338,4057,5156,6261,7757
KwaZulu-Natal,HEALTH,Health Sciences and Training,TRAINING OTHER,Training and development,5199,5786,14020,19290,11565
KwaZulu-Natal,HEALTH,Health Sciences and Training,TRAINING OTHER,Travel and subsistence,4851,9274,14671,9389,5629
KwaZulu-Natal,HEALTH,Health Sciences and Training,TRAINING OTHER,Venues and facilities,0,0,0,0,56
KwaZulu-Natal,HEALTH,Health Sciences and Training,TRAINING OTHER,Departmental agencies (non-business entities),23248,25436,26581,27772,27772
KwaZulu-Natal,HEALTH,Health Sciences and Training,TRAINING OTHER,Social benefits,329,125,404,281,281
KwaZulu-Natal,HEALTH,Health Care Support Services,MEDICINE TRADING ACCOUNT,Other machinery and equipment,916,7,533,4998,4998
KwaZulu-Natal,HEALTH,Health Care Support Services,MEDICINE TRADING ACCOUNT,Salaries and wages,34615,36799,38785,39308,39377
KwaZulu-Natal,HEALTH,Health Care Support Services,MEDICINE TRADING ACCOUNT,Social contributions,7783,8499,9095,9491,9544
KwaZulu-Natal,HEALTH,Health Care Support Services,MEDICINE TRADING ACCOUNT,Administrative fees,10,15,17,15,12
KwaZulu-Natal,HEALTH,Health Care Support Services,MEDICINE TRADING ACCOUNT,Advertising,0,0,0,34,21
KwaZulu-Natal,HEALTH,Health Care Support Services,MEDICINE TRADING ACCOUNT,Agency and support/outsourced services,42,60,474,897,826
KwaZulu-Natal,HEALTH,Health Care Support Services,MEDICINE TRADING ACCOUNT,Communication (G&S),193,173,208,194,131
KwaZulu-Natal,HEALTH,Health Care Support Services,MEDICINE TRADING ACCOUNT,Computer services,2540,3710,2278,3658,3295
KwaZulu-Natal,HEALTH,Health Care Support Services,MEDICINE TRADING ACCOUNT,Consumable supplies,1064,1739,1156,2172,989
KwaZulu-Natal,HEALTH,Health Care Support Services,MEDICINE TRADING ACCOUNT,"Consumables: Stationery, printing and office supplies",1126,915,1446,1214,949
KwaZulu-Natal,HEALTH,Health Care Support Services,MEDICINE TRADING ACCOUNT,Contractors,130,37,140,206,212
KwaZulu-Natal,HEALTH,Health Care Support Services,MEDICINE TRADING ACCOUNT,Fleet services (including government motor transport),0,0,0,88,88
KwaZulu-Natal,HEALTH,Health Care Support Services,MEDICINE TRADING ACCOUNT,Inventory: Clothing material and accessories,5,0,83,194,194
KwaZulu-Natal,HEALTH,Health Care Support Services,MEDICINE TRADING ACCOUNT,"Inventory: Fuel, oil and gas",0,0,0,0,25
KwaZulu-Natal,HEALTH,Health Care Support Services,MEDICINE TRADING ACCOUNT,Inventory: Materials and supplies,0,8,0,64,39
KwaZulu-Natal,HEALTH,Health Care Support Services,MEDICINE TRADING ACCOUNT,Inventory: Medical supplies,14,17,0,26,8
KwaZulu-Natal,HEALTH,Health Care Support Services,MEDICINE TRADING ACCOUNT,Inventory: Other supplies,162,144,268,309,309
KwaZulu-Natal,HEALTH,Health Care Support Services,MEDICINE TRADING ACCOUNT,Medsas inventory interface,0,11617,0,0,0
KwaZulu-Natal,HEALTH,Health Care Support Services,MEDICINE TRADING ACCOUNT,Minor assets,0,0,10,273,165
KwaZulu-Natal,HEALTH,Health Care Support Services,MEDICINE TRADING ACCOUNT,Operating leases,197,302,117,328,111
KwaZulu-Natal,HEALTH,Health Care Support Services,MEDICINE TRADING ACCOUNT,Operating payments,10599,12770,11444,14782,16774
KwaZulu-Natal,HEALTH,Health Care Support Services,MEDICINE TRADING ACCOUNT,Property payments,9417,9888,8861,11232,9713
KwaZulu-Natal,HEALTH,Health Care Support Services,MEDICINE TRADING ACCOUNT,Training and development,0,0,0,0,0
KwaZulu-Natal,HEALTH,Health Care Support Services,MEDICINE TRADING ACCOUNT,Travel and subsistence,165,181,245,200,69
KwaZulu-Natal,HEALTH,Health Care Support Services,MEDICINE TRADING ACCOUNT,Interest (Incl. interest on unitary payments (PPP)),0,1,0,0,0
KwaZulu-Natal,HEALTH,Health Care Support Services,MEDICINE TRADING ACCOUNT,Social benefits,50,14,212,0,0
KwaZulu-Natal,HEALTH,Health Care Support Services,MEDICINE TRADING ACCOUNT,Payments for financial assets,0,34,0,0,0
KwaZulu-Natal,HEALTH,Health Care Support Services,LAUNDRY SERVICES,Other machinery and equipment,626,366,291,1168,396
KwaZulu-Natal,HEALTH,Health Care Support Services,LAUNDRY SERVICES,Transport equipment,293,2173,0,6498,6498
KwaZulu-Natal,HEALTH,Health Care Support Services,LAUNDRY SERVICES,Salaries and wages,61922,65817,63898,81297,64393
KwaZulu-Natal,HEALTH,Health Care Support Services,LAUNDRY SERVICES,Social contributions,14661,16578,17462,17917,17977
KwaZulu-Natal,HEALTH,Health Care Support Services,LAUNDRY SERVICES,Administrative fees,2,2,0,3,2
KwaZulu-Natal,HEALTH,Health Care Support Services,LAUNDRY SERVICES,Agency and support/outsourced services,2329,2801,2120,3302,1787
KwaZulu-Natal,HEALTH,Health Care Support Services,LAUNDRY SERVICES,Communication (G&S),790,338,168,218,160
KwaZulu-Natal,HEALTH,Health Care Support Services,LAUNDRY SERVICES,Consultants: Business and advisory services,0,0,2,0,0
KwaZulu-Natal,HEALTH,Health Care Support Services,LAUNDRY SERVICES,Consumable supplies,117,220,53,508,34832
KwaZulu-Natal,HEALTH,Health Care Support Services,LAUNDRY SERVICES,"Consumables: Stationery, printing and office supplies",96,122,142,285,179
KwaZulu-Natal,HEALTH,Health Care Support Services,LAUNDRY SERVICES,Fleet services (including government motor transport),6459,4503,5122,4015,7181
KwaZulu-Natal,HEALTH,Health Care Support Services,LAUNDRY SERVICES,Inventory: Clothing material and accessories,359,709,1016,2096,2119
KwaZulu-Natal,HEALTH,Health Care Support Services,LAUNDRY SERVICES,"Inventory: Fuel, oil and gas",33150,45260,34932,36382,5575
KwaZulu-Natal,HEALTH,Health Care Support Services,LAUNDRY SERVICES,Inventory: Materials and supplies,258,304,373,535,325
KwaZulu-Natal,HEALTH,Health Care Support Services,LAUNDRY SERVICES,Inventory: Medical supplies,198,213,138,244,295
KwaZulu-Natal,HEALTH,Health Care Support Services,LAUNDRY SERVICES,Inventory: Other supplies,27787,33519,26745,40128,42503
KwaZulu-Natal,HEALTH,Health Care Support Services,LAUNDRY SERVICES,Minor assets,0,78,54,213,198
KwaZulu-Natal,HEALTH,Health Care Support Services,LAUNDRY SERVICES,Operating leases,172,172,164,208,130
KwaZulu-Natal,HEALTH,Health Care Support Services,LAUNDRY SERVICES,Operating payments,6430,11281,10125,4641,23353
KwaZulu-Natal,HEALTH,Health Care Support Services,LAUNDRY SERVICES,Property payments,21764,24321,21724,28877,24053
KwaZulu-Natal,HEALTH,Health Care Support Services,LAUNDRY SERVICES,Travel and subsistence,49,51,16,21,13
KwaZulu-Natal,HEALTH,Health Care Support Services,LAUNDRY SERVICES,Social benefits,732,1151,659,912,912
KwaZulu-Natal,HEALTH,Health Care Support Services,ORTHOTIC AND PROSTHETIC SERVICES,Other machinery and equipment,70,118,214,150,1196
KwaZulu-Natal,HEALTH,Health Care Support Services,ORTHOTIC AND PROSTHETIC SERVICES,Transport equipment,0,0,0,351,351
KwaZulu-Natal,HEALTH,Health Care Support Services,ORTHOTIC AND PROSTHETIC SERVICES,Salaries and wages,39039,38958,39071,42898,39431
KwaZulu-Natal,HEALTH,Health Care Support Services,ORTHOTIC AND PROSTHETIC SERVICES,Social contributions,7104,7360,7674,8243,7800
KwaZulu-Natal,HEALTH,Health Care Support Services,ORTHOTIC AND PROSTHETIC SERVICES,Administrative fees,62,51,35,66,39
KwaZulu-Natal,HEALTH,Health Care Support Services,ORTHOTIC AND PROSTHETIC SERVICES,Communication (G&S),44,47,51,63,51
KwaZulu-Natal,HEALTH,Health Care Support Services,ORTHOTIC AND PROSTHETIC SERVICES,Consultants: Business and advisory services,6,0,1,7,5
KwaZulu-Natal,HEALTH,Health Care Support Services,ORTHOTIC AND PROSTHETIC SERVICES,"Consumables: Stationery, printing and office supplies",12,26,23,31,39
KwaZulu-Natal,HEALTH,Health Care Support Services,ORTHOTIC AND PROSTHETIC SERVICES,Fleet services (including government motor transport),456,702,479,384,493
KwaZulu-Natal,HEALTH,Health Care Support Services,ORTHOTIC AND PROSTHETIC SERVICES,Inventory: Clothing material and accessories,111,0,0,0,388
KwaZulu-Natal,HEALTH,Health Care Support Services,ORTHOTIC AND PROSTHETIC SERVICES,"Inventory: Fuel, oil and gas",45,23,159,53,36
KwaZulu-Natal,HEALTH,Health Care Support Services,ORTHOTIC AND PROSTHETIC SERVICES,Inventory: Materials and supplies,66,8,8,21,13
KwaZulu-Natal,HEALTH,Health Care Support Services,ORTHOTIC AND PROSTHETIC SERVICES,Inventory: Medical supplies,14310,10632,9850,16779,11877
KwaZulu-Natal,HEALTH,Health Care Support Services,ORTHOTIC AND PROSTHETIC SERVICES,Inventory: Other supplies,151,85,185,95,95
KwaZulu-Natal,HEALTH,Health Care Support Services,ORTHOTIC AND PROSTHETIC SERVICES,Minor assets,0,0,137,71,69
KwaZulu-Natal,HEALTH,Health Care Support Services,ORTHOTIC AND PROSTHETIC SERVICES,Operating payments,0,0,89,0,157
KwaZulu-Natal,HEALTH,Health Care Support Services,ORTHOTIC AND PROSTHETIC SERVICES,Property payments,1185,378,514,1408,1006
KwaZulu-Natal,HEALTH,Health Care Support Services,ORTHOTIC AND PROSTHETIC SERVICES,Travel and subsistence,453,476,325,4845,500
KwaZulu-Natal,HEALTH,Health Care Support Services,ORTHOTIC AND PROSTHETIC SERVICES,Social benefits,0,438,548,123,123
KwaZulu-Natal,HEALTH,Health Care Support Services,COMPENSATORY SERVICES,Other machinery and equipment,723,10,121,0,0
KwaZulu-Natal,HEALTH,Health Care Support Services,COMPENSATORY SERVICES,Salaries and wages,42071,45201,39185,0,0
KwaZulu-Natal,HEALTH,Health Care Support Services,COMPENSATORY SERVICES,Social contributions,6332,7349,6285,0,0
KwaZulu-Natal,HEALTH,Health Care Support Services,COMPENSATORY SERVICES,Consumable supplies,18,20,20,0,0
KwaZulu-Natal,HEALTH,Health Care Support Services,COMPENSATORY SERVICES,"Consumables: Stationery, printing and office supplies",56,85,30,0,0
KwaZulu-Natal,HEALTH,Health Care Support Services,COMPENSATORY SERVICES,Contractors,0,15,27,0,0
KwaZulu-Natal,HEALTH,Health Care Support Services,COMPENSATORY SERVICES,Inventory: Clothing material and accessories,15,2,0,0,0
KwaZulu-Natal,HEALTH,Health Care Support Services,COMPENSATORY SERVICES,Inventory: Food and food supplies,52,181,89,0,0
KwaZulu-Natal,HEALTH,Health Care Support Services,COMPENSATORY SERVICES,Inventory: Materials and supplies,24,54,28,0,0
KwaZulu-Natal,HEALTH,Health Care Support Services,COMPENSATORY SERVICES,Inventory: Medical supplies,1100,3708,1982,0,0
KwaZulu-Natal,HEALTH,Health Care Support Services,COMPENSATORY SERVICES,Inventory: Other supplies,2,2,5,0,0
KwaZulu-Natal,HEALTH,Health Care Support Services,COMPENSATORY SERVICES,Minor assets,258,158,53,0,0
KwaZulu-Natal,HEALTH,Health Care Support Services,COMPENSATORY SERVICES,Operating leases,55,51,45,0,0
KwaZulu-Natal,HEALTH,Health Care Support Services,COMPENSATORY SERVICES,Operating payments,0,1,0,0,0
KwaZulu-Natal,HEALTH,Health Care Support Services,COMPENSATORY SERVICES,Property payments,0,52,0,0,0
KwaZulu-Natal,HEALTH,Health Care Support Services,COMPENSATORY SERVICES,Social benefits,67,72,59,0,0
KwaZulu-Natal,HEALTH,Health Facilities Management,COMMUNITY HEALTH FACILITIES,Buildings,224492,260926,183559,415537,474615
KwaZulu-Natal,HEALTH,Health Facilities Management,COMMUNITY HEALTH FACILITIES,Other fixed structures,736,261,1419,0,0
KwaZulu-Natal,HEALTH,Health Facilities Management,COMMUNITY HEALTH FACILITIES,Other machinery and equipment,12712,3452,6686,0,5161
KwaZulu-Natal,HEALTH,Health Facilities Management,COMMUNITY HEALTH FACILITIES,Consumable supplies,4394,4710,3216,3331,980
KwaZulu-Natal,HEALTH,Health Facilities Management,COMMUNITY HEALTH FACILITIES,Contractors,2,0,24,0,0
KwaZulu-Natal,HEALTH,Health Facilities Management,COMMUNITY HEALTH FACILITIES,Infrastructure and planning services,0,0,0,1567,0
KwaZulu-Natal,HEALTH,Health Facilities Management,COMMUNITY HEALTH FACILITIES,"Inventory: Fuel, oil and gas",0,0,28,0,0
KwaZulu-Natal,HEALTH,Health Facilities Management,COMMUNITY HEALTH FACILITIES,Inventory: Materials and supplies,86,35,15,0,0
KwaZulu-Natal,HEALTH,Health Facilities Management,COMMUNITY HEALTH FACILITIES,Inventory: Medical supplies,13,1,27,0,0
KwaZulu-Natal,HEALTH,Health Facilities Management,COMMUNITY HEALTH FACILITIES,Inventory: Other supplies,0,0,0,0,0
KwaZulu-Natal,HEALTH,Health Facilities Management,COMMUNITY HEALTH FACILITIES,Minor assets,4,435,49,0,0
KwaZulu-Natal,HEALTH,Health Facilities Management,COMMUNITY HEALTH FACILITIES,Operating leases,140,140,124,0,0
KwaZulu-Natal,HEALTH,Health Facilities Management,COMMUNITY HEALTH FACILITIES,Operating payments,704,0,0,0,0
KwaZulu-Natal,HEALTH,Health Facilities Management,COMMUNITY HEALTH FACILITIES,Property payments,239521,449223,275090,200097,35509
KwaZulu-Natal,HEALTH,Health Facilities Management,COMMUNITY HEALTH FACILITIES,Rental and hiring,0,0,0,0,0
KwaZulu-Natal,HEALTH,Health Facilities Management,DISTRICT HOSPITAL SERVICES,Buildings,240700,156494,211633,294070,409134
KwaZulu-Natal,HEALTH,Health Facilities Management,DISTRICT HOSPITAL SERVICES,Other fixed structures,177,379,150,0,0
KwaZulu-Natal,HEALTH,Health Facilities Management,DISTRICT HOSPITAL SERVICES,Other machinery and equipment,76798,49162,45249,19150,7000
KwaZulu-Natal,HEALTH,Health Facilities Management,DISTRICT HOSPITAL SERVICES,Consultants: Business and advisory services,10256,7728,3017,0,784
KwaZulu-Natal,HEALTH,Health Facilities Management,DISTRICT HOSPITAL SERVICES,Consumable supplies,11947,17212,12002,4729,7920
KwaZulu-Natal,HEALTH,Health Facilities Management,DISTRICT HOSPITAL SERVICES,Contractors,153,0,1440,0,0
KwaZulu-Natal,HEALTH,Health Facilities Management,DISTRICT HOSPITAL SERVICES,Inventory: Food and food supplies,9,1,0,0,0
KwaZulu-Natal,HEALTH,Health Facilities Management,DISTRICT HOSPITAL SERVICES,"Inventory: Fuel, oil and gas",0,0,0,0,0
KwaZulu-Natal,HEALTH,Health Facilities Management,DISTRICT HOSPITAL SERVICES,Inventory: Materials and supplies,114,54,111,0,0
KwaZulu-Natal,HEALTH,Health Facilities Management,DISTRICT HOSPITAL SERVICES,Inventory: Medical supplies,36,252,0,0,0
KwaZulu-Natal,HEALTH,Health Facilities Management,DISTRICT HOSPITAL SERVICES,Inventory: Other supplies,473,0,0,0,0
KwaZulu-Natal,HEALTH,Health Facilities Management,DISTRICT HOSPITAL SERVICES,Minor assets,527,293,93,0,0
KwaZulu-Natal,HEALTH,Health Facilities Management,DISTRICT HOSPITAL SERVICES,Operating leases,66918,0,0,0,0
KwaZulu-Natal,HEALTH,Health Facilities Management,DISTRICT HOSPITAL SERVICES,Property payments,121465,136506,77898,51131,100200
KwaZulu-Natal,HEALTH,Health Facilities Management,EMERGENCY MEDICAL SERVICES,Buildings,0,0,0,0,0
KwaZulu-Natal,HEALTH,Health Facilities Management,EMERGENCY MEDICAL SERVICES,Property payments,0,0,0,0,0
KwaZulu-Natal,HEALTH,Health Facilities Management,PROVINCIAL HOSPITAL SERVICES,Buildings,286916,182866,376509,543836,612974
KwaZulu-Natal,HEALTH,Health Facilities Management,PROVINCIAL HOSPITAL SERVICES,Other fixed structures,815,0,0,0,0
KwaZulu-Natal,HEALTH,Health Facilities Management,PROVINCIAL HOSPITAL SERVICES,Other machinery and equipment,159110,91813,79799,2340,16543
KwaZulu-Natal,HEALTH,Health Facilities Management,PROVINCIAL HOSPITAL SERVICES,Consultants: Business and advisory services,81,0,0,0,0
KwaZulu-Natal,HEALTH,Health Facilities Management,PROVINCIAL HOSPITAL SERVICES,Consumable supplies,9155,11450,8843,4368,4700
KwaZulu-Natal,HEALTH,Health Facilities Management,PROVINCIAL HOSPITAL SERVICES,Contractors,93,4,36174,0,0
KwaZulu-Natal,HEALTH,Health Facilities Management,PROVINCIAL HOSPITAL SERVICES,Fleet services (including government motor transport),0,0,44,0,0
KwaZulu-Natal,HEALTH,Health Facilities Management,PROVINCIAL HOSPITAL SERVICES,Inventory: Materials and supplies,116,59,301,0,0
KwaZulu-Natal,HEALTH,Health Facilities Management,PROVINCIAL HOSPITAL SERVICES,Inventory: Medical supplies,11,1223,317,0,0
KwaZulu-Natal,HEALTH,Health Facilities Management,PROVINCIAL HOSPITAL SERVICES,Inventory: Medicine,0,-5,0,0,0
KwaZulu-Natal,HEALTH,Health Facilities Management,PROVINCIAL HOSPITAL SERVICES,Inventory: Other supplies,232,0,0,0,0
KwaZulu-Natal,HEALTH,Health Facilities Management,PROVINCIAL HOSPITAL SERVICES,Minor assets,351,333,13,0,0
KwaZulu-Natal,HEALTH,Health Facilities Management,PROVINCIAL HOSPITAL SERVICES,Operating leases,1508,1316,767,0,0
KwaZulu-Natal,HEALTH,Health Facilities Management,PROVINCIAL HOSPITAL SERVICES,Operating payments,0,592,0,0,0
KwaZulu-Natal,HEALTH,Health Facilities Management,PROVINCIAL HOSPITAL SERVICES,Property payments,112019,153269,92832,58214,92020
KwaZulu-Natal,HEALTH,Health Facilities Management,PROVINCIAL HOSPITAL SERVICES,Rental and hiring,0,0,0,0,0
KwaZulu-Natal,HEALTH,Health Facilities Management,PROVINCIAL HOSPITAL SERVICES,Transport provided: Departmental activity,0,0,0,0,0
KwaZulu-Natal,HEALTH,Health Facilities Management,PROVINCIAL HOSPITAL SERVICES,Travel and subsistence,1,5,2,0,0
KwaZulu-Natal,HEALTH,Health Facilities Management,CENTRAL HOSPITAL SERVICES,Buildings,35480,29006,26295,5000,24970
KwaZulu-Natal,HEALTH,Health Facilities Management,CENTRAL HOSPITAL SERVICES,Other machinery and equipment,5574,0,48800,0,200
KwaZulu-Natal,HEALTH,Health Facilities Management,CENTRAL HOSPITAL SERVICES,Consumable supplies,865,1976,581,0,-4100
KwaZulu-Natal,HEALTH,Health Facilities Management,CENTRAL HOSPITAL SERVICES,Contractors,0,0,33867,0,0
KwaZulu-Natal,HEALTH,Health Facilities Management,CENTRAL HOSPITAL SERVICES,Minor assets,0,0,170,0,0
KwaZulu-Natal,HEALTH,Health Facilities Management,CENTRAL HOSPITAL SERVICES,Property payments,18962,21982,15812,14400,-54005
KwaZulu-Natal,HEALTH,Health Facilities Management,CENTRAL HOSPITAL SERVICES,Rental and hiring,0,0,0,0,0
KwaZulu-Natal,HEALTH,Health Facilities Management,CENTRAL HOSPITAL SERVICES,Travel and subsistence,0,3,0,0,0
KwaZulu-Natal,HEALTH,Health Facilities Management,OTHER FACILITIES,Buildings,51292,32197,90247,199877,139413
KwaZulu-Natal,HEALTH,Health Facilities Management,OTHER FACILITIES,Other machinery and equipment,7645,612,87,11200,0
KwaZulu-Natal,HEALTH,Health Facilities Management,OTHER FACILITIES,Salaries and wages,88086,104312,103912,103438,104186
KwaZulu-Natal,HEALTH,Health Facilities Management,OTHER FACILITIES,Social contributions,3644,3802,4040,5029,218
KwaZulu-Natal,HEALTH,Health Facilities Management,OTHER FACILITIES,Administrative fees,0,6,4,0,0
KwaZulu-Natal,HEALTH,Health Facilities Management,OTHER FACILITIES,Agency and support/outsourced services,2376,-9,36,0,0
KwaZulu-Natal,HEALTH,Health Facilities Management,OTHER FACILITIES,Catering: Departmental activities,0,6,0,0,0
KwaZulu-Natal,HEALTH,Health Facilities Management,OTHER FACILITIES,Computer services,80,65,0,0,1500
KwaZulu-Natal,HEALTH,Health Facilities Management,OTHER FACILITIES,Consultants: Business and advisory services,0,0,890,0,2850
KwaZulu-Natal,HEALTH,Health Facilities Management,OTHER FACILITIES,Consumable supplies,1166,600,456,658,1000
KwaZulu-Natal,HEALTH,Health Facilities Management,OTHER FACILITIES,"Consumables: Stationery, printing and office supplies",0,0,0,293,0
KwaZulu-Natal,HEALTH,Health Facilities Management,OTHER FACILITIES,Minor assets,28,0,0,0,0
KwaZulu-Natal,HEALTH,Health Facilities Management,OTHER FACILITIES,Operating leases,54803,132181,117853,100000,99400
KwaZulu-Natal,HEALTH,Health Facilities Management,OTHER FACILITIES,Operating payments,48,0,0,0,0
KwaZulu-Natal,HEALTH,Health Facilities Management,OTHER FACILITIES,Property payments,57602,48562,40733,15299,28580
KwaZulu-Natal,HEALTH,Health Facilities Management,OTHER FACILITIES,Rental and hiring,0,0,0,0,0
KwaZulu-Natal,HEALTH,Health Facilities Management,OTHER FACILITIES,Training and development,49,34,341,0,0
KwaZulu-Natal,HEALTH,Health Facilities Management,OTHER FACILITIES,Transport provided: Departmental activity,0,0,0,0,0
KwaZulu-Natal,HEALTH,Health Facilities Management,OTHER FACILITIES,Travel and subsistence,2191,2031,1817,0,500
KwaZulu-Natal,HEALTH,Health Facilities Management,OTHER FACILITIES,Social benefits,0,130,51,0,0
Limpopo,HEALTH,Administration,OFF OF THE MEC,Salaries and wages,1813,1868,1889,1912,1912
Limpopo,HEALTH,Administration,OFF OF THE MEC,Social contributions,283,292,293,303,303
Limpopo,HEALTH,Administration,MANAGEMENT,Other machinery and equipment,110,47,0,313,457
Limpopo,HEALTH,Administration,MANAGEMENT,Salaries and wages,202864,201699,202790,215676,215676
Limpopo,HEALTH,Administration,MANAGEMENT,Social contributions,28828,30429,30892,38971,36571
Limpopo,HEALTH,Administration,MANAGEMENT,Administrative fees,165,329,50,0,90
Limpopo,HEALTH,Administration,MANAGEMENT,Advertising,323,260,1820,0,350
Limpopo,HEALTH,Administration,MANAGEMENT,Agency and support/outsourced services,18,0,0,0,0
Limpopo,HEALTH,Administration,MANAGEMENT,Catering: Departmental activities,337,341,185,0,888
Limpopo,HEALTH,Administration,MANAGEMENT,Communication (G&S),11338,11289,17166,13132,19132
Limpopo,HEALTH,Administration,MANAGEMENT,Computer services,725,343,0,0,3
Limpopo,HEALTH,Administration,MANAGEMENT,Consultants: Business and advisory services,627,126,337,0,610
Limpopo,HEALTH,Administration,MANAGEMENT,Consumable supplies,593,692,655,684,3000
Limpopo,HEALTH,Administration,MANAGEMENT,"Consumables: Stationery, printing and office supplies",829,721,1323,1011,611
Limpopo,HEALTH,Administration,MANAGEMENT,Contractors,1216,1284,984,0,380
Limpopo,HEALTH,Administration,MANAGEMENT,Fleet services (including government motor transport),0,0,0,267,0
Limpopo,HEALTH,Administration,MANAGEMENT,Inventory: Clothing material and accessories,7,0,0,0,0
Limpopo,HEALTH,Administration,MANAGEMENT,Inventory: Food and food supplies,0,5,0,0,0
Limpopo,HEALTH,Administration,MANAGEMENT,Inventory: Medical supplies,0,0,0,0,0
Limpopo,HEALTH,Administration,MANAGEMENT,Minor assets,2,8,100,0,0
Limpopo,HEALTH,Administration,MANAGEMENT,Operating leases,4380,5454,4180,5928,4493
Limpopo,HEALTH,Administration,MANAGEMENT,Operating payments,3148,3297,752,9052,8052
Limpopo,HEALTH,Administration,MANAGEMENT,Property payments,14358,12276,15108,16697,12554
Limpopo,HEALTH,Administration,MANAGEMENT,Rental and hiring,0,0,0,0,0
Limpopo,HEALTH,Administration,MANAGEMENT,Training and development,31,0,1188,0,1465
Limpopo,HEALTH,Administration,MANAGEMENT,Transport provided: Departmental activity,0,0,5945,0,0
Limpopo,HEALTH,Administration,MANAGEMENT,Travel and subsistence,5643,6710,5,4000,4500
Limpopo,HEALTH,Administration,MANAGEMENT,Venues and facilities,654,915,0,0,500
Limpopo,HEALTH,Administration,MANAGEMENT,Rent on land,0,1,45,0,0
Limpopo,HEALTH,Administration,MANAGEMENT,Social benefits,1787,3240,4510,1720,2920
Limpopo,HEALTH,Administration,MANAGEMENT,Provincial agencies and funds,58,50,51,68,68
Limpopo,HEALTH,Administration,MANAGEMENT,Payments for financial assets,0,1913,0,0,0
Limpopo,HEALTH,District Health Services,DISTRICT MANAGEMENT,Other machinery and equipment,107,0,495,1000,1000
Limpopo,HEALTH,District Health Services,DISTRICT MANAGEMENT,Salaries and wages,330098,384027,346711,397524,386524
Limpopo,HEALTH,District Health Services,DISTRICT MANAGEMENT,Social contributions,51900,55612,57506,82660,64460
Limpopo,HEALTH,District Health Services,DISTRICT MANAGEMENT,Administrative fees,22,22,7,0,1
Limpopo,HEALTH,District Health Services,DISTRICT MANAGEMENT,Audit costs: External,18974,26035,21765,20662,21777
Limpopo,HEALTH,District Health Services,DISTRICT MANAGEMENT,Catering: Departmental activities,84,117,0,0,200
Limpopo,HEALTH,District Health Services,DISTRICT MANAGEMENT,Communication (G&S),9437,10352,3992,17108,17107
Limpopo,HEALTH,District Health Services,DISTRICT MANAGEMENT,Consultants: Business and advisory services,22,533,645,0,734
Limpopo,HEALTH,District Health Services,DISTRICT MANAGEMENT,Consumable supplies,453,1283,1364,1498,798
Limpopo,HEALTH,District Health Services,DISTRICT MANAGEMENT,"Consumables: Stationery, printing and office supplies",2212,846,1582,1734,2404
Limpopo,HEALTH,District Health Services,DISTRICT MANAGEMENT,Contractors,2832,0,255,0,0
Limpopo,HEALTH,District Health Services,DISTRICT MANAGEMENT,Fleet services (including government motor transport),35248,90252,86341,107658,107658
Limpopo,HEALTH,District Health Services,DISTRICT MANAGEMENT,Inventory: Clothing material and accessories,0,4,31,0,0
Limpopo,HEALTH,District Health Services,DISTRICT MANAGEMENT,Inventory: Food and food supplies,13,115,54,0,429
Limpopo,HEALTH,District Health Services,DISTRICT MANAGEMENT,"Inventory: Fuel, oil and gas",305,101,106,100,100
Limpopo,HEALTH,District Health Services,DISTRICT MANAGEMENT,Inventory: Medical supplies,23,0,0,495,0
Limpopo,HEALTH,District Health Services,DISTRICT MANAGEMENT,Inventory: Other supplies,62,152,198,0,0
Limpopo,HEALTH,District Health Services,DISTRICT MANAGEMENT,Laboratory services,0,1289,0,0,0
Limpopo,HEALTH,District Health Services,DISTRICT MANAGEMENT,Minor assets,0,0,0,0,0
Limpopo,HEALTH,District Health Services,DISTRICT MANAGEMENT,Operating leases,803,422,321,1815,916
Limpopo,HEALTH,District Health Services,DISTRICT MANAGEMENT,Operating payments,110,309,0,734,0
Limpopo,HEALTH,District Health Services,DISTRICT MANAGEMENT,Property payments,11113,10049,12768,17271,16156
Limpopo,HEALTH,District Health Services,DISTRICT MANAGEMENT,Training and development,111,0,102,0,0
Limpopo,HEALTH,District Health Services,DISTRICT MANAGEMENT,Travel and subsistence,6169,3445,3595,696,1491
Limpopo,HEALTH,District Health Services,DISTRICT MANAGEMENT,Venues and facilities,13,58,0,0,0
Limpopo,HEALTH,District Health Services,DISTRICT MANAGEMENT,Social benefits,15830,6600,5043,293,1893
Limpopo,HEALTH,District Health Services,DISTRICT MANAGEMENT,Provincial agencies and funds,496,364,415,493,493
Limpopo,HEALTH,District Health Services,COMMUNITY HEALTH CLINICS,Other machinery and equipment,1556,356,1565,2500,2500
Limpopo,HEALTH,District Health Services,COMMUNITY HEALTH CLINICS,Transport equipment,0,0,0,0,0
Limpopo,HEALTH,District Health Services,COMMUNITY HEALTH CLINICS,Salaries and wages,2564283,2635606,2733385,2797133,2829133
Limpopo,HEALTH,District Health Services,COMMUNITY HEALTH CLINICS,Social contributions,443301,477187,509918,478580,532480
Limpopo,HEALTH,District Health Services,COMMUNITY HEALTH CLINICS,Administrative fees,3,0,0,0,0
Limpopo,HEALTH,District Health Services,COMMUNITY HEALTH CLINICS,Agency and support/outsourced services,25272,27936,2238,0,0
Limpopo,HEALTH,District Health Services,COMMUNITY HEALTH CLINICS,Catering: Departmental activities,7,0,0,0,0
Limpopo,HEALTH,District Health Services,COMMUNITY HEALTH CLINICS,Communication (G&S),15180,13067,19017,15992,15992
Limpopo,HEALTH,District Health Services,COMMUNITY HEALTH CLINICS,Computer services,0,0,0,10000,10000
Limpopo,HEALTH,District Health Services,COMMUNITY HEALTH CLINICS,Consultants: Business and advisory services,0,611,709,0,0
Limpopo,HEALTH,District Health Services,COMMUNITY HEALTH CLINICS,Consumable supplies,19082,21281,23259,42478,22478
Limpopo,HEALTH,District Health Services,COMMUNITY HEALTH CLINICS,"Consumables: Stationery, printing and office supplies",4319,5357,2555,8531,8531
Limpopo,HEALTH,District Health Services,COMMUNITY HEALTH CLINICS,Contractors,684,0,0,0,0
Limpopo,HEALTH,District Health Services,COMMUNITY HEALTH CLINICS,Inventory: Clothing material and accessories,40,170,790,0,0
Limpopo,HEALTH,District Health Services,COMMUNITY HEALTH CLINICS,Inventory: Food and food supplies,115,0,8,0,0
Limpopo,HEALTH,District Health Services,COMMUNITY HEALTH CLINICS,"Inventory: Fuel, oil and gas",4038,3369,771,3684,3684
Limpopo,HEALTH,District Health Services,COMMUNITY HEALTH CLINICS,Inventory: Medical supplies,1188,1215,1733,1286,1286
Limpopo,HEALTH,District Health Services,COMMUNITY HEALTH CLINICS,Inventory: Other supplies,1207,1996,1470,0,0
Limpopo,HEALTH,District Health Services,COMMUNITY HEALTH CLINICS,Laboratory services,39,21106,47840,34882,34882
Limpopo,HEALTH,District Health Services,COMMUNITY HEALTH CLINICS,Minor assets,306,3,22,3492,3492
Limpopo,HEALTH,District Health Services,COMMUNITY HEALTH CLINICS,Operating leases,602,1053,722,576,576
Limpopo,HEALTH,District Health Services,COMMUNITY HEALTH CLINICS,Operating payments,51,78,0,84,84
Limpopo,HEALTH,District Health Services,COMMUNITY HEALTH CLINICS,Property payments,428936,500439,612893,474491,494491
Limpopo,HEALTH,District Health Services,COMMUNITY HEALTH CLINICS,Rental and hiring,0,0,0,0,0
Limpopo,HEALTH,District Health Services,COMMUNITY HEALTH CLINICS,Travel and subsistence,695,1141,842,0,0
Limpopo,HEALTH,District Health Services,COMMUNITY HEALTH CLINICS,Venues and facilities,52,0,0,0,0
Limpopo,HEALTH,District Health Services,COMMUNITY HEALTH CLINICS,Social benefits,20707,24834,23271,13139,16139
Limpopo,HEALTH,District Health Services,COMMUNITY HEALTH CLINICS,Provincial agencies and funds,147,252,147,166,166
Limpopo,HEALTH,District Health Services,COMMUNITY HEALTH CENTRES,Other machinery and equipment,0,0,462,1000,800
Limpopo,HEALTH,District Health Services,COMMUNITY HEALTH CENTRES,Salaries and wages,483379,490315,483212,602437,608163
Limpopo,HEALTH,District Health Services,COMMUNITY HEALTH CENTRES,Social contributions,83873,88832,91412,88449,94416
Limpopo,HEALTH,District Health Services,COMMUNITY HEALTH CENTRES,Catering: Departmental activities,4,0,0,0,0
Limpopo,HEALTH,District Health Services,COMMUNITY HEALTH CENTRES,Communication (G&S),0,0,0,65,865
Limpopo,HEALTH,District Health Services,COMMUNITY HEALTH CENTRES,Consumable supplies,9336,6561,14562,10632,4902
Limpopo,HEALTH,District Health Services,COMMUNITY HEALTH CENTRES,"Consumables: Stationery, printing and office supplies",980,270,34,378,778
Limpopo,HEALTH,District Health Services,COMMUNITY HEALTH CENTRES,Contractors,1740,15,20,0,0
Limpopo,HEALTH,District Health Services,COMMUNITY HEALTH CENTRES,Inventory: Food and food supplies,16,44,0,0,0
Limpopo,HEALTH,District Health Services,COMMUNITY HEALTH CENTRES,"Inventory: Fuel, oil and gas",1434,2105,508,119,379
Limpopo,HEALTH,District Health Services,COMMUNITY HEALTH CENTRES,Inventory: Medical supplies,347,234,118,31,281
Limpopo,HEALTH,District Health Services,COMMUNITY HEALTH CENTRES,Inventory: Other supplies,3553,249,36,0,300
Limpopo,HEALTH,District Health Services,COMMUNITY HEALTH CENTRES,Laboratory services,0,35,0,343,3343
Limpopo,HEALTH,District Health Services,COMMUNITY HEALTH CENTRES,Minor assets,0,0,30,80,500
Limpopo,HEALTH,District Health Services,COMMUNITY HEALTH CENTRES,Operating leases,256,206,79,98,198
Limpopo,HEALTH,District Health Services,COMMUNITY HEALTH CENTRES,Operating payments,0,54,110,0,0
Limpopo,HEALTH,District Health Services,COMMUNITY HEALTH CENTRES,Property payments,46867,43587,57733,40865,64591
Limpopo,HEALTH,District Health Services,COMMUNITY HEALTH CENTRES,Rental and hiring,10218,9268,1,0,200
Limpopo,HEALTH,District Health Services,COMMUNITY HEALTH CENTRES,Travel and subsistence,53,96,119,0,0
Limpopo,HEALTH,District Health Services,COMMUNITY HEALTH CENTRES,Social benefits,6054,6415,3512,2482,1882
Limpopo,HEALTH,District Health Services,COMMUNITY BASED SERVICES,Buildings,6952,0,0,0,0
Limpopo,HEALTH,District Health Services,COMMUNITY BASED SERVICES,Other machinery and equipment,119,559,3153,3550,7801
Limpopo,HEALTH,District Health Services,COMMUNITY BASED SERVICES,Transport equipment,7561,20070,9018,6800,12225
Limpopo,HEALTH,District Health Services,COMMUNITY BASED SERVICES,Salaries and wages,638993,430543,477451,638783,597714
Limpopo,HEALTH,District Health Services,COMMUNITY BASED SERVICES,Social contributions,16149,18593,20292,9957,19957
Limpopo,HEALTH,District Health Services,COMMUNITY BASED SERVICES,Administrative fees,15,2,0,0,50
Limpopo,HEALTH,District Health Services,COMMUNITY BASED SERVICES,Advertising,654,918,836,59,699
Limpopo,HEALTH,District Health Services,COMMUNITY BASED SERVICES,Agency and support/outsourced services,54243,66992,58195,64220,64220
Limpopo,HEALTH,District Health Services,COMMUNITY BASED SERVICES,Catering: Departmental activities,21,145,0,427,127
Limpopo,HEALTH,District Health Services,COMMUNITY BASED SERVICES,Communication (G&S),11868,8542,8858,9275,510
Limpopo,HEALTH,District Health Services,COMMUNITY BASED SERVICES,Consultants: Business and advisory services,1,7,0,0,0
Limpopo,HEALTH,District Health Services,COMMUNITY BASED SERVICES,Consumable supplies,1234,25112,25346,27098,36598
Limpopo,HEALTH,District Health Services,COMMUNITY BASED SERVICES,"Consumables: Stationery, printing and office supplies",611,958,1586,1213,1633
Limpopo,HEALTH,District Health Services,COMMUNITY BASED SERVICES,Contractors,1175,4123,1373,7640,5848
Limpopo,HEALTH,District Health Services,COMMUNITY BASED SERVICES,Fleet services (including government motor transport),7764,7861,7538,12009,13144
Limpopo,HEALTH,District Health Services,COMMUNITY BASED SERVICES,Inventory: Clothing material and accessories,1566,1801,1994,2620,3466
Limpopo,HEALTH,District Health Services,COMMUNITY BASED SERVICES,"Inventory: Fuel, oil and gas",3786,2177,12595,18062,7672
Limpopo,HEALTH,District Health Services,COMMUNITY BASED SERVICES,Inventory: Medical supplies,3158,12,3977,0,360
Limpopo,HEALTH,District Health Services,COMMUNITY BASED SERVICES,Inventory: Medicine,20549,27017,23529,27772,13673
Limpopo,HEALTH,District Health Services,COMMUNITY BASED SERVICES,Inventory: Other supplies,17,124,0,0,0
Limpopo,HEALTH,District Health Services,COMMUNITY BASED SERVICES,Laboratory services,0,0,0,953,1695
Limpopo,HEALTH,District Health Services,COMMUNITY BASED SERVICES,Minor assets,0,0,0,1233,653
Limpopo,HEALTH,District Health Services,COMMUNITY BASED SERVICES,Operating leases,124,127,76,124,124
Limpopo,HEALTH,District Health Services,COMMUNITY BASED SERVICES,Operating payments,948,0,0,503,753
Limpopo,HEALTH,District Health Services,COMMUNITY BASED SERVICES,Property payments,4384,4777,5067,77383,45670
Limpopo,HEALTH,District Health Services,COMMUNITY BASED SERVICES,Rental and hiring,22541,40544,52165,41934,46281
Limpopo,HEALTH,District Health Services,COMMUNITY BASED SERVICES,Training and development,0,0,0,0,0
Limpopo,HEALTH,District Health Services,COMMUNITY BASED SERVICES,Transport provided: Departmental activity,0,0,0,4244,4244
Limpopo,HEALTH,District Health Services,COMMUNITY BASED SERVICES,Travel and subsistence,9044,3113,1522,1231,580
Limpopo,HEALTH,District Health Services,COMMUNITY BASED SERVICES,Venues and facilities,549,148,331,538,405
Limpopo,HEALTH,District Health Services,COMMUNITY BASED SERVICES,Social benefits,702,1150,878,228,1428
Limpopo,HEALTH,District Health Services,COMMUNITY BASED SERVICES,Provincial agencies and funds,135,196,189,181,781
Limpopo,HEALTH,District Health Services,OTHER COMMUNITY SERVICES,Buildings,8326,0,0,0,0
Limpopo,HEALTH,District Health Services,OTHER COMMUNITY SERVICES,Other machinery and equipment,783,0,0,0,0
Limpopo,HEALTH,District Health Services,OTHER COMMUNITY SERVICES,Transport equipment,27106,0,0,0,0
Limpopo,HEALTH,District Health Services,OTHER COMMUNITY SERVICES,Salaries and wages,544465,448216,632132,623875,575331
Limpopo,HEALTH,District Health Services,OTHER COMMUNITY SERVICES,Social contributions,2938,9466,18484,4163,22320
Limpopo,HEALTH,District Health Services,OTHER COMMUNITY SERVICES,Administrative fees,8,1,0,0,20
Limpopo,HEALTH,District Health Services,OTHER COMMUNITY SERVICES,Advertising,2663,0,0,31500,27485
Limpopo,HEALTH,District Health Services,OTHER COMMUNITY SERVICES,Agency and support/outsourced services,7063,9958,14808,25329,33955
Limpopo,HEALTH,District Health Services,OTHER COMMUNITY SERVICES,Catering: Departmental activities,69,0,0,0,0
Limpopo,HEALTH,District Health Services,OTHER COMMUNITY SERVICES,Communication (G&S),176,0,0,0,0
Limpopo,HEALTH,District Health Services,OTHER COMMUNITY SERVICES,Computer services,1080,0,0,0,0
Limpopo,HEALTH,District Health Services,OTHER COMMUNITY SERVICES,Consultants: Business and advisory services,0,0,834,0,470
Limpopo,HEALTH,District Health Services,OTHER COMMUNITY SERVICES,Consumable supplies,554,48,0,0,100
Limpopo,HEALTH,District Health Services,OTHER COMMUNITY SERVICES,"Consumables: Stationery, printing and office supplies",69,643,0,2053,1003
Limpopo,HEALTH,District Health Services,OTHER COMMUNITY SERVICES,Fleet services (including government motor transport),12167,0,0,671,201
Limpopo,HEALTH,District Health Services,OTHER COMMUNITY SERVICES,Inventory: Clothing material and accessories,32,0,0,0,0
Limpopo,HEALTH,District Health Services,OTHER COMMUNITY SERVICES,Inventory: Food and food supplies,0,0,0,0,350
Limpopo,HEALTH,District Health Services,OTHER COMMUNITY SERVICES,Inventory: Materials and supplies,0,0,0,0,134
Limpopo,HEALTH,District Health Services,OTHER COMMUNITY SERVICES,Inventory: Medical supplies,33652,0,0,5000,0
Limpopo,HEALTH,District Health Services,OTHER COMMUNITY SERVICES,Minor assets,124,0,0,0,0
Limpopo,HEALTH,District Health Services,OTHER COMMUNITY SERVICES,Operating payments,0,0,145,0,0
Limpopo,HEALTH,District Health Services,OTHER COMMUNITY SERVICES,Training and development,0,0,1284,0,450
Limpopo,HEALTH,District Health Services,OTHER COMMUNITY SERVICES,Travel and subsistence,10112,318,677,0,1488
Limpopo,HEALTH,District Health Services,OTHER COMMUNITY SERVICES,Venues and facilities,0,0,0,0,507
Limpopo,HEALTH,District Health Services,OTHER COMMUNITY SERVICES,Social benefits,0,0,359,0,200
Limpopo,HEALTH,District Health Services,HIV/AIDS,Buildings,12475,3905,34992,0,2300
Limpopo,HEALTH,District Health Services,HIV/AIDS,Other machinery and equipment,105750,33987,1554,16055,12014
Limpopo,HEALTH,District Health Services,HIV/AIDS,Transport equipment,2274,4506,18299,22686,20386
Limpopo,HEALTH,District Health Services,HIV/AIDS,Salaries and wages,433868,381412,385539,395685,418088
Limpopo,HEALTH,District Health Services,HIV/AIDS,Social contributions,43994,53050,57707,50916,50916
Limpopo,HEALTH,District Health Services,HIV/AIDS,Administrative fees,53,175,378,0,9000
Limpopo,HEALTH,District Health Services,HIV/AIDS,Advertising,0,168,0,0,0
Limpopo,HEALTH,District Health Services,HIV/AIDS,Agency and support/outsourced services,0,0,0,0,100
Limpopo,HEALTH,District Health Services,HIV/AIDS,Catering: Departmental activities,288,0,356,100,100
Limpopo,HEALTH,District Health Services,HIV/AIDS,Communication (G&S),0,0,0,0,8675
Limpopo,HEALTH,District Health Services,HIV/AIDS,Consultants: Business and advisory services,-4,0,0,0,60960
Limpopo,HEALTH,District Health Services,HIV/AIDS,Consumable supplies,334,552,546,0,100
Limpopo,HEALTH,District Health Services,HIV/AIDS,"Consumables: Stationery, printing and office supplies",5582,30468,52360,105496,99365
Limpopo,HEALTH,District Health Services,HIV/AIDS,Inventory: Food and food supplies,15405,17855,19362,25000,25000
Limpopo,HEALTH,District Health Services,HIV/AIDS,Inventory: Materials and supplies,0,0,0,10000,9900
Limpopo,HEALTH,District Health Services,HIV/AIDS,Inventory: Medical supplies,167229,144787,235402,225394,198918
Limpopo,HEALTH,District Health Services,HIV/AIDS,Inventory: Medicine,636543,596707,587642,684651,664251
Limpopo,HEALTH,District Health Services,HIV/AIDS,Inventory: Other supplies,2215,491,600,0,0
Limpopo,HEALTH,District Health Services,HIV/AIDS,Laboratory services,561423,576722,565679,419363,444683
Limpopo,HEALTH,District Health Services,HIV/AIDS,Minor assets,5355,2,0,5000,3900
Limpopo,HEALTH,District Health Services,HIV/AIDS,Operating payments,0,58,0,0,0
Limpopo,HEALTH,District Health Services,HIV/AIDS,Property payments,354,0,0,0,0
Limpopo,HEALTH,District Health Services,HIV/AIDS,Training and development,0,0,0,0,0
Limpopo,HEALTH,District Health Services,HIV/AIDS,Transport provided: Departmental activity,0,0,0,0,100
Limpopo,HEALTH,District Health Services,HIV/AIDS,Travel and subsistence,23933,9757,21613,30756,30756
Limpopo,HEALTH,District Health Services,HIV/AIDS,Venues and facilities,1527,656,4017,8362,8362
Limpopo,HEALTH,District Health Services,HIV/AIDS,Social benefits,1985,2605,2259,3000,3600
Limpopo,HEALTH,District Health Services,NUTRITION,Buildings,0,0,2305,0,0
Limpopo,HEALTH,District Health Services,NUTRITION,Other machinery and equipment,3930,1314,0,25406,5406
Limpopo,HEALTH,District Health Services,NUTRITION,Administrative fees,0,3,0,0,0
Limpopo,HEALTH,District Health Services,NUTRITION,Computer services,0,0,0,0,300
Limpopo,HEALTH,District Health Services,NUTRITION,"Consumables: Stationery, printing and office supplies",100,0,0,0,0
Limpopo,HEALTH,District Health Services,NUTRITION,Contractors,776,632,758,0,1000
Limpopo,HEALTH,District Health Services,NUTRITION,Inventory: Food and food supplies,1851,1547,497,3992,2992
Limpopo,HEALTH,District Health Services,NUTRITION,Inventory: Medical supplies,29,0,0,0,0
Limpopo,HEALTH,District Health Services,NUTRITION,Inventory: Other supplies,1099,1046,0,0,0
Limpopo,HEALTH,District Health Services,NUTRITION,Minor assets,0,2,0,734,20434
Limpopo,HEALTH,District Health Services,NUTRITION,Travel and subsistence,0,24,51,0,0
Limpopo,HEALTH,District Health Services,NUTRITION,Venues and facilities,0,14,0,0,0
Limpopo,HEALTH,District Health Services,DISTRICT HOSPITALS,Buildings,5479,3772,13469,8000,8000
Limpopo,HEALTH,District Health Services,DISTRICT HOSPITALS,Other machinery and equipment,50432,50090,89495,81650,202369
Limpopo,HEALTH,District Health Services,DISTRICT HOSPITALS,Transport equipment,8141,768,1024,5000,5000
Limpopo,HEALTH,District Health Services,DISTRICT HOSPITALS,Salaries and wages,4453664,4551768,4492952,5329633,4984014
Limpopo,HEALTH,District Health Services,DISTRICT HOSPITALS,Social contributions,659191,689574,717277,569846,573256
Limpopo,HEALTH,District Health Services,DISTRICT HOSPITALS,Administrative fees,214,386,472,0,0
Limpopo,HEALTH,District Health Services,DISTRICT HOSPITALS,Advertising,63,34,36,0,0
Limpopo,HEALTH,District Health Services,DISTRICT HOSPITALS,Agency and support/outsourced services,172,157,66,11711,8018
Limpopo,HEALTH,District Health Services,DISTRICT HOSPITALS,Catering: Departmental activities,281,128,788,0,0
Limpopo,HEALTH,District Health Services,DISTRICT HOSPITALS,Communication (G&S),16235,16891,22844,19802,19802
Limpopo,HEALTH,District Health Services,DISTRICT HOSPITALS,Computer services,110690,177875,258629,217825,217825
Limpopo,HEALTH,District Health Services,DISTRICT HOSPITALS,Consultants: Business and advisory services,8785,8633,9176,119228,116228
Limpopo,HEALTH,District Health Services,DISTRICT HOSPITALS,Consumable supplies,36611,42968,44355,54157,57657
Limpopo,HEALTH,District Health Services,DISTRICT HOSPITALS,"Consumables: Stationery, printing and office supplies",12275,15316,20044,11814,22314
Limpopo,HEALTH,District Health Services,DISTRICT HOSPITALS,Contractors,3180,6143,25888,0,0
Limpopo,HEALTH,District Health Services,DISTRICT HOSPITALS,Fleet services (including government motor transport),7,1,9,5,5
Limpopo,HEALTH,District Health Services,DISTRICT HOSPITALS,Inventory: Clothing material and accessories,1182,1319,2029,29,829
Limpopo,HEALTH,District Health Services,DISTRICT HOSPITALS,Inventory: Food and food supplies,88701,110511,111445,87014,87014
Limpopo,HEALTH,District Health Services,DISTRICT HOSPITALS,"Inventory: Fuel, oil and gas",38079,43021,11018,20194,8194
Limpopo,HEALTH,District Health Services,DISTRICT HOSPITALS,Inventory: Medical supplies,122649,205731,172677,208604,201304
Limpopo,HEALTH,District Health Services,DISTRICT HOSPITALS,Inventory: Medicine,933517,1085775,1043863,916900,879003
Limpopo,HEALTH,District Health Services,DISTRICT HOSPITALS,Inventory: Other supplies,7599,7963,11484,8331,8331
Limpopo,HEALTH,District Health Services,DISTRICT HOSPITALS,Laboratory services,1833,54321,52186,64292,120432
Limpopo,HEALTH,District Health Services,DISTRICT HOSPITALS,Legal services (G&S),26763,149614,0,16717,16717
Limpopo,HEALTH,District Health Services,DISTRICT HOSPITALS,Minor assets,1626,3879,5048,4833,77639
Limpopo,HEALTH,District Health Services,DISTRICT HOSPITALS,Operating leases,3183,2162,1903,2351,2351
Limpopo,HEALTH,District Health Services,DISTRICT HOSPITALS,Operating payments,231402,259339,180242,66158,66158
Limpopo,HEALTH,District Health Services,DISTRICT HOSPITALS,Property payments,336144,316473,367244,397856,429818
Limpopo,HEALTH,District Health Services,DISTRICT HOSPITALS,Rental and hiring,12,200,321,0,0
Limpopo,HEALTH,District Health Services,DISTRICT HOSPITALS,Science and technological services,0,0,81060,0,0
Limpopo,HEALTH,District Health Services,DISTRICT HOSPITALS,Training and development,0,4,0,248,248
Limpopo,HEALTH,District Health Services,DISTRICT HOSPITALS,Transport provided: Departmental activity,3065,2978,2238,1031,2031
Limpopo,HEALTH,District Health Services,DISTRICT HOSPITALS,Travel and subsistence,12030,10493,10373,1414,20620
Limpopo,HEALTH,District Health Services,DISTRICT HOSPITALS,Venues and facilities,1530,2301,1807,0,5500
Limpopo,HEALTH,District Health Services,DISTRICT HOSPITALS,Rent on land,0,156,148,0,0
Limpopo,HEALTH,District Health Services,DISTRICT HOSPITALS,Other transfers to households,36542,46376,8832,26355,93787
Limpopo,HEALTH,District Health Services,DISTRICT HOSPITALS,Social benefits,33132,31899,27701,57049,103783
Limpopo,HEALTH,District Health Services,DISTRICT HOSPITALS,Provincial agencies and funds,310,289,291,366,366
Limpopo,HEALTH,District Health Services,DISTRICT HOSPITALS,Payments for financial assets,476,0,0,0,0
Limpopo,HEALTH,Emergency Medical Services,EMERGENCY TRANSPORT,Buildings,0,2418,4792,0,0
Limpopo,HEALTH,Emergency Medical Services,EMERGENCY TRANSPORT,Other machinery and equipment,3100,141314,7530,4380,46780
Limpopo,HEALTH,Emergency Medical Services,EMERGENCY TRANSPORT,Transport equipment,82206,417651,208631,98799,98799
Limpopo,HEALTH,Emergency Medical Services,EMERGENCY TRANSPORT,Salaries and wages,658290,668451,705171,737086,736286
Limpopo,HEALTH,Emergency Medical Services,EMERGENCY TRANSPORT,Social contributions,116531,125844,134716,125922,128922
Limpopo,HEALTH,Emergency Medical Services,EMERGENCY TRANSPORT,Administrative fees,5,17,0,0,1
Limpopo,HEALTH,Emergency Medical Services,EMERGENCY TRANSPORT,Agency and support/outsourced services,21294,53962,48605,58116,58146
Limpopo,HEALTH,Emergency Medical Services,EMERGENCY TRANSPORT,Catering: Departmental activities,0,0,0,0,32
Limpopo,HEALTH,Emergency Medical Services,EMERGENCY TRANSPORT,Communication (G&S),1431,6734,5356,7094,7694
Limpopo,HEALTH,Emergency Medical Services,EMERGENCY TRANSPORT,Computer services,0,14823,1949,0,0
Limpopo,HEALTH,Emergency Medical Services,EMERGENCY TRANSPORT,Consultants: Business and advisory services,6554,4297,18190,28776,23399
Limpopo,HEALTH,Emergency Medical Services,EMERGENCY TRANSPORT,Consumable supplies,259,984,1114,1098,3798
Limpopo,HEALTH,Emergency Medical Services,EMERGENCY TRANSPORT,"Consumables: Stationery, printing and office supplies",1442,504,2691,1796,4849
Limpopo,HEALTH,Emergency Medical Services,EMERGENCY TRANSPORT,Fleet services (including government motor transport),121920,108244,94269,92655,92655
Limpopo,HEALTH,Emergency Medical Services,EMERGENCY TRANSPORT,Inventory: Clothing material and accessories,0,0,0,12000,13100
Limpopo,HEALTH,Emergency Medical Services,EMERGENCY TRANSPORT,Inventory: Food and food supplies,0,0,22,0,0
Limpopo,HEALTH,Emergency Medical Services,EMERGENCY TRANSPORT,"Inventory: Fuel, oil and gas",0,0,0,83,0
Limpopo,HEALTH,Emergency Medical Services,EMERGENCY TRANSPORT,Inventory: Medical supplies,1789,3507,9539,867,2867
Limpopo,HEALTH,Emergency Medical Services,EMERGENCY TRANSPORT,Inventory: Other supplies,255,522,546,0,0
Limpopo,HEALTH,Emergency Medical Services,EMERGENCY TRANSPORT,Minor assets,0,57,1186,446,100
Limpopo,HEALTH,Emergency Medical Services,EMERGENCY TRANSPORT,Operating leases,136,95,2,225,0
Limpopo,HEALTH,Emergency Medical Services,EMERGENCY TRANSPORT,Operating payments,0,507,0,447,147
Limpopo,HEALTH,Emergency Medical Services,EMERGENCY TRANSPORT,Property payments,20568,24283,24730,26433,24033
Limpopo,HEALTH,Emergency Medical Services,EMERGENCY TRANSPORT,Travel and subsistence,412,466,163,0,315
Limpopo,HEALTH,Emergency Medical Services,EMERGENCY TRANSPORT,Rent on land,0,17,8,0,0
Limpopo,HEALTH,Emergency Medical Services,EMERGENCY TRANSPORT,Social benefits,1519,1342,892,335,1135
Limpopo,HEALTH,Emergency Medical Services,EMERGENCY TRANSPORT,Provincial agencies and funds,814,1102,1359,1017,1017
Limpopo,HEALTH,Provincial Hospital Services,GENERAL (REGIONAL) HOSPITAL,Other machinery and equipment,1232,26808,44092,4225,50058
Limpopo,HEALTH,Provincial Hospital Services,GENERAL (REGIONAL) HOSPITAL,Salaries and wages,1508969,1523120,1493978,1654574,1655274
Limpopo,HEALTH,Provincial Hospital Services,GENERAL (REGIONAL) HOSPITAL,Social contributions,217771,229731,240900,259264,260321
Limpopo,HEALTH,Provincial Hospital Services,GENERAL (REGIONAL) HOSPITAL,Administrative fees,61,98,55,26,26
Limpopo,HEALTH,Provincial Hospital Services,GENERAL (REGIONAL) HOSPITAL,Agency and support/outsourced services,8,273,37,203,503
Limpopo,HEALTH,Provincial Hospital Services,GENERAL (REGIONAL) HOSPITAL,Catering: Departmental activities,119,27,40,0,0
Limpopo,HEALTH,Provincial Hospital Services,GENERAL (REGIONAL) HOSPITAL,Communication (G&S),5092,5066,4992,6404,6354
Limpopo,HEALTH,Provincial Hospital Services,GENERAL (REGIONAL) HOSPITAL,Computer services,0,31,148,0,0
Limpopo,HEALTH,Provincial Hospital Services,GENERAL (REGIONAL) HOSPITAL,Consultants: Business and advisory services,0,25,16,0,50
Limpopo,HEALTH,Provincial Hospital Services,GENERAL (REGIONAL) HOSPITAL,Consumable supplies,17598,19131,18430,27109,19609
Limpopo,HEALTH,Provincial Hospital Services,GENERAL (REGIONAL) HOSPITAL,"Consumables: Stationery, printing and office supplies",4326,4778,6928,3244,6744
Limpopo,HEALTH,Provincial Hospital Services,GENERAL (REGIONAL) HOSPITAL,Contractors,21,0,150,0,0
Limpopo,HEALTH,Provincial Hospital Services,GENERAL (REGIONAL) HOSPITAL,Inventory: Clothing material and accessories,100,549,863,57,757
Limpopo,HEALTH,Provincial Hospital Services,GENERAL (REGIONAL) HOSPITAL,Inventory: Food and food supplies,29087,38631,44454,28400,46400
Limpopo,HEALTH,Provincial Hospital Services,GENERAL (REGIONAL) HOSPITAL,"Inventory: Fuel, oil and gas",12833,18362,6804,9806,5806
Limpopo,HEALTH,Provincial Hospital Services,GENERAL (REGIONAL) HOSPITAL,Inventory: Medical supplies,104184,143051,124604,122364,158069
Limpopo,HEALTH,Provincial Hospital Services,GENERAL (REGIONAL) HOSPITAL,Inventory: Medicine,91407,115348,148543,151391,122076
Limpopo,HEALTH,Provincial Hospital Services,GENERAL (REGIONAL) HOSPITAL,Inventory: Other supplies,4278,3770,6339,4500,4500
Limpopo,HEALTH,Provincial Hospital Services,GENERAL (REGIONAL) HOSPITAL,Laboratory services,21278,22671,20416,26028,28674
Limpopo,HEALTH,Provincial Hospital Services,GENERAL (REGIONAL) HOSPITAL,Minor assets,467,740,2557,1020,24261
Limpopo,HEALTH,Provincial Hospital Services,GENERAL (REGIONAL) HOSPITAL,Operating leases,909,833,516,1045,1045
Limpopo,HEALTH,Provincial Hospital Services,GENERAL (REGIONAL) HOSPITAL,Operating payments,433,320,220,0,300
Limpopo,HEALTH,Provincial Hospital Services,GENERAL (REGIONAL) HOSPITAL,Property payments,68706,79793,97072,128790,155790
Limpopo,HEALTH,Provincial Hospital Services,GENERAL (REGIONAL) HOSPITAL,Rental and hiring,0,0,0,0,0
Limpopo,HEALTH,Provincial Hospital Services,GENERAL (REGIONAL) HOSPITAL,Transport provided: Departmental activity,1002,338,200,1013,713
Limpopo,HEALTH,Provincial Hospital Services,GENERAL (REGIONAL) HOSPITAL,Travel and subsistence,2038,1197,5970,0,1500
Limpopo,HEALTH,Provincial Hospital Services,GENERAL (REGIONAL) HOSPITAL,Venues and facilities,382,551,201,0,0
Limpopo,HEALTH,Provincial Hospital Services,GENERAL (REGIONAL) HOSPITAL,Social benefits,11346,9170,10133,10672,6172
Limpopo,HEALTH,Provincial Hospital Services,GENERAL (REGIONAL) HOSPITAL,Provincial agencies and funds,76,60,69,151,151
Limpopo,HEALTH,Provincial Hospital Services,PSYCHATRIC/MENTAL HOSPITAL,Other machinery and equipment,305,568,763,1000,1000
Limpopo,HEALTH,Provincial Hospital Services,PSYCHATRIC/MENTAL HOSPITAL,Salaries and wages,421273,445802,448967,490128,483148
Limpopo,HEALTH,Provincial Hospital Services,PSYCHATRIC/MENTAL HOSPITAL,Social contributions,77065,81563,84866,84253,87253
Limpopo,HEALTH,Provincial Hospital Services,PSYCHATRIC/MENTAL HOSPITAL,Administrative fees,0,0,1,0,0
Limpopo,HEALTH,Provincial Hospital Services,PSYCHATRIC/MENTAL HOSPITAL,Agency and support/outsourced services,50,22,47,2817,2290
Limpopo,HEALTH,Provincial Hospital Services,PSYCHATRIC/MENTAL HOSPITAL,Catering: Departmental activities,0,0,127,0,0
Limpopo,HEALTH,Provincial Hospital Services,PSYCHATRIC/MENTAL HOSPITAL,Communication (G&S),1513,1600,1608,2785,2055
Limpopo,HEALTH,Provincial Hospital Services,PSYCHATRIC/MENTAL HOSPITAL,Consultants: Business and advisory services,0,0,0,0,10
Limpopo,HEALTH,Provincial Hospital Services,PSYCHATRIC/MENTAL HOSPITAL,Consumable supplies,4830,6095,6517,9648,6888
Limpopo,HEALTH,Provincial Hospital Services,PSYCHATRIC/MENTAL HOSPITAL,"Consumables: Stationery, printing and office supplies",956,1056,1260,829,2329
Limpopo,HEALTH,Provincial Hospital Services,PSYCHATRIC/MENTAL HOSPITAL,Inventory: Clothing material and accessories,131,59,120,309,309
Limpopo,HEALTH,Provincial Hospital Services,PSYCHATRIC/MENTAL HOSPITAL,Inventory: Food and food supplies,21689,26041,27145,30085,19085
Limpopo,HEALTH,Provincial Hospital Services,PSYCHATRIC/MENTAL HOSPITAL,"Inventory: Fuel, oil and gas",3325,3276,1243,3386,3386
Limpopo,HEALTH,Provincial Hospital Services,PSYCHATRIC/MENTAL HOSPITAL,Inventory: Medical supplies,1926,1244,2498,3134,3134
Limpopo,HEALTH,Provincial Hospital Services,PSYCHATRIC/MENTAL HOSPITAL,Inventory: Other supplies,969,2084,2669,1095,2195
Limpopo,HEALTH,Provincial Hospital Services,PSYCHATRIC/MENTAL HOSPITAL,Laboratory services,69,332,236,16,236
Limpopo,HEALTH,Provincial Hospital Services,PSYCHATRIC/MENTAL HOSPITAL,Minor assets,183,453,565,577,1077
Limpopo,HEALTH,Provincial Hospital Services,PSYCHATRIC/MENTAL HOSPITAL,Operating leases,155,132,134,633,533
Limpopo,HEALTH,Provincial Hospital Services,PSYCHATRIC/MENTAL HOSPITAL,Operating payments,323,123,117,84,244
Limpopo,HEALTH,Provincial Hospital Services,PSYCHATRIC/MENTAL HOSPITAL,Property payments,30355,39805,43070,50292,50292
Limpopo,HEALTH,Provincial Hospital Services,PSYCHATRIC/MENTAL HOSPITAL,Rental and hiring,0,0,0,0,100
Limpopo,HEALTH,Provincial Hospital Services,PSYCHATRIC/MENTAL HOSPITAL,Transport provided: Departmental activity,50,3,17,270,70
Limpopo,HEALTH,Provincial Hospital Services,PSYCHATRIC/MENTAL HOSPITAL,Travel and subsistence,203,167,155,0,207
Limpopo,HEALTH,Provincial Hospital Services,PSYCHATRIC/MENTAL HOSPITAL,Social benefits,3288,3545,2491,5375,5375
Limpopo,HEALTH,Provincial Hospital Services,PSYCHATRIC/MENTAL HOSPITAL,Provincial agencies and funds,22,15,18,18,18
Limpopo,HEALTH,Provincial Hospital Services,TB HOSPITALS ,Other machinery and equipment,168,162,338,180,180
Limpopo,HEALTH,Provincial Hospital Services,TB HOSPITALS ,Salaries and wages,32985,33988,28146,37004,35004
Limpopo,HEALTH,Provincial Hospital Services,TB HOSPITALS ,Social contributions,5099,3547,3729,3747,5747
Limpopo,HEALTH,Provincial Hospital Services,TB HOSPITALS ,Communication (G&S),312,251,201,335,835
Limpopo,HEALTH,Provincial Hospital Services,TB HOSPITALS ,Computer services,278,0,0,0,0
Limpopo,HEALTH,Provincial Hospital Services,TB HOSPITALS ,Consumable supplies,912,642,994,713,713
Limpopo,HEALTH,Provincial Hospital Services,TB HOSPITALS ,"Consumables: Stationery, printing and office supplies",57,64,63,132,222
Limpopo,HEALTH,Provincial Hospital Services,TB HOSPITALS ,Inventory: Clothing material and accessories,0,74,0,0,0
Limpopo,HEALTH,Provincial Hospital Services,TB HOSPITALS ,Inventory: Food and food supplies,310,1014,901,1657,1157
Limpopo,HEALTH,Provincial Hospital Services,TB HOSPITALS ,"Inventory: Fuel, oil and gas",247,427,0,433,433
Limpopo,HEALTH,Provincial Hospital Services,TB HOSPITALS ,Inventory: Medical supplies,421,753,659,1103,1013
Limpopo,HEALTH,Provincial Hospital Services,TB HOSPITALS ,Inventory: Other supplies,18,0,0,0,0
Limpopo,HEALTH,Provincial Hospital Services,TB HOSPITALS ,Minor assets,0,0,0,0,0
Limpopo,HEALTH,Provincial Hospital Services,TB HOSPITALS ,Operating leases,65,18,14,46,46
Limpopo,HEALTH,Provincial Hospital Services,TB HOSPITALS ,Operating payments,55,0,0,0,0
Limpopo,HEALTH,Provincial Hospital Services,TB HOSPITALS ,Property payments,4903,2965,1979,3963,3111
Limpopo,HEALTH,Provincial Hospital Services,TB HOSPITALS ,Transport provided: Departmental activity,0,39,7,0,20
Limpopo,HEALTH,Provincial Hospital Services,TB HOSPITALS ,Travel and subsistence,56,1,1,0,5
Limpopo,HEALTH,Provincial Hospital Services,TB HOSPITALS ,Social benefits,14,39,34,0,0
Limpopo,HEALTH,Central Hospital Services,CENTRAL HOSPITAL,Buildings,0,5499,2750,0,1500
Limpopo,HEALTH,Central Hospital Services,CENTRAL HOSPITAL,Other machinery and equipment,92284,127838,113748,104808,138465
Limpopo,HEALTH,Central Hospital Services,CENTRAL HOSPITAL,Salaries and wages,1305584,1346808,1402377,1407483,1427571
Limpopo,HEALTH,Central Hospital Services,CENTRAL HOSPITAL,Social contributions,174794,187588,197675,236533,228551
Limpopo,HEALTH,Central Hospital Services,CENTRAL HOSPITAL,Administrative fees,47,9,0,0,0
Limpopo,HEALTH,Central Hospital Services,CENTRAL HOSPITAL,Agency and support/outsourced services,12915,3258,97,14180,0
Limpopo,HEALTH,Central Hospital Services,CENTRAL HOSPITAL,Catering: Departmental activities,17,0,46,15,195
Limpopo,HEALTH,Central Hospital Services,CENTRAL HOSPITAL,Communication (G&S),4364,4251,4150,8716,8236
Limpopo,HEALTH,Central Hospital Services,CENTRAL HOSPITAL,Consultants: Business and advisory services,0,9,36,0,0
Limpopo,HEALTH,Central Hospital Services,CENTRAL HOSPITAL,Consumable supplies,23539,37594,30030,48288,41156
Limpopo,HEALTH,Central Hospital Services,CENTRAL HOSPITAL,"Consumables: Stationery, printing and office supplies",5111,5307,5191,5125,4425
Limpopo,HEALTH,Central Hospital Services,CENTRAL HOSPITAL,Contractors,22799,25354,22195,20515,28215
Limpopo,HEALTH,Central Hospital Services,CENTRAL HOSPITAL,Fleet services (including government motor transport),30,69,21,88,88
Limpopo,HEALTH,Central Hospital Services,CENTRAL HOSPITAL,Inventory: Clothing material and accessories,1602,477,3474,1163,1163
Limpopo,HEALTH,Central Hospital Services,CENTRAL HOSPITAL,Inventory: Food and food supplies,30183,33688,31246,31974,31974
Limpopo,HEALTH,Central Hospital Services,CENTRAL HOSPITAL,"Inventory: Fuel, oil and gas",4450,4410,642,3452,3452
Limpopo,HEALTH,Central Hospital Services,CENTRAL HOSPITAL,Inventory: Medical supplies,167802,210606,207658,168852,172315
Limpopo,HEALTH,Central Hospital Services,CENTRAL HOSPITAL,Inventory: Medicine,137514,157394,148580,143294,163979
Limpopo,HEALTH,Central Hospital Services,CENTRAL HOSPITAL,Inventory: Other supplies,5115,5547,7062,4983,4983
Limpopo,HEALTH,Central Hospital Services,CENTRAL HOSPITAL,Laboratory services,16382,48178,30516,67521,84167
Limpopo,HEALTH,Central Hospital Services,CENTRAL HOSPITAL,Minor assets,1281,276,578,5253,23917
Limpopo,HEALTH,Central Hospital Services,CENTRAL HOSPITAL,Operating leases,1580,1332,274,0,700
Limpopo,HEALTH,Central Hospital Services,CENTRAL HOSPITAL,Operating payments,309,465,343,164,4364
Limpopo,HEALTH,Central Hospital Services,CENTRAL HOSPITAL,Property payments,71641,88249,80956,91704,102299
Limpopo,HEALTH,Central Hospital Services,CENTRAL HOSPITAL,Rental and hiring,32,0,0,0,0
Limpopo,HEALTH,Central Hospital Services,CENTRAL HOSPITAL,Transport provided: Departmental activity,129,231,234,574,574
Limpopo,HEALTH,Central Hospital Services,CENTRAL HOSPITAL,Travel and subsistence,3875,675,530,266,966
Limpopo,HEALTH,Central Hospital Services,CENTRAL HOSPITAL,Social benefits,7540,7182,8795,1182,10182
Limpopo,HEALTH,Central Hospital Services,CENTRAL HOSPITAL,Provincial agencies and funds,49,32,42,80,80
Limpopo,HEALTH,Health Sciences and Training,NURSING TRANNING COLLEGES ,Other machinery and equipment,36,915,0,300,300
Limpopo,HEALTH,Health Sciences and Training,NURSING TRANNING COLLEGES ,Salaries and wages,113974,108224,109429,127436,126636
Limpopo,HEALTH,Health Sciences and Training,NURSING TRANNING COLLEGES ,Social contributions,19940,19962,20518,20334,20334
Limpopo,HEALTH,Health Sciences and Training,NURSING TRANNING COLLEGES ,Communication (G&S),565,619,750,871,871
Limpopo,HEALTH,Health Sciences and Training,NURSING TRANNING COLLEGES ,Computer services,0,0,0,3000,3000
Limpopo,HEALTH,Health Sciences and Training,NURSING TRANNING COLLEGES ,Consumable supplies,633,753,634,908,908
Limpopo,HEALTH,Health Sciences and Training,NURSING TRANNING COLLEGES ,"Consumables: Stationery, printing and office supplies",318,337,545,1183,433
Limpopo,HEALTH,Health Sciences and Training,NURSING TRANNING COLLEGES ,Inventory: Clothing material and accessories,62,37,89,0,0
Limpopo,HEALTH,Health Sciences and Training,NURSING TRANNING COLLEGES ,"Inventory: Fuel, oil and gas",8,8,10,0,0
Limpopo,HEALTH,Health Sciences and Training,NURSING TRANNING COLLEGES ,Inventory: Other supplies,0,71,29,100,100
Limpopo,HEALTH,Health Sciences and Training,NURSING TRANNING COLLEGES ,Minor assets,67,18,25,34,34
Limpopo,HEALTH,Health Sciences and Training,NURSING TRANNING COLLEGES ,Operating leases,430,403,56,420,420
Limpopo,HEALTH,Health Sciences and Training,NURSING TRANNING COLLEGES ,Operating payments,84,590,358,717,717
Limpopo,HEALTH,Health Sciences and Training,NURSING TRANNING COLLEGES ,Property payments,11199,12200,13022,13778,14078
Limpopo,HEALTH,Health Sciences and Training,NURSING TRANNING COLLEGES ,Travel and subsistence,297,237,485,200,600
Limpopo,HEALTH,Health Sciences and Training,NURSING TRANNING COLLEGES ,Other transfers to households,0,0,0,0,0
Limpopo,HEALTH,Health Sciences and Training,NURSING TRANNING COLLEGES ,Social benefits,1165,2270,1493,165,565
Limpopo,HEALTH,Health Sciences and Training,NURSING TRANNING COLLEGES ,Provincial agencies and funds,123,133,138,147,197
Limpopo,HEALTH,Health Sciences and Training,EMS: TRAINNING COLLEGES,Salaries and wages,2468,2323,2251,4153,383
Limpopo,HEALTH,Health Sciences and Training,EMS: TRAINNING COLLEGES,Social contributions,323,320,305,639,109
Limpopo,HEALTH,Health Sciences and Training,EMS: TRAINNING COLLEGES,Administrative fees,1,0,0,0,0
Limpopo,HEALTH,Health Sciences and Training,EMS: TRAINNING COLLEGES,Agency and support/outsourced services,0,312,0,0,0
Limpopo,HEALTH,Health Sciences and Training,EMS: TRAINNING COLLEGES,"Consumables: Stationery, printing and office supplies",0,0,0,134,134
Limpopo,HEALTH,Health Sciences and Training,EMS: TRAINNING COLLEGES,Operating leases,0,0,0,273,123
Limpopo,HEALTH,Health Sciences and Training,EMS: TRAINNING COLLEGES,Travel and subsistence,34,0,3,18,168
Limpopo,HEALTH,Health Sciences and Training,EMS: TRAINNING COLLEGES,Social benefits,0,0,7,116,116
Limpopo,HEALTH,Health Sciences and Training,BURSARIES,Administrative fees,16,12,0,0,0
Limpopo,HEALTH,Health Sciences and Training,BURSARIES,Catering: Departmental activities,0,0,0,0,0
Limpopo,HEALTH,Health Sciences and Training,BURSARIES,"Consumables: Stationery, printing and office supplies",1,0,0,224,0
Limpopo,HEALTH,Health Sciences and Training,BURSARIES,Training and development,0,320,0,0,0
Limpopo,HEALTH,Health Sciences and Training,BURSARIES,Travel and subsistence,1900,379,627,545,115
Limpopo,HEALTH,Health Sciences and Training,BURSARIES,Venues and facilities,740,220,0,0,0
Limpopo,HEALTH,Health Sciences and Training,BURSARIES,Other transfers to households,47309,17455,20030,33125,28605
Limpopo,HEALTH,Health Sciences and Training,OTHER TRAINNING,Salaries and wages,383224,378938,365514,381458,381458
Limpopo,HEALTH,Health Sciences and Training,OTHER TRAINNING,Social contributions,9788,6466,4109,20662,20662
Limpopo,HEALTH,Health Sciences and Training,OTHER TRAINNING,Administrative fees,17,69,0,0,0
Limpopo,HEALTH,Health Sciences and Training,OTHER TRAINNING,Catering: Departmental activities,12,6,0,0,0
Limpopo,HEALTH,Health Sciences and Training,OTHER TRAINNING,Consumable supplies,143,13,0,2238,2238
Limpopo,HEALTH,Health Sciences and Training,OTHER TRAINNING,"Consumables: Stationery, printing and office supplies",0,0,0,423,423
Limpopo,HEALTH,Health Sciences and Training,OTHER TRAINNING,Minor assets,0,0,0,46,46
Limpopo,HEALTH,Health Sciences and Training,OTHER TRAINNING,Operating payments,0,0,0,0,0
Limpopo,HEALTH,Health Sciences and Training,OTHER TRAINNING,Property payments,0,0,0,3000,0
Limpopo,HEALTH,Health Sciences and Training,OTHER TRAINNING,Training and development,197,5,6025,15877,15487
Limpopo,HEALTH,Health Sciences and Training,OTHER TRAINNING,Travel and subsistence,348,1633,38,0,200
Limpopo,HEALTH,Health Sciences and Training,OTHER TRAINNING,Venues and facilities,609,1051,64,0,190
Limpopo,HEALTH,Health Sciences and Training,OTHER TRAINNING,Departmental agencies (non-business entities),42891,41379,26089,26120,26120
Limpopo,HEALTH,Health Sciences and Training,OTHER TRAINNING,Social benefits,43,0,0,0,0
Limpopo,HEALTH,Health Care Support Services,FORENSIC PARTHOLOGY SERVICES,Other machinery and equipment,833,142,0,1800,1800
Limpopo,HEALTH,Health Care Support Services,FORENSIC PARTHOLOGY SERVICES,Salaries and wages,34965,33684,34888,38614,38614
Limpopo,HEALTH,Health Care Support Services,FORENSIC PARTHOLOGY SERVICES,Social contributions,6196,6736,7347,5612,5612
Limpopo,HEALTH,Health Care Support Services,FORENSIC PARTHOLOGY SERVICES,Agency and support/outsourced services,0,0,71,100,100
Limpopo,HEALTH,Health Care Support Services,FORENSIC PARTHOLOGY SERVICES,Catering: Departmental activities,18,12,29,0,35
Limpopo,HEALTH,Health Care Support Services,FORENSIC PARTHOLOGY SERVICES,Communication (G&S),22,27,42,30,50
Limpopo,HEALTH,Health Care Support Services,FORENSIC PARTHOLOGY SERVICES,Consumable supplies,291,1040,824,2639,2609
Limpopo,HEALTH,Health Care Support Services,FORENSIC PARTHOLOGY SERVICES,"Consumables: Stationery, printing and office supplies",87,133,120,324,224
Limpopo,HEALTH,Health Care Support Services,FORENSIC PARTHOLOGY SERVICES,Inventory: Clothing material and accessories,0,2,0,48,33
Limpopo,HEALTH,Health Care Support Services,FORENSIC PARTHOLOGY SERVICES,Inventory: Medical supplies,1198,744,1628,1619,1619
Limpopo,HEALTH,Health Care Support Services,FORENSIC PARTHOLOGY SERVICES,Inventory: Other supplies,122,160,115,0,0
Limpopo,HEALTH,Health Care Support Services,FORENSIC PARTHOLOGY SERVICES,Laboratory services,4358,4194,2010,3679,3604
Limpopo,HEALTH,Health Care Support Services,FORENSIC PARTHOLOGY SERVICES,Minor assets,441,0,229,0,20
Limpopo,HEALTH,Health Care Support Services,FORENSIC PARTHOLOGY SERVICES,Operating leases,73,61,10,0,30
Limpopo,HEALTH,Health Care Support Services,FORENSIC PARTHOLOGY SERVICES,Operating payments,33,0,0,0,0
Limpopo,HEALTH,Health Care Support Services,FORENSIC PARTHOLOGY SERVICES,Property payments,0,692,161,0,110
Limpopo,HEALTH,Health Care Support Services,FORENSIC PARTHOLOGY SERVICES,Transport provided: Departmental activity,11,0,0,998,888
Limpopo,HEALTH,Health Care Support Services,FORENSIC PARTHOLOGY SERVICES,Travel and subsistence,142,135,988,0,100
Limpopo,HEALTH,Health Care Support Services,FORENSIC PARTHOLOGY SERVICES,Social benefits,0,6,19,0,0
Limpopo,HEALTH,Health Care Support Services,FORENSIC PARTHOLOGY SERVICES,Provincial agencies and funds,0,8,0,0,15
Limpopo,HEALTH,Health Care Support Services,ORTHOTIC & PROSTHETIC SERVICES,Other machinery and equipment,1294,3731,0,134,134
Limpopo,HEALTH,Health Care Support Services,ORTHOTIC & PROSTHETIC SERVICES,Administrative fees,4,1,0,0,0
Limpopo,HEALTH,Health Care Support Services,ORTHOTIC & PROSTHETIC SERVICES,Catering: Departmental activities,0,0,0,0,0
Limpopo,HEALTH,Health Care Support Services,ORTHOTIC & PROSTHETIC SERVICES,Inventory: Medical supplies,10951,7494,12114,10165,10150
Limpopo,HEALTH,Health Care Support Services,ORTHOTIC & PROSTHETIC SERVICES,Minor assets,91,0,0,0,15
Limpopo,HEALTH,Health Care Support Services,ORTHOTIC & PROSTHETIC SERVICES,Travel and subsistence,54,26,41,134,134
Limpopo,HEALTH,Health Care Support Services,ORTHOTIC & PROSTHETIC SERVICES,Social benefits,0,0,0,167,167
Limpopo,HEALTH,Health Care Support Services,MEDICAL TRADING ACCOUNT,Salaries and wages,55987,55913,54764,50646,50646
Limpopo,HEALTH,Health Care Support Services,MEDICAL TRADING ACCOUNT,Social contributions,8813,9470,9740,9248,9248
Limpopo,HEALTH,Health Care Support Services,MEDICAL TRADING ACCOUNT,Administrative fees,95,0,0,0,0
Limpopo,HEALTH,Health Care Support Services,MEDICAL TRADING ACCOUNT,Catering: Departmental activities,0,0,0,0,142
Limpopo,HEALTH,Health Care Support Services,MEDICAL TRADING ACCOUNT,Communication (G&S),374,376,31,422,172
Limpopo,HEALTH,Health Care Support Services,MEDICAL TRADING ACCOUNT,Consultants: Business and advisory services,35264,28396,30170,45569,43230
Limpopo,HEALTH,Health Care Support Services,MEDICAL TRADING ACCOUNT,Consumable supplies,259,237,444,204,74
Limpopo,HEALTH,Health Care Support Services,MEDICAL TRADING ACCOUNT,"Consumables: Stationery, printing and office supplies",218,488,274,467,467
Limpopo,HEALTH,Health Care Support Services,MEDICAL TRADING ACCOUNT,Contractors,187,232,130,80,350
Limpopo,HEALTH,Health Care Support Services,MEDICAL TRADING ACCOUNT,"Inventory: Fuel, oil and gas",317,350,0,341,341
Limpopo,HEALTH,Health Care Support Services,MEDICAL TRADING ACCOUNT,Inventory: Medical supplies,54968,1736,3467,0,800
Limpopo,HEALTH,Health Care Support Services,MEDICAL TRADING ACCOUNT,Inventory: Medicine,-166,41,0,0,130
Limpopo,HEALTH,Health Care Support Services,MEDICAL TRADING ACCOUNT,Inventory: Other supplies,859,263,1119,779,49
Limpopo,HEALTH,Health Care Support Services,MEDICAL TRADING ACCOUNT,Minor assets,3,0,0,8,258
Limpopo,HEALTH,Health Care Support Services,MEDICAL TRADING ACCOUNT,Operating leases,686,1073,1131,1008,1208
Limpopo,HEALTH,Health Care Support Services,MEDICAL TRADING ACCOUNT,Operating payments,19,0,0,0,40
Limpopo,HEALTH,Health Care Support Services,MEDICAL TRADING ACCOUNT,Property payments,5394,6442,6141,5528,6028
Limpopo,HEALTH,Health Care Support Services,MEDICAL TRADING ACCOUNT,Training and development,52,0,0,0,90
Limpopo,HEALTH,Health Care Support Services,MEDICAL TRADING ACCOUNT,Travel and subsistence,209,241,314,62,1089
Limpopo,HEALTH,Health Care Support Services,MEDICAL TRADING ACCOUNT,Social benefits,92,566,385,166,166
Limpopo,HEALTH,Health Care Support Services,COMPENSATORY SERVICES ,Other transfers to households,0,0,0,0,0
Limpopo,HEALTH,Health Facilities Management,COMMUNITY HEALTH FACILITIES ,Social benefits,38,244,0,0,0
Limpopo,HEALTH,Health Facilities Management,COMMUNITY HEALTH FACILITIES,Buildings,305264,299140,319060,250949,284496
Limpopo,HEALTH,Health Facilities Management,COMMUNITY HEALTH FACILITIES,Other fixed structures,0,0,0,0,0
Limpopo,HEALTH,Health Facilities Management,COMMUNITY HEALTH FACILITIES,Other machinery and equipment,15200,12451,1714,4305,2805
Limpopo,HEALTH,Health Facilities Management,COMMUNITY HEALTH FACILITIES,Salaries and wages,14959,12503,11132,15201,14097
Limpopo,HEALTH,Health Facilities Management,COMMUNITY HEALTH FACILITIES,Social contributions,2098,1296,1135,4992,4006
Limpopo,HEALTH,Health Facilities Management,COMMUNITY HEALTH FACILITIES,Administrative fees,2,0,0,120,120
Limpopo,HEALTH,Health Facilities Management,COMMUNITY HEALTH FACILITIES,Advertising,0,0,0,100,0
Limpopo,HEALTH,Health Facilities Management,COMMUNITY HEALTH FACILITIES,Catering: Departmental activities,4,0,0,0,0
Limpopo,HEALTH,Health Facilities Management,COMMUNITY HEALTH FACILITIES,Consultants: Business and advisory services,106513,61133,26444,0,66431
Limpopo,HEALTH,Health Facilities Management,COMMUNITY HEALTH FACILITIES,Consumable supplies,7632,11428,28773,0,6000
Limpopo,HEALTH,Health Facilities Management,COMMUNITY HEALTH FACILITIES,"Consumables: Stationery, printing and office supplies",0,0,3,0,0
Limpopo,HEALTH,Health Facilities Management,COMMUNITY HEALTH FACILITIES,Contractors,108071,173465,63620,97344,46548
Limpopo,HEALTH,Health Facilities Management,COMMUNITY HEALTH FACILITIES,Inventory: Clothing material and accessories,0,0,0,100,400
Limpopo,HEALTH,Health Facilities Management,COMMUNITY HEALTH FACILITIES,"Inventory: Fuel, oil and gas",933,566,56,0,0
Limpopo,HEALTH,Health Facilities Management,COMMUNITY HEALTH FACILITIES,Inventory: Medical supplies,237,449,0,0,0
Limpopo,HEALTH,Health Facilities Management,COMMUNITY HEALTH FACILITIES,Minor assets,1615,283,404,1060,862
Limpopo,HEALTH,Health Facilities Management,COMMUNITY HEALTH FACILITIES,Operating payments,23,0,0,0,0
Limpopo,HEALTH,Health Facilities Management,COMMUNITY HEALTH FACILITIES,Property payments,361356,248983,354389,460897,588988
Limpopo,HEALTH,Health Facilities Management,COMMUNITY HEALTH FACILITIES,Rental and hiring,273,0,0,0,0
Limpopo,HEALTH,Health Facilities Management,COMMUNITY HEALTH FACILITIES,Training and development,0,0,0,200,200
Limpopo,HEALTH,Health Facilities Management,COMMUNITY HEALTH FACILITIES,Travel and subsistence,884,327,640,1100,1100
Limpopo,HEALTH,Health Facilities Management,COMMUNITY HEALTH FACILITIES,Venues and facilities,0,0,143,700,700
Limpopo,HEALTH,Health Facilities Management,DISTRICT HOSPITAL SERVICES ,Other machinery and equipment,43,0,0,0,0
Limpopo,HEALTH,Health Facilities Management,DISTRICT HOSPITAL SERVICES ,Consumable supplies,1,0,0,0,0
Limpopo,HEALTH,Health Facilities Management,DISTRICT HOSPITAL SERVICES ,Contractors,1432,0,0,0,0
Limpopo,HEALTH,Health Facilities Management,DISTRICT HOSPITAL SERVICES ,Inventory: Medical supplies,227,0,0,0,0
Limpopo,HEALTH,Health Facilities Management,DISTRICT HOSPITAL SERVICES ,Property payments,2166,0,0,0,0
Limpopo,HEALTH,Health Facilities Management,DISTRICT HOSPITAL SERVICES ,Transport provided: Departmental activity,5,0,0,0,0
Limpopo,HEALTH,Health Facilities Management,PROVINCIAL HOSPITAL SERVICES ,Contractors,994,0,0,0,0
Limpopo,HEALTH,Health Facilities Management,PROVINCIAL HOSPITAL SERVICES ,Inventory: Medical supplies,3,0,0,0,0
Limpopo,HEALTH,Health Facilities Management,TERTIARY HOSPITAL,Other machinery and equipment,108,0,0,0,0
Limpopo,HEALTH,Health Facilities Management,TERTIARY HOSPITAL,Social contributions,0,0,0,0,0
Limpopo,HEALTH,Health Facilities Management,TERTIARY HOSPITAL,Consumable supplies,767,34,1540,0,0
Limpopo,HEALTH,Health Facilities Management,TERTIARY HOSPITAL,Contractors,23549,31233,12064,24144,15144
Limpopo,HEALTH,Health Facilities Management,TERTIARY HOSPITAL,Property payments,60734,27326,7754,25403,25403
Limpopo,HEALTH,Health Facilities Management,TERTIARY HOSPITAL,Travel and subsistence,0,0,4,0,0
Limpopo,HEALTH,Health Facilities Management,OTHER FACILITIES,Social contributions,0,0,0,0,0
Limpopo,HEALTH,Health Facilities Management,OTHER FACILITIES,Communication (G&S),159,0,0,0,0
Limpopo,HEALTH,Health Facilities Management,OTHER FACILITIES,Consumable supplies,29,543,0,0,0
Limpopo,HEALTH,Health Facilities Management,OTHER FACILITIES,Contractors,0,0,0,627,627
Limpopo,HEALTH,Health Facilities Management,OTHER FACILITIES,"Inventory: Fuel, oil and gas",845,0,0,0,0
Limpopo,HEALTH,Health Facilities Management,OTHER FACILITIES,Property payments,1,6536,19931,20000,20000
Mpumalanga,HEALTH,Administration,OFFICE OF THE MEC,Other machinery and equipment,20,0,0,0,0
Mpumalanga,HEALTH,Administration,OFFICE OF THE MEC,Salaries and wages,10456,8268,8233,10396,10396
Mpumalanga,HEALTH,Administration,OFFICE OF THE MEC,Social contributions,1054,954,907,986,986
Mpumalanga,HEALTH,Administration,OFFICE OF THE MEC,Administrative fees,61,36,172,190,190
Mpumalanga,HEALTH,Administration,OFFICE OF THE MEC,Catering: Departmental activities,241,161,1276,332,532
Mpumalanga,HEALTH,Administration,OFFICE OF THE MEC,Communication (G&S),457,367,439,795,756
Mpumalanga,HEALTH,Administration,OFFICE OF THE MEC,Consumable supplies,13,124,0,129,129
Mpumalanga,HEALTH,Administration,OFFICE OF THE MEC,Inventory: Food and food supplies,73,0,0,95,134
Mpumalanga,HEALTH,Administration,OFFICE OF THE MEC,Rental and hiring,190,253,3206,439,439
Mpumalanga,HEALTH,Administration,OFFICE OF THE MEC,Transport provided: Departmental activity,0,0,14,0,0
Mpumalanga,HEALTH,Administration,OFFICE OF THE MEC,Travel and subsistence,3011,3421,3618,2773,2573
Mpumalanga,HEALTH,Administration,OFFICE OF THE MEC,Venues and facilities,0,18,291,0,0
Mpumalanga,HEALTH,Administration,OFFICE OF THE MEC,Social benefits,234,36,418,0,0
Mpumalanga,HEALTH,Administration,MANAGEMENT,Other machinery and equipment,0,1021,6697,4272,4657
Mpumalanga,HEALTH,Administration,MANAGEMENT,Transport equipment,0,786,0,0,0
Mpumalanga,HEALTH,Administration,MANAGEMENT,Salaries and wages,126046,137195,144654,168570,168570
Mpumalanga,HEALTH,Administration,MANAGEMENT,Social contributions,21990,22709,24440,26522,26522
Mpumalanga,HEALTH,Administration,MANAGEMENT,Administrative fees,538,466,873,1322,1238
Mpumalanga,HEALTH,Administration,MANAGEMENT,Advertising,1331,2966,3480,3447,1447
Mpumalanga,HEALTH,Administration,MANAGEMENT,Agency and support/outsourced services,592,662,322,658,500
Mpumalanga,HEALTH,Administration,MANAGEMENT,Audit costs: External,26011,23491,26126,25241,25241
Mpumalanga,HEALTH,Administration,MANAGEMENT,Catering: Departmental activities,296,420,297,273,661
Mpumalanga,HEALTH,Administration,MANAGEMENT,Communication (G&S),6633,10420,6008,5981,7566
Mpumalanga,HEALTH,Administration,MANAGEMENT,Computer services,40843,35733,32698,53893,82413
Mpumalanga,HEALTH,Administration,MANAGEMENT,Consultants: Business and advisory services,4386,2706,9366,11923,12157
Mpumalanga,HEALTH,Administration,MANAGEMENT,Consumable supplies,557,472,1278,2715,2545
Mpumalanga,HEALTH,Administration,MANAGEMENT,"Consumables: Stationery, printing and office supplies",1203,1458,1916,1051,1087
Mpumalanga,HEALTH,Administration,MANAGEMENT,Contractors,0,443,2054,1777,1777
Mpumalanga,HEALTH,Administration,MANAGEMENT,Fleet services (including government motor transport),-2556,3041,7530,5352,5352
Mpumalanga,HEALTH,Administration,MANAGEMENT,Inventory: Food and food supplies,0,0,0,0,0
Mpumalanga,HEALTH,Administration,MANAGEMENT,Legal services (G&S),55810,50415,66273,61115,61109
Mpumalanga,HEALTH,Administration,MANAGEMENT,Minor assets,0,0,181,0,0
Mpumalanga,HEALTH,Administration,MANAGEMENT,Operating leases,2341,2711,2039,2098,2098
Mpumalanga,HEALTH,Administration,MANAGEMENT,Operating payments,132,403,126,161,252
Mpumalanga,HEALTH,Administration,MANAGEMENT,Property payments,8252,7056,4781,10948,7409
Mpumalanga,HEALTH,Administration,MANAGEMENT,Rental and hiring,0,0,44,0,0
Mpumalanga,HEALTH,Administration,MANAGEMENT,Training and development,24,16,0,0,110
Mpumalanga,HEALTH,Administration,MANAGEMENT,Travel and subsistence,15669,18430,19749,16079,21604
Mpumalanga,HEALTH,Administration,MANAGEMENT,Venues and facilities,146,449,2104,296,2066
Mpumalanga,HEALTH,Administration,MANAGEMENT,Interest (Incl. interest on unitary payments (PPP)),0,81,1,0,0
Mpumalanga,HEALTH,Administration,MANAGEMENT,Other transfers to households,4030,0,0,0,0
Mpumalanga,HEALTH,Administration,MANAGEMENT,Social benefits,1703,394,1367,0,0
Mpumalanga,HEALTH,Administration,MANAGEMENT,Provincial agencies and funds,1091,1135,1207,1262,1262
Mpumalanga,HEALTH,District Health Services,DISTRICT MANAGEMENT,Other machinery and equipment,80897,20881,44605,10500,5664
Mpumalanga,HEALTH,District Health Services,DISTRICT MANAGEMENT,Transport equipment,39220,45454,549,0,0
Mpumalanga,HEALTH,District Health Services,DISTRICT MANAGEMENT,Salaries and wages,368163,412190,416427,452696,452696
Mpumalanga,HEALTH,District Health Services,DISTRICT MANAGEMENT,Social contributions,53431,63352,65208,73673,73673
Mpumalanga,HEALTH,District Health Services,DISTRICT MANAGEMENT,Administrative fees,3240,341,495,178,463
Mpumalanga,HEALTH,District Health Services,DISTRICT MANAGEMENT,Agency and support/outsourced services,0,0,0,0,0
Mpumalanga,HEALTH,District Health Services,DISTRICT MANAGEMENT,Catering: Departmental activities,758,1619,1759,678,1828
Mpumalanga,HEALTH,District Health Services,DISTRICT MANAGEMENT,Communication (G&S),5567,6476,6524,5295,5304
Mpumalanga,HEALTH,District Health Services,DISTRICT MANAGEMENT,Computer services,7806,0,0,0,0
Mpumalanga,HEALTH,District Health Services,DISTRICT MANAGEMENT,Consumable supplies,115019,9889,8792,11921,9551
Mpumalanga,HEALTH,District Health Services,DISTRICT MANAGEMENT,"Consumables: Stationery, printing and office supplies",10623,3387,5815,3719,4900
Mpumalanga,HEALTH,District Health Services,DISTRICT MANAGEMENT,Contractors,65200,10016,4644,7898,6561
Mpumalanga,HEALTH,District Health Services,DISTRICT MANAGEMENT,Fleet services (including government motor transport),30892,33610,24056,28858,28858
Mpumalanga,HEALTH,District Health Services,DISTRICT MANAGEMENT,Inventory: Medical supplies,13245,2598,3064,3340,3340
Mpumalanga,HEALTH,District Health Services,DISTRICT MANAGEMENT,Inventory: Medicine,0,3632,48,19,8
Mpumalanga,HEALTH,District Health Services,DISTRICT MANAGEMENT,Laboratory services,10,6439,13,16,27
Mpumalanga,HEALTH,District Health Services,DISTRICT MANAGEMENT,Minor assets,1790,212,215,1520,1047
Mpumalanga,HEALTH,District Health Services,DISTRICT MANAGEMENT,Operating leases,647,550,985,904,904
Mpumalanga,HEALTH,District Health Services,DISTRICT MANAGEMENT,Operating payments,297,127,114,110,60
Mpumalanga,HEALTH,District Health Services,DISTRICT MANAGEMENT,Property payments,3330,3694,4369,4695,4695
Mpumalanga,HEALTH,District Health Services,DISTRICT MANAGEMENT,Training and development,0,16,0,0,0
Mpumalanga,HEALTH,District Health Services,DISTRICT MANAGEMENT,Transport provided: Departmental activity,75,0,0,0,0
Mpumalanga,HEALTH,District Health Services,DISTRICT MANAGEMENT,Travel and subsistence,28022,14297,15547,14324,16273
Mpumalanga,HEALTH,District Health Services,DISTRICT MANAGEMENT,Venues and facilities,1025,285,240,0,60
Mpumalanga,HEALTH,District Health Services,DISTRICT MANAGEMENT,Interest (Incl. interest on unitary payments (PPP)),1,1,2,0,0
Mpumalanga,HEALTH,District Health Services,DISTRICT MANAGEMENT,Departmental agencies (non-business entities),0,0,0,1,1
Mpumalanga,HEALTH,District Health Services,DISTRICT MANAGEMENT,Social benefits,5975,3145,4085,2260,2260
Mpumalanga,HEALTH,District Health Services,DISTRICT MANAGEMENT,Non-Profit institutions,2580,5238,9403,9431,9431
Mpumalanga,HEALTH,District Health Services,DISTRICT MANAGEMENT,Subsidies on products and production (pc),0,0,0,0,0
Mpumalanga,HEALTH,District Health Services,COMMUNITY HEALTH CLINICS,Other machinery and equipment,5736,7020,20150,10326,14134
Mpumalanga,HEALTH,District Health Services,COMMUNITY HEALTH CLINICS,Transport equipment,0,19808,1308,0,0
Mpumalanga,HEALTH,District Health Services,COMMUNITY HEALTH CLINICS,Salaries and wages,1115371,1183041,1228008,1380198,1371667
Mpumalanga,HEALTH,District Health Services,COMMUNITY HEALTH CLINICS,Social contributions,206081,229345,243672,255187,266810
Mpumalanga,HEALTH,District Health Services,COMMUNITY HEALTH CLINICS,Administrative fees,44137,39829,45008,35556,35556
Mpumalanga,HEALTH,District Health Services,COMMUNITY HEALTH CLINICS,Agency and support/outsourced services,3748,6015,1582,5305,5305
Mpumalanga,HEALTH,District Health Services,COMMUNITY HEALTH CLINICS,Catering: Departmental activities,0,0,0,0,0
Mpumalanga,HEALTH,District Health Services,COMMUNITY HEALTH CLINICS,Communication (G&S),7796,8470,8412,8402,8402
Mpumalanga,HEALTH,District Health Services,COMMUNITY HEALTH CLINICS,Computer services,14640,3969,1883,20744,33698
Mpumalanga,HEALTH,District Health Services,COMMUNITY HEALTH CLINICS,Consumable supplies,15410,18895,22180,20639,20324
Mpumalanga,HEALTH,District Health Services,COMMUNITY HEALTH CLINICS,"Consumables: Stationery, printing and office supplies",31593,6240,11549,9068,7477
Mpumalanga,HEALTH,District Health Services,COMMUNITY HEALTH CLINICS,Contractors,32,0,0,0,0
Mpumalanga,HEALTH,District Health Services,COMMUNITY HEALTH CLINICS,Fleet services (including government motor transport),0,0,2,0,0
Mpumalanga,HEALTH,District Health Services,COMMUNITY HEALTH CLINICS,Inventory: Medical supplies,9818,13159,18985,11472,11913
Mpumalanga,HEALTH,District Health Services,COMMUNITY HEALTH CLINICS,Inventory: Medicine,252607,318053,377881,220196,263174
Mpumalanga,HEALTH,District Health Services,COMMUNITY HEALTH CLINICS,Laboratory services,35933,34680,42483,44530,44530
Mpumalanga,HEALTH,District Health Services,COMMUNITY HEALTH CLINICS,Minor assets,423,721,1097,1707,1484
Mpumalanga,HEALTH,District Health Services,COMMUNITY HEALTH CLINICS,Operating leases,4375,3978,5384,5767,5767
Mpumalanga,HEALTH,District Health Services,COMMUNITY HEALTH CLINICS,Operating payments,28,0,52,0,0
Mpumalanga,HEALTH,District Health Services,COMMUNITY HEALTH CLINICS,Property payments,22181,28783,35422,31998,31998
Mpumalanga,HEALTH,District Health Services,COMMUNITY HEALTH CLINICS,Rental and hiring,0,0,0,0,0
Mpumalanga,HEALTH,District Health Services,COMMUNITY HEALTH CLINICS,Travel and subsistence,302,323,367,355,355
Mpumalanga,HEALTH,District Health Services,COMMUNITY HEALTH CLINICS,Interest (Incl. interest on unitary payments (PPP)),2,5,7,0,0
Mpumalanga,HEALTH,District Health Services,COMMUNITY HEALTH CLINICS,Other transfers to households,549,490,0,0,0
Mpumalanga,HEALTH,District Health Services,COMMUNITY HEALTH CLINICS,Social benefits,5980,6398,4987,4603,4603
Mpumalanga,HEALTH,District Health Services,COMMUNITY HEALTH CENTRES,Other machinery and equipment,58,0,650,1000,1647
Mpumalanga,HEALTH,District Health Services,COMMUNITY HEALTH CENTRES,Salaries and wages,763249,796377,867908,1025810,1040297
Mpumalanga,HEALTH,District Health Services,COMMUNITY HEALTH CENTRES,Social contributions,141036,152023,173379,193344,196524
Mpumalanga,HEALTH,District Health Services,COMMUNITY HEALTH CENTRES,Administrative fees,22485,19309,23821,19912,19912
Mpumalanga,HEALTH,District Health Services,COMMUNITY HEALTH CENTRES,Agency and support/outsourced services,2620,2954,2297,4452,4452
Mpumalanga,HEALTH,District Health Services,COMMUNITY HEALTH CENTRES,Communication (G&S),3699,4199,4519,4306,4306
Mpumalanga,HEALTH,District Health Services,COMMUNITY HEALTH CENTRES,Computer services,0,3144,996,10821,0
Mpumalanga,HEALTH,District Health Services,COMMUNITY HEALTH CENTRES,Consumable supplies,9512,12758,13766,12916,12616
Mpumalanga,HEALTH,District Health Services,COMMUNITY HEALTH CENTRES,"Consumables: Stationery, printing and office supplies",11683,4427,8734,3291,3456
Mpumalanga,HEALTH,District Health Services,COMMUNITY HEALTH CENTRES,Inventory: Medical supplies,5301,6737,12786,4601,4601
Mpumalanga,HEALTH,District Health Services,COMMUNITY HEALTH CENTRES,Inventory: Medicine,126594,151975,197054,151147,184946
Mpumalanga,HEALTH,District Health Services,COMMUNITY HEALTH CENTRES,Laboratory services,18665,20256,18362,22335,22335
Mpumalanga,HEALTH,District Health Services,COMMUNITY HEALTH CENTRES,Minor assets,0,0,234,0,0
Mpumalanga,HEALTH,District Health Services,COMMUNITY HEALTH CENTRES,Operating leases,973,1246,1785,1440,1440
Mpumalanga,HEALTH,District Health Services,COMMUNITY HEALTH CENTRES,Operating payments,0,0,55,0,0
Mpumalanga,HEALTH,District Health Services,COMMUNITY HEALTH CENTRES,Property payments,12777,15358,20846,19755,19890
Mpumalanga,HEALTH,District Health Services,COMMUNITY HEALTH CENTRES,Travel and subsistence,674,543,500,616,616
Mpumalanga,HEALTH,District Health Services,COMMUNITY HEALTH CENTRES,Interest (Incl. interest on unitary payments (PPP)),1,10,4,0,0
Mpumalanga,HEALTH,District Health Services,COMMUNITY HEALTH CENTRES,Social benefits,3477,7408,3123,2775,2775
Mpumalanga,HEALTH,District Health Services,COMMUNITY HEALTH CENTRES,Subsidies on products and production (pc),0,0,0,0,0
Mpumalanga,HEALTH,District Health Services,COMMUNITY-BASED SERVICES,Salaries and wages,15102,18942,19251,9372,114950
Mpumalanga,HEALTH,District Health Services,COMMUNITY-BASED SERVICES,Social contributions,361,352,226,300,33267
Mpumalanga,HEALTH,District Health Services,COMMUNITY-BASED SERVICES,Administrative fees,32,0,0,0,0
Mpumalanga,HEALTH,District Health Services,COMMUNITY-BASED SERVICES,Catering: Departmental activities,43,0,0,0,0
Mpumalanga,HEALTH,District Health Services,COMMUNITY-BASED SERVICES,Communication (G&S),49,46,27,64,64
Mpumalanga,HEALTH,District Health Services,COMMUNITY-BASED SERVICES,Consumable supplies,594,0,0,0,0
Mpumalanga,HEALTH,District Health Services,COMMUNITY-BASED SERVICES,"Consumables: Stationery, printing and office supplies",0,8,0,2,2
Mpumalanga,HEALTH,District Health Services,COMMUNITY-BASED SERVICES,Inventory: Medical supplies,0,-12,0,0,0
Mpumalanga,HEALTH,District Health Services,COMMUNITY-BASED SERVICES,Training and development,0,0,0,0,742
Mpumalanga,HEALTH,District Health Services,COMMUNITY-BASED SERVICES,Travel and subsistence,675,272,332,306,306
Mpumalanga,HEALTH,District Health Services,COMMUNITY-BASED SERVICES,Venues and facilities,77,0,0,0,0
Mpumalanga,HEALTH,District Health Services,COMMUNITY-BASED SERVICES,Social benefits,0,477,241,0,0
Mpumalanga,HEALTH,District Health Services,HIV/AIDS,Buildings,0,0,0,0,0
Mpumalanga,HEALTH,District Health Services,HIV/AIDS,Other machinery and equipment,4606,3203,31021,3266,18207
Mpumalanga,HEALTH,District Health Services,HIV/AIDS,Transport equipment,4285,13160,9729,14445,5874
Mpumalanga,HEALTH,District Health Services,HIV/AIDS,Salaries and wages,772593,802457,801298,691315,781785
Mpumalanga,HEALTH,District Health Services,HIV/AIDS,Social contributions,45237,47802,52700,115971,70427
Mpumalanga,HEALTH,District Health Services,HIV/AIDS,Administrative fees,79451,86663,78862,127906,131359
Mpumalanga,HEALTH,District Health Services,HIV/AIDS,Advertising,35393,20780,13471,3167,10267
Mpumalanga,HEALTH,District Health Services,HIV/AIDS,Agency and support/outsourced services,0,0,14210,0,0
Mpumalanga,HEALTH,District Health Services,HIV/AIDS,Catering: Departmental activities,4715,4881,4163,2912,6773
Mpumalanga,HEALTH,District Health Services,HIV/AIDS,Communication (G&S),368,417,1390,472,4257
Mpumalanga,HEALTH,District Health Services,HIV/AIDS,Consumable supplies,17700,34610,90181,8339,91062
Mpumalanga,HEALTH,District Health Services,HIV/AIDS,"Consumables: Stationery, printing and office supplies",35256,46697,65850,9382,50113
Mpumalanga,HEALTH,District Health Services,HIV/AIDS,Contractors,201264,151837,188113,94351,169642
Mpumalanga,HEALTH,District Health Services,HIV/AIDS,Fleet services (including government motor transport),17355,912,15961,3432,3432
Mpumalanga,HEALTH,District Health Services,HIV/AIDS,Inventory: Food and food supplies,4807,517,5709,0,0
Mpumalanga,HEALTH,District Health Services,HIV/AIDS,Inventory: Medical supplies,84181,107258,108837,145842,128362
Mpumalanga,HEALTH,District Health Services,HIV/AIDS,Inventory: Medicine,718765,726039,509067,908453,600937
Mpumalanga,HEALTH,District Health Services,HIV/AIDS,Laboratory services,554026,488464,511920,444187,444187
Mpumalanga,HEALTH,District Health Services,HIV/AIDS,Minor assets,223,352,1621,1259,2421
Mpumalanga,HEALTH,District Health Services,HIV/AIDS,Operating leases,1003,493,181,2259,3811
Mpumalanga,HEALTH,District Health Services,HIV/AIDS,Operating payments,3386,0,0,0,0
Mpumalanga,HEALTH,District Health Services,HIV/AIDS,Property payments,14429,9951,8132,18454,29576
Mpumalanga,HEALTH,District Health Services,HIV/AIDS,Rental and hiring,315,702,769,1054,1447
Mpumalanga,HEALTH,District Health Services,HIV/AIDS,Training and development,1301,1691,927,0,1080
Mpumalanga,HEALTH,District Health Services,HIV/AIDS,Transport provided: Departmental activity,0,0,0,0,0
Mpumalanga,HEALTH,District Health Services,HIV/AIDS,Travel and subsistence,49788,41101,50314,10807,54854
Mpumalanga,HEALTH,District Health Services,HIV/AIDS,Venues and facilities,6779,5894,8628,1112,12686
Mpumalanga,HEALTH,District Health Services,HIV/AIDS,Interest (Incl. interest on unitary payments (PPP)),7,0,0,0,0
Mpumalanga,HEALTH,District Health Services,HIV/AIDS,Departmental agencies (non-business entities),75,0,0,82,82
Mpumalanga,HEALTH,District Health Services,HIV/AIDS,Social benefits,6516,6841,898,463,463
Mpumalanga,HEALTH,District Health Services,HIV/AIDS,Non-profit institutions,0,0,0,9913,113958
Mpumalanga,HEALTH,District Health Services,HIV/AIDS,Subsidies on products and production (pc),0,0,0,0,0
Mpumalanga,HEALTH,District Health Services,NUTRITION ,Salaries and wages,1233,1283,1367,1436,1436
Mpumalanga,HEALTH,District Health Services,NUTRITION ,Social contributions,248,272,286,308,308
Mpumalanga,HEALTH,District Health Services,NUTRITION ,Administrative fees,1,1,0,1,1
Mpumalanga,HEALTH,District Health Services,NUTRITION ,Communication (G&S),18,16,12,21,21
Mpumalanga,HEALTH,District Health Services,NUTRITION ,Inventory: Food and food supplies,7591,7624,1744,7382,7382
Mpumalanga,HEALTH,District Health Services,NUTRITION ,Travel and subsistence,135,138,148,165,165
Mpumalanga,HEALTH,District Health Services,DISTRICT HOSPITALS,Other machinery and equipment,4359,4042,8211,19234,13406
Mpumalanga,HEALTH,District Health Services,DISTRICT HOSPITALS,Salaries and wages,2874569,3018778,3195115,3456044,3476823
Mpumalanga,HEALTH,District Health Services,DISTRICT HOSPITALS,Social contributions,421374,473988,516130,546437,563235
Mpumalanga,HEALTH,District Health Services,DISTRICT HOSPITALS,Administrative fees,29257,27929,37993,31547,31521
Mpumalanga,HEALTH,District Health Services,DISTRICT HOSPITALS,Agency and support/outsourced services,23129,24896,39709,28528,28538
Mpumalanga,HEALTH,District Health Services,DISTRICT HOSPITALS,Catering: Departmental activities,5,65,1,0,0
Mpumalanga,HEALTH,District Health Services,DISTRICT HOSPITALS,Communication (G&S),11325,13144,12970,12006,11996
Mpumalanga,HEALTH,District Health Services,DISTRICT HOSPITALS,Computer services,0,0,65387,0,0
Mpumalanga,HEALTH,District Health Services,DISTRICT HOSPITALS,Consultants: Business and advisory services,7,5,0,0,0
Mpumalanga,HEALTH,District Health Services,DISTRICT HOSPITALS,Consumable supplies,33709,26714,37087,26586,85392
Mpumalanga,HEALTH,District Health Services,DISTRICT HOSPITALS,"Consumables: Stationery, printing and office supplies",34436,12629,6558,6169,6389
Mpumalanga,HEALTH,District Health Services,DISTRICT HOSPITALS,Contractors,67,79,318,958,938
Mpumalanga,HEALTH,District Health Services,DISTRICT HOSPITALS,Fleet services (including government motor transport),30240,27373,23276,25197,25197
Mpumalanga,HEALTH,District Health Services,DISTRICT HOSPITALS,Inventory: Food and food supplies,44167,44380,48678,44526,44583
Mpumalanga,HEALTH,District Health Services,DISTRICT HOSPITALS,Inventory: Medical supplies,170704,187437,247292,219835,219246
Mpumalanga,HEALTH,District Health Services,DISTRICT HOSPITALS,Inventory: Medicine,128188,155066,244398,255213,262904
Mpumalanga,HEALTH,District Health Services,DISTRICT HOSPITALS,Laboratory services,45393,75921,127381,149037,149037
Mpumalanga,HEALTH,District Health Services,DISTRICT HOSPITALS,Legal services (G&S),0,0,6706,0,0
Mpumalanga,HEALTH,District Health Services,DISTRICT HOSPITALS,Minor assets,657,227,845,1820,731
Mpumalanga,HEALTH,District Health Services,DISTRICT HOSPITALS,Operating leases,3215,2874,4418,4275,4275
Mpumalanga,HEALTH,District Health Services,DISTRICT HOSPITALS,Operating payments,601,478,655,557,592
Mpumalanga,HEALTH,District Health Services,DISTRICT HOSPITALS,Property payments,93614,92345,120542,109289,110212
Mpumalanga,HEALTH,District Health Services,DISTRICT HOSPITALS,Rental and hiring,0,0,-8,0,0
Mpumalanga,HEALTH,District Health Services,DISTRICT HOSPITALS,Transport provided: Departmental activity,259,294,241,400,390
Mpumalanga,HEALTH,District Health Services,DISTRICT HOSPITALS,Travel and subsistence,3421,3505,3869,2809,3120
Mpumalanga,HEALTH,District Health Services,DISTRICT HOSPITALS,Interest (Incl. interest on unitary payments (PPP)),24,70,90,0,0
Mpumalanga,HEALTH,District Health Services,DISTRICT HOSPITALS,Departmental agencies (non-business entities),74,48,148,76,76
Mpumalanga,HEALTH,District Health Services,DISTRICT HOSPITALS,Other transfers to households,106309,60352,47542,19294,19294
Mpumalanga,HEALTH,District Health Services,DISTRICT HOSPITALS,Social benefits,10166,12070,12395,4612,4612
Mpumalanga,HEALTH,District Health Services,DISTRICT HOSPITALS,Subsidies on products and production (pc),0,0,0,0,0
Mpumalanga,HEALTH,District Health Services,DISTRICT HOSPITALS,Payments for financial assets,375,0,0,0,0
Mpumalanga,HEALTH,Emergency Medical Services,EMERGENCY TRANSPORT,Other machinery and equipment,428,0,0,1204,85
Mpumalanga,HEALTH,Emergency Medical Services,EMERGENCY TRANSPORT,Transport equipment,0,16082,44670,23827,24381
Mpumalanga,HEALTH,Emergency Medical Services,EMERGENCY TRANSPORT,Salaries and wages,274353,290694,315224,338020,338020
Mpumalanga,HEALTH,Emergency Medical Services,EMERGENCY TRANSPORT,Social contributions,57132,61875,67234,71545,71545
Mpumalanga,HEALTH,Emergency Medical Services,EMERGENCY TRANSPORT,Administrative fees,3,6,15,29,29
Mpumalanga,HEALTH,Emergency Medical Services,EMERGENCY TRANSPORT,Catering: Departmental activities,0,0,0,0,35
Mpumalanga,HEALTH,Emergency Medical Services,EMERGENCY TRANSPORT,Communication (G&S),1882,2154,2287,1931,1931
Mpumalanga,HEALTH,Emergency Medical Services,EMERGENCY TRANSPORT,Computer services,0,0,256,20901,8274
Mpumalanga,HEALTH,Emergency Medical Services,EMERGENCY TRANSPORT,Consumable supplies,2427,407,2000,1942,10558
Mpumalanga,HEALTH,Emergency Medical Services,EMERGENCY TRANSPORT,"Consumables: Stationery, printing and office supplies",530,903,1053,667,4678
Mpumalanga,HEALTH,Emergency Medical Services,EMERGENCY TRANSPORT,Contractors,18082,16996,20979,19956,19956
Mpumalanga,HEALTH,Emergency Medical Services,EMERGENCY TRANSPORT,Fleet services (including government motor transport),64888,68067,64641,66861,66861
Mpumalanga,HEALTH,Emergency Medical Services,EMERGENCY TRANSPORT,Inventory: Medical supplies,2729,754,1043,5522,5522
Mpumalanga,HEALTH,Emergency Medical Services,EMERGENCY TRANSPORT,Minor assets,219,74,0,0,0
Mpumalanga,HEALTH,Emergency Medical Services,EMERGENCY TRANSPORT,Operating leases,1481,965,1147,3520,2900
Mpumalanga,HEALTH,Emergency Medical Services,EMERGENCY TRANSPORT,Property payments,371,345,360,446,446
Mpumalanga,HEALTH,Emergency Medical Services,EMERGENCY TRANSPORT,Travel and subsistence,298,521,765,461,1046
Mpumalanga,HEALTH,Emergency Medical Services,EMERGENCY TRANSPORT,Interest (Incl. interest on unitary payments (PPP)),0,0,0,0,0
Mpumalanga,HEALTH,Emergency Medical Services,EMERGENCY TRANSPORT,Other transfers to households,0,87,0,0,0
Mpumalanga,HEALTH,Emergency Medical Services,EMERGENCY TRANSPORT,Social benefits,583,500,874,469,469
Mpumalanga,HEALTH,Emergency Medical Services,EMERGENCY TRANSPORT,Provincial agencies and funds,660,1064,1029,1208,1208
Mpumalanga,HEALTH,Emergency Medical Services,PLANNED PATIENT TRANSPORT,Fleet services (including government motor transport),13293,12450,25170,17798,17798
Mpumalanga,HEALTH,Provincial Hospital Services,GENERAL (REGIONAL) HOSPITALS,Other machinery and equipment,1561,3736,5013,1826,5045
Mpumalanga,HEALTH,Provincial Hospital Services,GENERAL (REGIONAL) HOSPITALS,Salaries and wages,983801,1063673,1150233,1263959,1128310
Mpumalanga,HEALTH,Provincial Hospital Services,GENERAL (REGIONAL) HOSPITALS,Social contributions,132816,148733,161985,173220,316614
Mpumalanga,HEALTH,Provincial Hospital Services,GENERAL (REGIONAL) HOSPITALS,Administrative fees,8081,10381,13590,8383,8403
Mpumalanga,HEALTH,Provincial Hospital Services,GENERAL (REGIONAL) HOSPITALS,Agency and support/outsourced services,11280,9087,6470,13376,12921
Mpumalanga,HEALTH,Provincial Hospital Services,GENERAL (REGIONAL) HOSPITALS,Catering: Departmental activities,47,59,78,87,95
Mpumalanga,HEALTH,Provincial Hospital Services,GENERAL (REGIONAL) HOSPITALS,Communication (G&S),3035,3195,3329,3381,3368
Mpumalanga,HEALTH,Provincial Hospital Services,GENERAL (REGIONAL) HOSPITALS,Computer services,5824,0,0,0,0
Mpumalanga,HEALTH,Provincial Hospital Services,GENERAL (REGIONAL) HOSPITALS,Consumable supplies,7841,9789,15153,8007,10304
Mpumalanga,HEALTH,Provincial Hospital Services,GENERAL (REGIONAL) HOSPITALS,"Consumables: Stationery, printing and office supplies",1713,1537,3529,1989,2643
Mpumalanga,HEALTH,Provincial Hospital Services,GENERAL (REGIONAL) HOSPITALS,Contractors,89443,13513,0,58443,37569
Mpumalanga,HEALTH,Provincial Hospital Services,GENERAL (REGIONAL) HOSPITALS,Fleet services (including government motor transport),4628,4150,2964,3982,4018
Mpumalanga,HEALTH,Provincial Hospital Services,GENERAL (REGIONAL) HOSPITALS,Inventory: Food and food supplies,15644,16901,19418,20035,19690
Mpumalanga,HEALTH,Provincial Hospital Services,GENERAL (REGIONAL) HOSPITALS,Inventory: Medical supplies,88260,94730,133863,95176,115979
Mpumalanga,HEALTH,Provincial Hospital Services,GENERAL (REGIONAL) HOSPITALS,Inventory: Medicine,40890,54865,68278,45507,77213
Mpumalanga,HEALTH,Provincial Hospital Services,GENERAL (REGIONAL) HOSPITALS,Laboratory services,23227,22101,32678,35933,57898
Mpumalanga,HEALTH,Provincial Hospital Services,GENERAL (REGIONAL) HOSPITALS,Minor assets,54,157,422,1500,1890
Mpumalanga,HEALTH,Provincial Hospital Services,GENERAL (REGIONAL) HOSPITALS,Operating leases,909,661,913,1134,1134
Mpumalanga,HEALTH,Provincial Hospital Services,GENERAL (REGIONAL) HOSPITALS,Operating payments,178,30,357,208,233
Mpumalanga,HEALTH,Provincial Hospital Services,GENERAL (REGIONAL) HOSPITALS,Property payments,29786,36920,36891,41139,41139
Mpumalanga,HEALTH,Provincial Hospital Services,GENERAL (REGIONAL) HOSPITALS,Transport provided: Departmental activity,99,111,106,208,243
Mpumalanga,HEALTH,Provincial Hospital Services,GENERAL (REGIONAL) HOSPITALS,Travel and subsistence,1874,2456,2366,1743,2450
Mpumalanga,HEALTH,Provincial Hospital Services,GENERAL (REGIONAL) HOSPITALS,Venues and facilities,295,0,0,0,0
Mpumalanga,HEALTH,Provincial Hospital Services,GENERAL (REGIONAL) HOSPITALS,Interest (Incl. interest on unitary payments (PPP)),3,7,11,0,0
Mpumalanga,HEALTH,Provincial Hospital Services,GENERAL (REGIONAL) HOSPITALS,Departmental agencies (non-business entities),23,24,23,38,38
Mpumalanga,HEALTH,Provincial Hospital Services,GENERAL (REGIONAL) HOSPITALS,Other transfers to households,37820,20813,8723,24947,24947
Mpumalanga,HEALTH,Provincial Hospital Services,GENERAL (REGIONAL) HOSPITALS,Social benefits,6204,5565,6483,3124,3124
Mpumalanga,HEALTH,Provincial Hospital Services,GENERAL (REGIONAL) HOSPITALS,Subsidies on products and production (pc),0,1,0,0,0
Mpumalanga,HEALTH,Provincial Hospital Services,GENERAL (REGIONAL) HOSPITALS,Payments for financial assets,459,0,0,0,0
Mpumalanga,HEALTH,Provincial Hospital Services,TUBERCULOSIS HOSPITALS,Salaries and wages,97478,84697,87164,96439,96439
Mpumalanga,HEALTH,Provincial Hospital Services,TUBERCULOSIS HOSPITALS,Social contributions,20544,18929,20513,21780,21780
Mpumalanga,HEALTH,Provincial Hospital Services,TUBERCULOSIS HOSPITALS,Administrative fees,704,1003,787,2040,2000
Mpumalanga,HEALTH,Provincial Hospital Services,TUBERCULOSIS HOSPITALS,Agency and support/outsourced services,170,392,267,482,482
Mpumalanga,HEALTH,Provincial Hospital Services,TUBERCULOSIS HOSPITALS,Catering: Departmental activities,6,0,0,7,7
Mpumalanga,HEALTH,Provincial Hospital Services,TUBERCULOSIS HOSPITALS,Communication (G&S),1139,981,1061,903,903
Mpumalanga,HEALTH,Provincial Hospital Services,TUBERCULOSIS HOSPITALS,Consumable supplies,1256,992,1507,1195,1225
Mpumalanga,HEALTH,Provincial Hospital Services,TUBERCULOSIS HOSPITALS,"Consumables: Stationery, printing and office supplies",210,162,156,170,190
Mpumalanga,HEALTH,Provincial Hospital Services,TUBERCULOSIS HOSPITALS,Contractors,0,49,4,50,0
Mpumalanga,HEALTH,Provincial Hospital Services,TUBERCULOSIS HOSPITALS,Fleet services (including government motor transport),2420,1839,1099,1818,1818
Mpumalanga,HEALTH,Provincial Hospital Services,TUBERCULOSIS HOSPITALS,Inventory: Food and food supplies,1615,1845,1805,1429,1479
Mpumalanga,HEALTH,Provincial Hospital Services,TUBERCULOSIS HOSPITALS,Inventory: Medical supplies,2635,2793,1933,1446,1396
Mpumalanga,HEALTH,Provincial Hospital Services,TUBERCULOSIS HOSPITALS,Inventory: Medicine,2673,6844,5814,1698,4992
Mpumalanga,HEALTH,Provincial Hospital Services,TUBERCULOSIS HOSPITALS,Laboratory services,607,576,899,923,923
Mpumalanga,HEALTH,Provincial Hospital Services,TUBERCULOSIS HOSPITALS,Minor assets,0,32,31,43,43
Mpumalanga,HEALTH,Provincial Hospital Services,TUBERCULOSIS HOSPITALS,Operating leases,202,185,195,279,279
Mpumalanga,HEALTH,Provincial Hospital Services,TUBERCULOSIS HOSPITALS,Operating payments,7,13,11,57,57
Mpumalanga,HEALTH,Provincial Hospital Services,TUBERCULOSIS HOSPITALS,Property payments,3836,4125,5399,4740,4806
Mpumalanga,HEALTH,Provincial Hospital Services,TUBERCULOSIS HOSPITALS,Transport provided: Departmental activity,6,0,0,8,28
Mpumalanga,HEALTH,Provincial Hospital Services,TUBERCULOSIS HOSPITALS,Travel and subsistence,456,264,215,416,299
Mpumalanga,HEALTH,Provincial Hospital Services,TUBERCULOSIS HOSPITALS,Interest (Incl. interest on unitary payments (PPP)),3,0,0,0,0
Mpumalanga,HEALTH,Provincial Hospital Services,TUBERCULOSIS HOSPITALS,Departmental agencies (non-business entities),6,6,72,13,13
Mpumalanga,HEALTH,Provincial Hospital Services,TUBERCULOSIS HOSPITALS,Other transfers to households,0,0,260,0,0
Mpumalanga,HEALTH,Provincial Hospital Services,TUBERCULOSIS HOSPITALS,Social benefits,441,1568,195,575,575
Mpumalanga,HEALTH,Provincial Hospital Services,PSYCHIATRIC/ MENTAL HOSPITALS,Contractors,47449,59662,58950,56386,56386
Mpumalanga,HEALTH,Central Hospital Services,PROVINCIAL TERTIARY HOSPITAL SERVICES,Buildings,0,0,0,20000,41278
Mpumalanga,HEALTH,Central Hospital Services,PROVINCIAL TERTIARY HOSPITAL SERVICES,Other machinery and equipment,18448,41179,68262,68542,41773
Mpumalanga,HEALTH,Central Hospital Services,PROVINCIAL TERTIARY HOSPITAL SERVICES,Transport equipment,359,0,0,0,0
Mpumalanga,HEALTH,Central Hospital Services,PROVINCIAL TERTIARY HOSPITAL SERVICES,Salaries and wages,929878,1036711,1127575,1255081,1261137
Mpumalanga,HEALTH,Central Hospital Services,PROVINCIAL TERTIARY HOSPITAL SERVICES,Social contributions,131627,150093,165405,180019,179263
Mpumalanga,HEALTH,Central Hospital Services,PROVINCIAL TERTIARY HOSPITAL SERVICES,Administrative fees,7425,13018,17998,17602,17606
Mpumalanga,HEALTH,Central Hospital Services,PROVINCIAL TERTIARY HOSPITAL SERVICES,Agency and support/outsourced services,13623,10050,10533,20907,20907
Mpumalanga,HEALTH,Central Hospital Services,PROVINCIAL TERTIARY HOSPITAL SERVICES,Catering: Departmental activities,10,22,30,0,10
Mpumalanga,HEALTH,Central Hospital Services,PROVINCIAL TERTIARY HOSPITAL SERVICES,Communication (G&S),2394,3252,3299,3235,3235
Mpumalanga,HEALTH,Central Hospital Services,PROVINCIAL TERTIARY HOSPITAL SERVICES,Computer services,247817,174046,114542,108392,108392
Mpumalanga,HEALTH,Central Hospital Services,PROVINCIAL TERTIARY HOSPITAL SERVICES,Consumable supplies,6739,9914,10762,8122,8067
Mpumalanga,HEALTH,Central Hospital Services,PROVINCIAL TERTIARY HOSPITAL SERVICES,"Consumables: Stationery, printing and office supplies",1443,2820,1916,2943,2743
Mpumalanga,HEALTH,Central Hospital Services,PROVINCIAL TERTIARY HOSPITAL SERVICES,Contractors,64841,81011,88104,65985,77061
Mpumalanga,HEALTH,Central Hospital Services,PROVINCIAL TERTIARY HOSPITAL SERVICES,Fleet services (including government motor transport),1939,1513,1176,2383,2383
Mpumalanga,HEALTH,Central Hospital Services,PROVINCIAL TERTIARY HOSPITAL SERVICES,Inventory: Food and food supplies,14679,18556,25323,25851,25851
Mpumalanga,HEALTH,Central Hospital Services,PROVINCIAL TERTIARY HOSPITAL SERVICES,Inventory: Medical supplies,130591,140735,210658,188837,206212
Mpumalanga,HEALTH,Central Hospital Services,PROVINCIAL TERTIARY HOSPITAL SERVICES,Inventory: Medicine,57222,69454,103191,114054,129128
Mpumalanga,HEALTH,Central Hospital Services,PROVINCIAL TERTIARY HOSPITAL SERVICES,Laboratory services,27928,27432,41968,51976,52205
Mpumalanga,HEALTH,Central Hospital Services,PROVINCIAL TERTIARY HOSPITAL SERVICES,Legal services (G&S),0,0,0,0,0
Mpumalanga,HEALTH,Central Hospital Services,PROVINCIAL TERTIARY HOSPITAL SERVICES,Minor assets,408,232,720,1397,1076
Mpumalanga,HEALTH,Central Hospital Services,PROVINCIAL TERTIARY HOSPITAL SERVICES,Operating leases,1195,856,1174,1267,1267
Mpumalanga,HEALTH,Central Hospital Services,PROVINCIAL TERTIARY HOSPITAL SERVICES,Operating payments,10,74,52,60,60
Mpumalanga,HEALTH,Central Hospital Services,PROVINCIAL TERTIARY HOSPITAL SERVICES,Property payments,51014,56049,69519,63611,78654
Mpumalanga,HEALTH,Central Hospital Services,PROVINCIAL TERTIARY HOSPITAL SERVICES,Training and development,0,0,28,0,0
Mpumalanga,HEALTH,Central Hospital Services,PROVINCIAL TERTIARY HOSPITAL SERVICES,Transport provided: Departmental activity,81,94,37,40,40
Mpumalanga,HEALTH,Central Hospital Services,PROVINCIAL TERTIARY HOSPITAL SERVICES,Travel and subsistence,507,585,632,380,450
Mpumalanga,HEALTH,Central Hospital Services,PROVINCIAL TERTIARY HOSPITAL SERVICES,Interest (Incl. interest on unitary payments (PPP)),0,0,128,0,0
Mpumalanga,HEALTH,Central Hospital Services,PROVINCIAL TERTIARY HOSPITAL SERVICES,Departmental agencies (non-business entities),12,32,0,27,27
Mpumalanga,HEALTH,Central Hospital Services,PROVINCIAL TERTIARY HOSPITAL SERVICES,Other transfers to households,14855,1088,17480,1334,1334
Mpumalanga,HEALTH,Central Hospital Services,PROVINCIAL TERTIARY HOSPITAL SERVICES,Social benefits,2125,2755,4025,2227,2459
Mpumalanga,HEALTH,Health Sciences and Training,NURSE TRAINING COLLEGES,Other machinery and equipment,0,0,1559,1179,285
Mpumalanga,HEALTH,Health Sciences and Training,NURSE TRAINING COLLEGES,Transport equipment,3077,0,0,0,0
Mpumalanga,HEALTH,Health Sciences and Training,NURSE TRAINING COLLEGES,Salaries and wages,70847,67792,64658,74499,74499
Mpumalanga,HEALTH,Health Sciences and Training,NURSE TRAINING COLLEGES,Social contributions,9334,10020,10159,11215,11215
Mpumalanga,HEALTH,Health Sciences and Training,NURSE TRAINING COLLEGES,Administrative fees,2194,2329,2078,2619,2619
Mpumalanga,HEALTH,Health Sciences and Training,NURSE TRAINING COLLEGES,Advertising,6,0,0,6,0
Mpumalanga,HEALTH,Health Sciences and Training,NURSE TRAINING COLLEGES,Catering: Departmental activities,2047,2655,1967,1325,4429
Mpumalanga,HEALTH,Health Sciences and Training,NURSE TRAINING COLLEGES,Communication (G&S),134,162,278,395,895
Mpumalanga,HEALTH,Health Sciences and Training,NURSE TRAINING COLLEGES,Computer services,0,0,502,19053,9000
Mpumalanga,HEALTH,Health Sciences and Training,NURSE TRAINING COLLEGES,Consultants: Business and advisory services,4,0,0,70,70
Mpumalanga,HEALTH,Health Sciences and Training,NURSE TRAINING COLLEGES,Consumable supplies,2014,2176,2316,2474,3414
Mpumalanga,HEALTH,Health Sciences and Training,NURSE TRAINING COLLEGES,"Consumables: Stationery, printing and office supplies",6666,1561,3246,2405,2765
Mpumalanga,HEALTH,Health Sciences and Training,NURSE TRAINING COLLEGES,Contractors,0,0,85,0,0
Mpumalanga,HEALTH,Health Sciences and Training,NURSE TRAINING COLLEGES,Fleet services (including government motor transport),2015,1536,1066,2070,2070
Mpumalanga,HEALTH,Health Sciences and Training,NURSE TRAINING COLLEGES,Inventory: Food and food supplies,9035,7891,12732,10522,10522
Mpumalanga,HEALTH,Health Sciences and Training,NURSE TRAINING COLLEGES,Inventory: Medical supplies,0,0,0,34,34
Mpumalanga,HEALTH,Health Sciences and Training,NURSE TRAINING COLLEGES,Minor assets,117,0,47,0,0
Mpumalanga,HEALTH,Health Sciences and Training,NURSE TRAINING COLLEGES,Operating leases,139,112,426,227,227
Mpumalanga,HEALTH,Health Sciences and Training,NURSE TRAINING COLLEGES,Operating payments,255,1095,1239,392,1892
Mpumalanga,HEALTH,Health Sciences and Training,NURSE TRAINING COLLEGES,Property payments,716,0,1776,690,4905
Mpumalanga,HEALTH,Health Sciences and Training,NURSE TRAINING COLLEGES,Rental and hiring,39,226,2,4,0
Mpumalanga,HEALTH,Health Sciences and Training,NURSE TRAINING COLLEGES,Training and development,0,0,0,0,0
Mpumalanga,HEALTH,Health Sciences and Training,NURSE TRAINING COLLEGES,Travel and subsistence,34750,46304,37452,43272,26565
Mpumalanga,HEALTH,Health Sciences and Training,NURSE TRAINING COLLEGES,Venues and facilities,0,129,25,18,106
Mpumalanga,HEALTH,Health Sciences and Training,NURSE TRAINING COLLEGES,Social benefits,266,546,2002,199,199
Mpumalanga,HEALTH,Health Sciences and Training,EMS TRAINING COLLEGES,Salaries and wages,2462,995,2813,1117,1117
Mpumalanga,HEALTH,Health Sciences and Training,EMS TRAINING COLLEGES,Social contributions,301,108,351,123,123
Mpumalanga,HEALTH,Health Sciences and Training,EMS TRAINING COLLEGES,Administrative fees,3,2,1,2,2
Mpumalanga,HEALTH,Health Sciences and Training,EMS TRAINING COLLEGES,Communication (G&S),16,15,14,16,16
Mpumalanga,HEALTH,Health Sciences and Training,EMS TRAINING COLLEGES,Consumable supplies,0,0,36,0,0
Mpumalanga,HEALTH,Health Sciences and Training,EMS TRAINING COLLEGES,"Consumables: Stationery, printing and office supplies",2,0,16,9,9
Mpumalanga,HEALTH,Health Sciences and Training,EMS TRAINING COLLEGES,Training and development,0,0,6,0,0
Mpumalanga,HEALTH,Health Sciences and Training,EMS TRAINING COLLEGES,Travel and subsistence,66,37,24,64,64
Mpumalanga,HEALTH,Health Sciences and Training,BURSARIES,Salaries and wages,1224,1324,1420,1451,1451
Mpumalanga,HEALTH,Health Sciences and Training,BURSARIES,Social contributions,134,146,156,165,165
Mpumalanga,HEALTH,Health Sciences and Training,BURSARIES,Administrative fees,26,45,63,344,344
Mpumalanga,HEALTH,Health Sciences and Training,BURSARIES,Bursaries: Employees,0,-852,0,0,0
Mpumalanga,HEALTH,Health Sciences and Training,BURSARIES,Catering: Departmental activities,2,20,20,0,0
Mpumalanga,HEALTH,Health Sciences and Training,BURSARIES,Communication (G&S),18,15,14,19,69
Mpumalanga,HEALTH,Health Sciences and Training,BURSARIES,Training and development,0,0,703,0,0
Mpumalanga,HEALTH,Health Sciences and Training,BURSARIES,Travel and subsistence,539,2425,1995,4010,3160
Mpumalanga,HEALTH,Health Sciences and Training,BURSARIES,Venues and facilities,0,0,177,0,0
Mpumalanga,HEALTH,Health Sciences and Training,BURSARIES,Other transfers to households,26781,4926,9503,20480,14480
Mpumalanga,HEALTH,Health Sciences and Training,PRIMARY HEALTH CARE TRAINING ,Salaries and wages,2726,2172,2361,3193,3126
Mpumalanga,HEALTH,Health Sciences and Training,PRIMARY HEALTH CARE TRAINING ,Social contributions,433,339,361,353,420
Mpumalanga,HEALTH,Health Sciences and Training,PRIMARY HEALTH CARE TRAINING ,Administrative fees,36,47,37,45,45
Mpumalanga,HEALTH,Health Sciences and Training,PRIMARY HEALTH CARE TRAINING ,Catering: Departmental activities,0,0,0,0,40
Mpumalanga,HEALTH,Health Sciences and Training,PRIMARY HEALTH CARE TRAINING ,Consumable supplies,12,9,10,14,14
Mpumalanga,HEALTH,Health Sciences and Training,PRIMARY HEALTH CARE TRAINING ,Training and development,0,0,0,0,52
Mpumalanga,HEALTH,Health Sciences and Training,PRIMARY HEALTH CARE TRAINING ,Travel and subsistence,240,307,370,275,204
Mpumalanga,HEALTH,Health Sciences and Training,PRIMARY HEALTH CARE TRAINING ,Venues and facilities,106,185,77,223,202
Mpumalanga,HEALTH,Health Sciences and Training,PRIMARY HEALTH CARE TRAINING ,Social benefits,0,88,0,0,0
Mpumalanga,HEALTH,Health Sciences and Training,TRAINING OTHER,Other machinery and equipment,133,2105,496,1996,1732
Mpumalanga,HEALTH,Health Sciences and Training,TRAINING OTHER,Salaries and wages,282076,295301,295830,308258,315070
Mpumalanga,HEALTH,Health Sciences and Training,TRAINING OTHER,Social contributions,9824,10868,11577,23106,16556
Mpumalanga,HEALTH,Health Sciences and Training,TRAINING OTHER,Administrative fees,500,641,456,977,530
Mpumalanga,HEALTH,Health Sciences and Training,TRAINING OTHER,Agency and support/outsourced services,4587,4047,5080,4500,4500
Mpumalanga,HEALTH,Health Sciences and Training,TRAINING OTHER,Bursaries: Employees,515,852,0,0,0
Mpumalanga,HEALTH,Health Sciences and Training,TRAINING OTHER,Catering: Departmental activities,95,144,429,0,442
Mpumalanga,HEALTH,Health Sciences and Training,TRAINING OTHER,Communication (G&S),86,108,92,191,124
Mpumalanga,HEALTH,Health Sciences and Training,TRAINING OTHER,Consumable supplies,29,31,33,75,67
Mpumalanga,HEALTH,Health Sciences and Training,TRAINING OTHER,"Consumables: Stationery, printing and office supplies",144,3,55,92,92
Mpumalanga,HEALTH,Health Sciences and Training,TRAINING OTHER,Inventory: Medical supplies,0,287,0,0,0
Mpumalanga,HEALTH,Health Sciences and Training,TRAINING OTHER,Minor assets,0,995,0,510,0
Mpumalanga,HEALTH,Health Sciences and Training,TRAINING OTHER,Operating payments,0,39,216,221,100
Mpumalanga,HEALTH,Health Sciences and Training,TRAINING OTHER,Training and development,6096,7008,5343,7605,7175
Mpumalanga,HEALTH,Health Sciences and Training,TRAINING OTHER,Travel and subsistence,5010,5655,4061,4165,4408
Mpumalanga,HEALTH,Health Sciences and Training,TRAINING OTHER,Venues and facilities,1473,948,840,628,899
Mpumalanga,HEALTH,Health Sciences and Training,TRAINING OTHER,Departmental agencies (non-business entities),29526,29145,30484,29985,29985
Mpumalanga,HEALTH,Health Sciences and Training,TRAINING OTHER,Social benefits,328,211,773,360,855
Mpumalanga,HEALTH,Health Care Support Services,LAUNDRIES,Other machinery and equipment,6722,5709,4413,2505,4657
Mpumalanga,HEALTH,Health Care Support Services,LAUNDRIES,Salaries and wages,16336,15528,16601,17314,17314
Mpumalanga,HEALTH,Health Care Support Services,LAUNDRIES,Social contributions,3953,4320,4754,5074,5074
Mpumalanga,HEALTH,Health Care Support Services,LAUNDRIES,Administrative fees,7,1,0,3,3
Mpumalanga,HEALTH,Health Care Support Services,LAUNDRIES,Catering: Departmental activities,0,14,0,0,0
Mpumalanga,HEALTH,Health Care Support Services,LAUNDRIES,Communication (G&S),15,15,13,18,18
Mpumalanga,HEALTH,Health Care Support Services,LAUNDRIES,Consumable supplies,15118,13440,36286,13589,75980
Mpumalanga,HEALTH,Health Care Support Services,LAUNDRIES,"Consumables: Stationery, printing and office supplies",3,0,0,0,0
Mpumalanga,HEALTH,Health Care Support Services,LAUNDRIES,Contractors,736,655,772,780,717
Mpumalanga,HEALTH,Health Care Support Services,LAUNDRIES,Fleet services (including government motor transport),1087,1250,690,1148,1148
Mpumalanga,HEALTH,Health Care Support Services,LAUNDRIES,Inventory: Medical supplies,529,264,440,461,461
Mpumalanga,HEALTH,Health Care Support Services,LAUNDRIES,Operating leases,2,0,0,0,0
Mpumalanga,HEALTH,Health Care Support Services,LAUNDRIES,Property payments,271,412,19,180,180
Mpumalanga,HEALTH,Health Care Support Services,LAUNDRIES,Travel and subsistence,144,136,141,150,150
Mpumalanga,HEALTH,Health Care Support Services,LAUNDRIES,Social benefits,0,37,11,5,5
Mpumalanga,HEALTH,Health Care Support Services,ENGINEERING ,Other machinery and equipment,18524,58021,61175,82698,66919
Mpumalanga,HEALTH,Health Care Support Services,ENGINEERING ,Salaries and wages,11003,10827,11386,12220,14472
Mpumalanga,HEALTH,Health Care Support Services,ENGINEERING ,Social contributions,1632,1721,1934,2019,2582
Mpumalanga,HEALTH,Health Care Support Services,ENGINEERING ,Administrative fees,0,0,0,7,7
Mpumalanga,HEALTH,Health Care Support Services,ENGINEERING ,Communication (G&S),43,56,62,53,53
Mpumalanga,HEALTH,Health Care Support Services,ENGINEERING ,Consumable supplies,2909,6035,2833,3075,3075
Mpumalanga,HEALTH,Health Care Support Services,ENGINEERING ,"Consumables: Stationery, printing and office supplies",6,0,7,6,6
Mpumalanga,HEALTH,Health Care Support Services,ENGINEERING ,Contractors,3515,0,2831,3059,13637
Mpumalanga,HEALTH,Health Care Support Services,ENGINEERING ,Inventory: Medical supplies,0,2949,4645,0,0
Mpumalanga,HEALTH,Health Care Support Services,ENGINEERING ,Minor assets,0,0,3050,0,0
Mpumalanga,HEALTH,Health Care Support Services,ENGINEERING ,Operating leases,99,60,108,137,137
Mpumalanga,HEALTH,Health Care Support Services,ENGINEERING ,Property payments,0,0,0,0,2966
Mpumalanga,HEALTH,Health Care Support Services,ENGINEERING ,Travel and subsistence,451,645,750,695,745
Mpumalanga,HEALTH,Health Care Support Services,ENGINEERING ,Social benefits,0,46,0,0,0
Mpumalanga,HEALTH,Health Care Support Services,FORENSIC SERVICES,Other machinery and equipment,817,904,980,0,0
Mpumalanga,HEALTH,Health Care Support Services,FORENSIC SERVICES,Transport equipment,0,14950,0,4000,4033
Mpumalanga,HEALTH,Health Care Support Services,FORENSIC SERVICES,Salaries and wages,80155,77457,82674,89230,94890
Mpumalanga,HEALTH,Health Care Support Services,FORENSIC SERVICES,Social contributions,10624,11173,12039,13770,15185
Mpumalanga,HEALTH,Health Care Support Services,FORENSIC SERVICES,Administrative fees,56,240,13,173,517
Mpumalanga,HEALTH,Health Care Support Services,FORENSIC SERVICES,Agency and support/outsourced services,805,2182,1333,1747,897
Mpumalanga,HEALTH,Health Care Support Services,FORENSIC SERVICES,Catering: Departmental activities,0,16,7,0,65
Mpumalanga,HEALTH,Health Care Support Services,FORENSIC SERVICES,Communication (G&S),1013,1160,1265,1112,1130
Mpumalanga,HEALTH,Health Care Support Services,FORENSIC SERVICES,Consumable supplies,1797,3317,2634,1240,8066
Mpumalanga,HEALTH,Health Care Support Services,FORENSIC SERVICES,"Consumables: Stationery, printing and office supplies",498,276,170,345,280
Mpumalanga,HEALTH,Health Care Support Services,FORENSIC SERVICES,Contractors,0,43,307,0,0
Mpumalanga,HEALTH,Health Care Support Services,FORENSIC SERVICES,Fleet services (including government motor transport),6950,6210,4893,7676,7676
Mpumalanga,HEALTH,Health Care Support Services,FORENSIC SERVICES,Inventory: Medical supplies,1788,2746,1201,1676,2612
Mpumalanga,HEALTH,Health Care Support Services,FORENSIC SERVICES,Minor assets,0,99,0,0,0
Mpumalanga,HEALTH,Health Care Support Services,FORENSIC SERVICES,Operating leases,411,318,443,750,707
Mpumalanga,HEALTH,Health Care Support Services,FORENSIC SERVICES,Operating payments,12,0,75,0,0
Mpumalanga,HEALTH,Health Care Support Services,FORENSIC SERVICES,Transport provided: Departmental activity,231,150,2,317,0
Mpumalanga,HEALTH,Health Care Support Services,FORENSIC SERVICES,Travel and subsistence,2203,1993,1996,2133,4366
Mpumalanga,HEALTH,Health Care Support Services,FORENSIC SERVICES,Venues and facilities,249,0,0,0,775
Mpumalanga,HEALTH,Health Care Support Services,FORENSIC SERVICES,Social benefits,117,147,763,131,131
Mpumalanga,HEALTH,Health Care Support Services,ORTHOTIC AND PROSTHETIC SERVICES,Other machinery and equipment,1153,30,1251,1832,1592
Mpumalanga,HEALTH,Health Care Support Services,ORTHOTIC AND PROSTHETIC SERVICES,Transport equipment,0,729,0,0,0
Mpumalanga,HEALTH,Health Care Support Services,ORTHOTIC AND PROSTHETIC SERVICES,Salaries and wages,1169,1219,1298,1367,1367
Mpumalanga,HEALTH,Health Care Support Services,ORTHOTIC AND PROSTHETIC SERVICES,Social contributions,188,178,190,203,203
Mpumalanga,HEALTH,Health Care Support Services,ORTHOTIC AND PROSTHETIC SERVICES,Administrative fees,0,1,0,0,0
Mpumalanga,HEALTH,Health Care Support Services,ORTHOTIC AND PROSTHETIC SERVICES,Communication (G&S),7,6,7,8,8
Mpumalanga,HEALTH,Health Care Support Services,ORTHOTIC AND PROSTHETIC SERVICES,Consumable supplies,139,50,125,0,0
Mpumalanga,HEALTH,Health Care Support Services,ORTHOTIC AND PROSTHETIC SERVICES,"Consumables: Stationery, printing and office supplies",0,0,5,0,0
Mpumalanga,HEALTH,Health Care Support Services,ORTHOTIC AND PROSTHETIC SERVICES,Inventory: Medical supplies,5255,6828,6080,5733,5733
Mpumalanga,HEALTH,Health Care Support Services,ORTHOTIC AND PROSTHETIC SERVICES,Minor assets,42,0,0,0,0
Mpumalanga,HEALTH,Health Care Support Services,ORTHOTIC AND PROSTHETIC SERVICES,Travel and subsistence,36,32,32,55,295
Mpumalanga,HEALTH,Health Care Support Services,MEDICINE TRADING ACCOUNT,Salaries and wages,14621,15622,14736,17263,17263
Mpumalanga,HEALTH,Health Care Support Services,MEDICINE TRADING ACCOUNT,Social contributions,1676,1857,1779,1925,1925
Mpumalanga,HEALTH,Health Care Support Services,MEDICINE TRADING ACCOUNT,Administrative fees,33,18529,91,7479,7479
Mpumalanga,HEALTH,Health Care Support Services,MEDICINE TRADING ACCOUNT,Catering: Departmental activities,0,0,0,38,38
Mpumalanga,HEALTH,Health Care Support Services,MEDICINE TRADING ACCOUNT,Communication (G&S),204,237,317,276,276
Mpumalanga,HEALTH,Health Care Support Services,MEDICINE TRADING ACCOUNT,Consumable supplies,659,242,351,278,278
Mpumalanga,HEALTH,Health Care Support Services,MEDICINE TRADING ACCOUNT,"Consumables: Stationery, printing and office supplies",14,0,0,17,17
Mpumalanga,HEALTH,Health Care Support Services,MEDICINE TRADING ACCOUNT,Contractors,170,71,227,0,0
Mpumalanga,HEALTH,Health Care Support Services,MEDICINE TRADING ACCOUNT,Inventory: Medical supplies,5448,13042,40000,20870,20870
Mpumalanga,HEALTH,Health Care Support Services,MEDICINE TRADING ACCOUNT,Inventory: Medicine,54984,50968,63290,75046,75046
Mpumalanga,HEALTH,Health Care Support Services,MEDICINE TRADING ACCOUNT,Operating leases,2880,2733,2615,2989,2989
Mpumalanga,HEALTH,Health Care Support Services,MEDICINE TRADING ACCOUNT,Operating payments,0,0,287,12,12
Mpumalanga,HEALTH,Health Care Support Services,MEDICINE TRADING ACCOUNT,Property payments,1509,1653,1972,1060,1060
Mpumalanga,HEALTH,Health Care Support Services,MEDICINE TRADING ACCOUNT,Travel and subsistence,945,958,1175,1081,1081
Mpumalanga,HEALTH,Health Care Support Services,MEDICINE TRADING ACCOUNT,Social benefits,0,166,0,0,0
Mpumalanga,HEALTH,Health Facilities Management,COMMUNITY HEALTH FACILITIES,Buildings,840087,1055631,1004317,1080251,995461
Mpumalanga,HEALTH,Health Facilities Management,COMMUNITY HEALTH FACILITIES,Other machinery and equipment,10101,30649,10250,0,61602
Mpumalanga,HEALTH,Health Facilities Management,COMMUNITY HEALTH FACILITIES,Transport equipment,6712,0,0,0,0
Mpumalanga,HEALTH,Health Facilities Management,COMMUNITY HEALTH FACILITIES,Salaries and wages,6233,8376,12365,20449,15910
Mpumalanga,HEALTH,Health Facilities Management,COMMUNITY HEALTH FACILITIES,Social contributions,942,1355,2180,5633,3494
Mpumalanga,HEALTH,Health Facilities Management,COMMUNITY HEALTH FACILITIES,Agency and support/outsourced services,0,6297,19753,0,0
Mpumalanga,HEALTH,Health Facilities Management,COMMUNITY HEALTH FACILITIES,Catering: Departmental activities,0,0,0,0,0
Mpumalanga,HEALTH,Health Facilities Management,COMMUNITY HEALTH FACILITIES,Communication (G&S),93,63,58,198,198
Mpumalanga,HEALTH,Health Facilities Management,COMMUNITY HEALTH FACILITIES,Consumable supplies,167138,143454,138604,137238,133817
Mpumalanga,HEALTH,Health Facilities Management,COMMUNITY HEALTH FACILITIES,Contractors,0,11318,15230,11032,16941
Mpumalanga,HEALTH,Health Facilities Management,COMMUNITY HEALTH FACILITIES,Inventory: Medical supplies,144,94,54,0,0
Mpumalanga,HEALTH,Health Facilities Management,COMMUNITY HEALTH FACILITIES,Inventory: Medicine,0,0,0,0,0
Mpumalanga,HEALTH,Health Facilities Management,COMMUNITY HEALTH FACILITIES,Laboratory services,0,28,0,0,0
Mpumalanga,HEALTH,Health Facilities Management,COMMUNITY HEALTH FACILITIES,Minor assets,82,38,53,0,1939
Mpumalanga,HEALTH,Health Facilities Management,COMMUNITY HEALTH FACILITIES,Operating leases,16868,17932,18359,19998,26998
Mpumalanga,HEALTH,Health Facilities Management,COMMUNITY HEALTH FACILITIES,Property payments,19881,8384,16871,24474,55235
Mpumalanga,HEALTH,Health Facilities Management,COMMUNITY HEALTH FACILITIES,Rental and hiring,0,0,277,0,0
Mpumalanga,HEALTH,Health Facilities Management,COMMUNITY HEALTH FACILITIES,Training and development,0,4,93,989,247
Mpumalanga,HEALTH,Health Facilities Management,COMMUNITY HEALTH FACILITIES,Travel and subsistence,1097,591,673,1152,1152
Mpumalanga,HEALTH,Health Facilities Management,COMMUNITY HEALTH FACILITIES,Interest (Incl. interest on unitary payments (PPP)),0,0,15062,0,0
Mpumalanga,HEALTH,Health Facilities Management,COMMUNITY HEALTH FACILITIES,Social benefits,140,39,0,0,0
Mpumalanga,HEALTH,Health Facilities Management,PROVINCIAL HOSPITAL SERVICES,Buildings,109790,138382,117846,249310,206896
Mpumalanga,HEALTH,Health Facilities Management,PROVINCIAL HOSPITAL SERVICES,Other machinery and equipment,9194,10248,14802,0,5000
Mpumalanga,HEALTH,Health Facilities Management,PROVINCIAL HOSPITAL SERVICES,Transport equipment,0,58,0,0,0
Mpumalanga,HEALTH,Health Facilities Management,PROVINCIAL HOSPITAL SERVICES,Salaries and wages,25892,26375,35433,35100,20895
Mpumalanga,HEALTH,Health Facilities Management,PROVINCIAL HOSPITAL SERVICES,Social contributions,3144,3587,4187,13014,13014
Mpumalanga,HEALTH,Health Facilities Management,PROVINCIAL HOSPITAL SERVICES,Administrative fees,78,60,98,219,169
Mpumalanga,HEALTH,Health Facilities Management,PROVINCIAL HOSPITAL SERVICES,Catering: Departmental activities,51,29,62,60,60
Mpumalanga,HEALTH,Health Facilities Management,PROVINCIAL HOSPITAL SERVICES,Communication (G&S),327,457,415,292,292
Mpumalanga,HEALTH,Health Facilities Management,PROVINCIAL HOSPITAL SERVICES,Consumable supplies,1610,188,28258,7648,987
Mpumalanga,HEALTH,Health Facilities Management,PROVINCIAL HOSPITAL SERVICES,"Consumables: Stationery, printing and office supplies",425,0,29,0,150
Mpumalanga,HEALTH,Health Facilities Management,PROVINCIAL HOSPITAL SERVICES,Contractors,23638,14005,24242,12720,19484
Mpumalanga,HEALTH,Health Facilities Management,PROVINCIAL HOSPITAL SERVICES,Fleet services (including government motor transport),0,0,1,0,0
Mpumalanga,HEALTH,Health Facilities Management,PROVINCIAL HOSPITAL SERVICES,Inventory: Medical supplies,748,3525,1570,0,0
Mpumalanga,HEALTH,Health Facilities Management,PROVINCIAL HOSPITAL SERVICES,Laboratory services,0,0,0,0,0
Mpumalanga,HEALTH,Health Facilities Management,PROVINCIAL HOSPITAL SERVICES,Minor assets,932,126,313,0,0
Mpumalanga,HEALTH,Health Facilities Management,PROVINCIAL HOSPITAL SERVICES,Operating payments,0,43,49,0,0
Mpumalanga,HEALTH,Health Facilities Management,PROVINCIAL HOSPITAL SERVICES,Property payments,282831,268893,221594,152366,202655
Mpumalanga,HEALTH,Health Facilities Management,PROVINCIAL HOSPITAL SERVICES,Rental and hiring,0,0,0,0,0
Mpumalanga,HEALTH,Health Facilities Management,PROVINCIAL HOSPITAL SERVICES,Training and development,18,24,112,145,304
Mpumalanga,HEALTH,Health Facilities Management,PROVINCIAL HOSPITAL SERVICES,Travel and subsistence,3440,3515,5110,3248,3825
Mpumalanga,HEALTH,Health Facilities Management,PROVINCIAL HOSPITAL SERVICES,Venues and facilities,42,0,0,0,300
Mpumalanga,HEALTH,Health Facilities Management,PROVINCIAL HOSPITAL SERVICES,Social benefits,0,574,97,0,91
North West,HEALTH,Administration,OFFICE OF THE MEC,Salaries and wages,7465,10772,9058,9943,7441
North West,HEALTH,Administration,OFFICE OF THE MEC,Social contributions,502,794,579,596,596
North West,HEALTH,Administration,OFFICE OF THE MEC,Administrative fees,1415,1083,833,1142,1142
North West,HEALTH,Administration,OFFICE OF THE MEC,Catering: Departmental activities,130,95,15,69,69
North West,HEALTH,Administration,OFFICE OF THE MEC,Communication (G&S),0,163,1,224,224
North West,HEALTH,Administration,OFFICE OF THE MEC,Consultants: Business and advisory services,0,0,0,0,0
North West,HEALTH,Administration,OFFICE OF THE MEC,Consumable supplies,21,0,40,0,0
North West,HEALTH,Administration,OFFICE OF THE MEC,Contractors,9,0,0,126,126
North West,HEALTH,Administration,OFFICE OF THE MEC,Inventory: Clothing material and accessories,0,0,0,0,2
North West,HEALTH,Administration,OFFICE OF THE MEC,Travel and subsistence,3817,2554,2009,3254,3247
North West,HEALTH,Administration,OFFICE OF THE MEC,Venues and facilities,572,594,577,124,124
North West,HEALTH,Administration,OFFICE OF THE MEC,Social benefits,0,0,15,62,62
North West,HEALTH,Administration,MANAGEMENT,Other machinery and equipment,2076,1300,1075,2537,1743
North West,HEALTH,Administration,MANAGEMENT,Salaries and wages,235990,256910,272023,311708,295013
North West,HEALTH,Administration,MANAGEMENT,Social contributions,34098,37247,40667,18368,37565
North West,HEALTH,Administration,MANAGEMENT,Administrative fees,1066,1301,1865,2288,2386
North West,HEALTH,Administration,MANAGEMENT,Advertising,141,4536,4395,5168,4809
North West,HEALTH,Administration,MANAGEMENT,Agency and support/outsourced services,1713,703,11864,4697,4697
North West,HEALTH,Administration,MANAGEMENT,Audit costs: External,22619,20937,24024,23893,23893
North West,HEALTH,Administration,MANAGEMENT,Catering: Departmental activities,843,1182,1234,1967,1743
North West,HEALTH,Administration,MANAGEMENT,Communication (G&S),28430,22715,18304,19009,18719
North West,HEALTH,Administration,MANAGEMENT,Computer services,0,1,0,0,0
North West,HEALTH,Administration,MANAGEMENT,Consultants: Business and advisory services,3340,3169,3410,3143,3233
North West,HEALTH,Administration,MANAGEMENT,Consumable supplies,717,899,828,1239,1278
North West,HEALTH,Administration,MANAGEMENT,"Consumables: Stationery, printing and office supplies",781,1399,506,2508,2300
North West,HEALTH,Administration,MANAGEMENT,Contractors,675,1710,2200,2505,2248
North West,HEALTH,Administration,MANAGEMENT,Fleet services (including government motor transport),153936,138281,118435,122807,121923
North West,HEALTH,Administration,MANAGEMENT,Inventory: Clothing material and accessories,102,208,73,300,315
North West,HEALTH,Administration,MANAGEMENT,Inventory: Farming supplies,0,345,0,0,0
North West,HEALTH,Administration,MANAGEMENT,"Inventory: Fuel, oil and gas",2246,151,298,600,600
North West,HEALTH,Administration,MANAGEMENT,Inventory: Materials and supplies,71,149,118,301,126
North West,HEALTH,Administration,MANAGEMENT,Inventory: Medical supplies,0,0,0,0,49218
North West,HEALTH,Administration,MANAGEMENT,Inventory: Other supplies,0,0,0,1000,653
North West,HEALTH,Administration,MANAGEMENT,Legal services (G&S),89533,47861,68354,56000,55708
North West,HEALTH,Administration,MANAGEMENT,Minor assets,119,296,190,1200,767
North West,HEALTH,Administration,MANAGEMENT,Operating leases,2985,2533,3098,3132,3127
North West,HEALTH,Administration,MANAGEMENT,Operating payments,1740,1132,1844,3187,3454
North West,HEALTH,Administration,MANAGEMENT,Property payments,528606,472237,525806,604000,554612
North West,HEALTH,Administration,MANAGEMENT,Rental and hiring,59,0,0,56,56
North West,HEALTH,Administration,MANAGEMENT,Training and development,0,0,0,0,84
North West,HEALTH,Administration,MANAGEMENT,Transport provided: Departmental activity,0,10,0,0,0
North West,HEALTH,Administration,MANAGEMENT,Travel and subsistence,16257,17629,16456,16943,19702
North West,HEALTH,Administration,MANAGEMENT,Venues and facilities,1175,2270,1206,2626,2913
North West,HEALTH,Administration,MANAGEMENT,Interest (Incl. interest on unitary payments (PPP)),1227,60,48,85,397
North West,HEALTH,Administration,MANAGEMENT,Other transfers to households,59190,26093,79819,39011,39011
North West,HEALTH,Administration,MANAGEMENT,Social benefits,741,1357,1511,845,845
North West,HEALTH,Administration,MANAGEMENT,Provincial agencies and funds,0,0,0,0,0
North West,HEALTH,District Health Services,DISTRICT MANAGEMENT,Other machinery and equipment,6327,12546,4618,5391,4789
North West,HEALTH,District Health Services,DISTRICT MANAGEMENT,Transport equipment,125,347,0,0,0
North West,HEALTH,District Health Services,DISTRICT MANAGEMENT,Salaries and wages,708851,464281,480897,505095,505095
North West,HEALTH,District Health Services,DISTRICT MANAGEMENT,Social contributions,67156,75461,82968,82602,82602
North West,HEALTH,District Health Services,DISTRICT MANAGEMENT,Administrative fees,153,484,361,272,345
North West,HEALTH,District Health Services,DISTRICT MANAGEMENT,Advertising,0,17,0,0,2484
North West,HEALTH,District Health Services,DISTRICT MANAGEMENT,Agency and support/outsourced services,13318,16325,26917,23000,20037
North West,HEALTH,District Health Services,DISTRICT MANAGEMENT,Audit costs: External,1,0,0,0,0
North West,HEALTH,District Health Services,DISTRICT MANAGEMENT,Catering: Departmental activities,1030,2765,1552,620,1157
North West,HEALTH,District Health Services,DISTRICT MANAGEMENT,Communication (G&S),23561,26991,28274,21628,21110
North West,HEALTH,District Health Services,DISTRICT MANAGEMENT,Computer services,0,50,0,0,35
North West,HEALTH,District Health Services,DISTRICT MANAGEMENT,Consultants: Business and advisory services,1946,3665,4793,4000,4892
North West,HEALTH,District Health Services,DISTRICT MANAGEMENT,Consumable supplies,6918,9618,14252,10788,10609
North West,HEALTH,District Health Services,DISTRICT MANAGEMENT,"Consumables: Stationery, printing and office supplies",5483,10105,7352,8190,7907
North West,HEALTH,District Health Services,DISTRICT MANAGEMENT,Contractors,7227,6783,5378,4880,6076
North West,HEALTH,District Health Services,DISTRICT MANAGEMENT,Fleet services (including government motor transport),31,52,19,0,0
North West,HEALTH,District Health Services,DISTRICT MANAGEMENT,Inventory: Clothing material and accessories,260,2076,2090,3000,1109
North West,HEALTH,District Health Services,DISTRICT MANAGEMENT,Inventory: Farming supplies,28,239,220,405,222
North West,HEALTH,District Health Services,DISTRICT MANAGEMENT,Inventory: Food and food supplies,49,153,106,176,180
North West,HEALTH,District Health Services,DISTRICT MANAGEMENT,"Inventory: Fuel, oil and gas",16153,16073,6769,7700,7124
North West,HEALTH,District Health Services,DISTRICT MANAGEMENT,Inventory: Materials and supplies,2416,4042,1952,2798,3006
North West,HEALTH,District Health Services,DISTRICT MANAGEMENT,Inventory: Medical supplies,18247,21307,27102,13188,14874
North West,HEALTH,District Health Services,DISTRICT MANAGEMENT,Inventory: Medicine,25,646,636,0,0
North West,HEALTH,District Health Services,DISTRICT MANAGEMENT,Inventory: Other supplies,758,170,70,410,196
North West,HEALTH,District Health Services,DISTRICT MANAGEMENT,Laboratory services,28245,44104,19020,30608,24669
North West,HEALTH,District Health Services,DISTRICT MANAGEMENT,Legal services (G&S),0,2695,0,0,0
North West,HEALTH,District Health Services,DISTRICT MANAGEMENT,Minor assets,1422,2167,1672,3638,3026
North West,HEALTH,District Health Services,DISTRICT MANAGEMENT,Operating leases,31320,35980,37444,23812,29027
North West,HEALTH,District Health Services,DISTRICT MANAGEMENT,Operating payments,395,424,540,564,679
North West,HEALTH,District Health Services,DISTRICT MANAGEMENT,Property payments,52938,63534,70229,44300,45680
North West,HEALTH,District Health Services,DISTRICT MANAGEMENT,Rental and hiring,113,385,403,27,0
North West,HEALTH,District Health Services,DISTRICT MANAGEMENT,Transport provided: Departmental activity,98,298,72,160,189
North West,HEALTH,District Health Services,DISTRICT MANAGEMENT,Travel and subsistence,31934,31949,27475,12212,14145
North West,HEALTH,District Health Services,DISTRICT MANAGEMENT,Venues and facilities,229,926,781,445,482
North West,HEALTH,District Health Services,DISTRICT MANAGEMENT,Interest (Incl. interest on unitary payments (PPP)),1596,1186,946,851,1183
North West,HEALTH,District Health Services,DISTRICT MANAGEMENT,Other transfers to households,59,106,0,0,0
North West,HEALTH,District Health Services,DISTRICT MANAGEMENT,Social benefits,1707,2053,3254,1370,1370
North West,HEALTH,District Health Services,COMMUNITY-BASED SERVICES,Salaries and wages,0,0,-37,0,0
North West,HEALTH,District Health Services,COMMUNITY-BASED SERVICES,Social contributions,0,0,36,0,0
North West,HEALTH,District Health Services,COMMUNITY-BASED SERVICES,Administrative fees,66,0,61,0,0
North West,HEALTH,District Health Services,COMMUNITY-BASED SERVICES,Advertising,800,1868,513,0,0
North West,HEALTH,District Health Services,COMMUNITY-BASED SERVICES,Agency and support/outsourced services,0,0,0,209,209
North West,HEALTH,District Health Services,COMMUNITY-BASED SERVICES,Audit costs: External,0,0,0,0,600
North West,HEALTH,District Health Services,COMMUNITY-BASED SERVICES,Catering: Departmental activities,720,555,651,559,559
North West,HEALTH,District Health Services,COMMUNITY-BASED SERVICES,Computer services,0,290,0,0,0
North West,HEALTH,District Health Services,COMMUNITY-BASED SERVICES,Consultants: Business and advisory services,301,0,840,3045,816
North West,HEALTH,District Health Services,COMMUNITY-BASED SERVICES,Consumable supplies,0,0,366,0,0
North West,HEALTH,District Health Services,COMMUNITY-BASED SERVICES,Contractors,12,0,11,0,60
North West,HEALTH,District Health Services,COMMUNITY-BASED SERVICES,"Inventory: Fuel, oil and gas",305,0,0,0,0
North West,HEALTH,District Health Services,COMMUNITY-BASED SERVICES,Inventory: Medical supplies,0,0,139,0,0
North West,HEALTH,District Health Services,COMMUNITY-BASED SERVICES,Legal services (G&S),0,22,0,0,0
North West,HEALTH,District Health Services,COMMUNITY-BASED SERVICES,Operating leases,0,0,0,509,509
North West,HEALTH,District Health Services,COMMUNITY-BASED SERVICES,Operating payments,0,0,0,47,47
North West,HEALTH,District Health Services,COMMUNITY-BASED SERVICES,Property payments,917,0,37,0,0
North West,HEALTH,District Health Services,COMMUNITY-BASED SERVICES,Rental and hiring,38,0,18,0,40
North West,HEALTH,District Health Services,COMMUNITY-BASED SERVICES,Training and development,0,0,0,1276,518
North West,HEALTH,District Health Services,COMMUNITY-BASED SERVICES,Transport provided: Departmental activity,20,0,0,50,50
North West,HEALTH,District Health Services,COMMUNITY-BASED SERVICES,Travel and subsistence,1091,433,506,123,123
North West,HEALTH,District Health Services,COMMUNITY-BASED SERVICES,Venues and facilities,1042,428,331,500,400
North West,HEALTH,District Health Services,COMMUNITY-BASED SERVICES,Interest (Incl. interest on unitary payments (PPP)),0,0,0,65,65
North West,HEALTH,District Health Services,COMMUNITY-BASED SERVICES,Social benefits,2,0,0,0,0
North West,HEALTH,District Health Services,COMMUNITY HEALTH CENTRES,Other machinery and equipment,0,506,0,200,100
North West,HEALTH,District Health Services,COMMUNITY HEALTH CENTRES,Salaries and wages,1108340,1219351,1274058,1381778,1502296
North West,HEALTH,District Health Services,COMMUNITY HEALTH CENTRES,Social contributions,181235,204232,221189,250309,261260
North West,HEALTH,District Health Services,COMMUNITY HEALTH CENTRES,Administrative fees,20,19,47,8,18
North West,HEALTH,District Health Services,COMMUNITY HEALTH CENTRES,Agency and support/outsourced services,1044,5450,8427,2659,28711
North West,HEALTH,District Health Services,COMMUNITY HEALTH CENTRES,Catering: Departmental activities,129,158,59,17,79
North West,HEALTH,District Health Services,COMMUNITY HEALTH CENTRES,Communication (G&S),303,445,1719,543,2417
North West,HEALTH,District Health Services,COMMUNITY HEALTH CENTRES,Consultants: Business and advisory services,24,107,599,58,1900
North West,HEALTH,District Health Services,COMMUNITY HEALTH CENTRES,Consumable supplies,6910,6309,6985,3913,3316
North West,HEALTH,District Health Services,COMMUNITY HEALTH CENTRES,"Consumables: Stationery, printing and office supplies",268,579,820,550,593
North West,HEALTH,District Health Services,COMMUNITY HEALTH CENTRES,Contractors,728,1040,290,160,90
North West,HEALTH,District Health Services,COMMUNITY HEALTH CENTRES,Inventory: Clothing material and accessories,121,322,349,390,184
North West,HEALTH,District Health Services,COMMUNITY HEALTH CENTRES,Inventory: Farming supplies,4,15,0,0,0
North West,HEALTH,District Health Services,COMMUNITY HEALTH CENTRES,Inventory: Food and food supplies,25,0,0,0,35
North West,HEALTH,District Health Services,COMMUNITY HEALTH CENTRES,"Inventory: Fuel, oil and gas",457,1781,49,210,176
North West,HEALTH,District Health Services,COMMUNITY HEALTH CENTRES,Inventory: Materials and supplies,19,110,214,190,182
North West,HEALTH,District Health Services,COMMUNITY HEALTH CENTRES,Inventory: Medical supplies,5285,2450,2767,1783,50532
North West,HEALTH,District Health Services,COMMUNITY HEALTH CENTRES,Inventory: Medicine,43800,872,2070,2330,2180
North West,HEALTH,District Health Services,COMMUNITY HEALTH CENTRES,Inventory: Other supplies,55,23,25,0,0
North West,HEALTH,District Health Services,COMMUNITY HEALTH CENTRES,Laboratory services,68,548,0,600,80659
North West,HEALTH,District Health Services,COMMUNITY HEALTH CENTRES,Minor assets,0,71,6,100,42
North West,HEALTH,District Health Services,COMMUNITY HEALTH CENTRES,Operating leases,179,553,2696,859,5436
North West,HEALTH,District Health Services,COMMUNITY HEALTH CENTRES,Operating payments,417,1002,192,360,240
North West,HEALTH,District Health Services,COMMUNITY HEALTH CENTRES,Property payments,2970,4721,7436,2110,22789
North West,HEALTH,District Health Services,COMMUNITY HEALTH CENTRES,Rental and hiring,0,11,0,0,0
North West,HEALTH,District Health Services,COMMUNITY HEALTH CENTRES,Training and development,0,0,11,0,0
North West,HEALTH,District Health Services,COMMUNITY HEALTH CENTRES,Transport provided: Departmental activity,72,0,22,20,20
North West,HEALTH,District Health Services,COMMUNITY HEALTH CENTRES,Travel and subsistence,12699,15015,16142,5343,5462
North West,HEALTH,District Health Services,COMMUNITY HEALTH CENTRES,Venues and facilities,10,296,0,20,37
North West,HEALTH,District Health Services,COMMUNITY HEALTH CENTRES,Interest (Incl. interest on unitary payments (PPP)),40,14,51,23,69
North West,HEALTH,District Health Services,COMMUNITY HEALTH CENTRES,Other transfers to households,0,0,113,0,0
North West,HEALTH,District Health Services,COMMUNITY HEALTH CENTRES,Social benefits,4679,5214,4313,2795,2795
North West,HEALTH,District Health Services,OTHER COMMUNITY SERVICES,Salaries and wages,437773,492700,555048,506025,546025
North West,HEALTH,District Health Services,OTHER COMMUNITY SERVICES,Social contributions,5228,6734,9435,70635,72122
North West,HEALTH,District Health Services,OTHER COMMUNITY SERVICES,Agency and support/outsourced services,30784,0,0,0,0
North West,HEALTH,District Health Services,OTHER COMMUNITY SERVICES,Audit costs: External,0,478,2437,0,0
North West,HEALTH,District Health Services,OTHER COMMUNITY SERVICES,Catering: Departmental activities,0,0,0,0,59
North West,HEALTH,District Health Services,OTHER COMMUNITY SERVICES,Communication (G&S),39,2,314,0,0
North West,HEALTH,District Health Services,OTHER COMMUNITY SERVICES,Consultants: Business and advisory services,0,4,0,395,303
North West,HEALTH,District Health Services,OTHER COMMUNITY SERVICES,Consumable supplies,944,479,937,0,0
North West,HEALTH,District Health Services,OTHER COMMUNITY SERVICES,Contractors,0,101,0,0,0
North West,HEALTH,District Health Services,OTHER COMMUNITY SERVICES,Fleet services (including government motor transport),6000,0,0,0,0
North West,HEALTH,District Health Services,OTHER COMMUNITY SERVICES,"Inventory: Fuel, oil and gas",577,0,0,0,0
North West,HEALTH,District Health Services,OTHER COMMUNITY SERVICES,Inventory: Medical supplies,0,0,18,0,0
North West,HEALTH,District Health Services,OTHER COMMUNITY SERVICES,Laboratory services,0,0,0,0,0
North West,HEALTH,District Health Services,OTHER COMMUNITY SERVICES,Legal services (G&S),0,0,805,0,0
North West,HEALTH,District Health Services,OTHER COMMUNITY SERVICES,Minor assets,0,0,0,1263,1425
North West,HEALTH,District Health Services,OTHER COMMUNITY SERVICES,Operating leases,0,634,244,0,0
North West,HEALTH,District Health Services,OTHER COMMUNITY SERVICES,Operating payments,20,0,8,0,0
North West,HEALTH,District Health Services,OTHER COMMUNITY SERVICES,Property payments,0,9180,16553,77298,70869
North West,HEALTH,District Health Services,OTHER COMMUNITY SERVICES,Rental and hiring,0,0,0,0,14
North West,HEALTH,District Health Services,OTHER COMMUNITY SERVICES,Training and development,0,0,0,0,0
North West,HEALTH,District Health Services,OTHER COMMUNITY SERVICES,Travel and subsistence,3556,7996,6178,6424,1552
North West,HEALTH,District Health Services,OTHER COMMUNITY SERVICES,Venues and facilities,0,383,0,0,0
North West,HEALTH,District Health Services,OTHER COMMUNITY SERVICES,Interest (Incl. interest on unitary payments (PPP)),0,0,5,0,0
North West,HEALTH,District Health Services,OTHER COMMUNITY SERVICES,Social benefits,212,29,5,666,666
North West,HEALTH,District Health Services,HIV/ AIDS,Other machinery and equipment,9760,28768,25015,29380,29380
North West,HEALTH,District Health Services,HIV/ AIDS,Transport equipment,97,0,0,4000,4000
North West,HEALTH,District Health Services,HIV/ AIDS,Salaries and wages,736410,708694,713313,723633,731336
North West,HEALTH,District Health Services,HIV/ AIDS,Social contributions,41331,52384,57134,53098,53098
North West,HEALTH,District Health Services,HIV/ AIDS,Administrative fees,1882,1934,865,1300,1650
North West,HEALTH,District Health Services,HIV/ AIDS,Advertising,7816,12903,7842,9000,14790
North West,HEALTH,District Health Services,HIV/ AIDS,Agency and support/outsourced services,22162,5148,25539,23000,40000
North West,HEALTH,District Health Services,HIV/ AIDS,Catering: Departmental activities,8135,8887,6345,7500,8925
North West,HEALTH,District Health Services,HIV/ AIDS,Communication (G&S),10433,5325,5829,4482,2732
North West,HEALTH,District Health Services,HIV/ AIDS,Computer services,37,0,0,0,0
North West,HEALTH,District Health Services,HIV/ AIDS,Consultants: Business and advisory services,1211,1286,838,600,1100
North West,HEALTH,District Health Services,HIV/ AIDS,Consumable supplies,6222,3715,4188,5463,12094
North West,HEALTH,District Health Services,HIV/ AIDS,"Consumables: Stationery, printing and office supplies",5515,4067,7030,8000,6575
North West,HEALTH,District Health Services,HIV/ AIDS,Contractors,11910,695,12,358,358
North West,HEALTH,District Health Services,HIV/ AIDS,Inventory: Clothing material and accessories,0,466,0,250,2271
North West,HEALTH,District Health Services,HIV/ AIDS,Inventory: Farming supplies,0,136,0,0,0
North West,HEALTH,District Health Services,HIV/ AIDS,Inventory: Food and food supplies,3856,3283,2583,4000,4000
North West,HEALTH,District Health Services,HIV/ AIDS,Inventory: Materials and supplies,974,304,1374,500,410
North West,HEALTH,District Health Services,HIV/ AIDS,Inventory: Medical supplies,71170,94036,131535,141731,145629
North West,HEALTH,District Health Services,HIV/ AIDS,Inventory: Medicine,400107,228000,463285,431307,357767
North West,HEALTH,District Health Services,HIV/ AIDS,Inventory: Other supplies,719,497,92,150,0
North West,HEALTH,District Health Services,HIV/ AIDS,Laboratory services,558892,511894,381653,396000,428300
North West,HEALTH,District Health Services,HIV/ AIDS,Minor assets,298,675,1031,1420,2460
North West,HEALTH,District Health Services,HIV/ AIDS,Operating leases,84,104,102,150,150
North West,HEALTH,District Health Services,HIV/ AIDS,Operating payments,10854,11969,8532,11000,13100
North West,HEALTH,District Health Services,HIV/ AIDS,Property payments,45,0,309,400,800
North West,HEALTH,District Health Services,HIV/ AIDS,Rental and hiring,2599,2601,1890,2800,3800
North West,HEALTH,District Health Services,HIV/ AIDS,Training and development,164,287,873,2400,2400
North West,HEALTH,District Health Services,HIV/ AIDS,Transport provided: Departmental activity,346,1152,302,500,1300
North West,HEALTH,District Health Services,HIV/ AIDS,Travel and subsistence,31238,36504,28586,36000,36500
North West,HEALTH,District Health Services,HIV/ AIDS,Venues and facilities,5204,5240,3504,3800,4500
North West,HEALTH,District Health Services,HIV/ AIDS,Interest (Incl. interest on unitary payments (PPP)),3301,2963,844,1000,1500
North West,HEALTH,District Health Services,HIV/ AIDS,Social benefits,723,668,880,920,920
North West,HEALTH,District Health Services,NUTRITION,Catering: Departmental activities,0,98,0,127,8
North West,HEALTH,District Health Services,NUTRITION,"Consumables: Stationery, printing and office supplies",0,0,0,136,0
North West,HEALTH,District Health Services,NUTRITION,Inventory: Food and food supplies,820,828,216,983,983
North West,HEALTH,District Health Services,NUTRITION,"Inventory: Fuel, oil and gas",212,0,0,0,0
North West,HEALTH,District Health Services,NUTRITION,Inventory: Medical supplies,0,218,0,0,0
North West,HEALTH,District Health Services,NUTRITION,Operating leases,0,0,0,19,19
North West,HEALTH,District Health Services,NUTRITION,Venues and facilities,0,0,0,91,91
North West,HEALTH,District Health Services,COMMUNITY HEALTH CLINICS,Other machinery and equipment,0,-68,94,3753,902
North West,HEALTH,District Health Services,COMMUNITY HEALTH CLINICS,Salaries and wages,1021964,1108631,1163718,1227717,1227717
North West,HEALTH,District Health Services,COMMUNITY HEALTH CLINICS,Social contributions,183035,208224,228293,213892,213892
North West,HEALTH,District Health Services,COMMUNITY HEALTH CLINICS,Administrative fees,0,27,22,0,0
North West,HEALTH,District Health Services,COMMUNITY HEALTH CLINICS,Agency and support/outsourced services,0,793,97,22,2612
North West,HEALTH,District Health Services,COMMUNITY HEALTH CLINICS,Catering: Departmental activities,16,7,0,0,0
North West,HEALTH,District Health Services,COMMUNITY HEALTH CLINICS,Communication (G&S),240,114,201,24,952
North West,HEALTH,District Health Services,COMMUNITY HEALTH CLINICS,Consultants: Business and advisory services,58,128,75,0,364
North West,HEALTH,District Health Services,COMMUNITY HEALTH CLINICS,Consumable supplies,9977,8633,8873,4303,3799
North West,HEALTH,District Health Services,COMMUNITY HEALTH CLINICS,"Consumables: Stationery, printing and office supplies",182,0,29,30,75
North West,HEALTH,District Health Services,COMMUNITY HEALTH CLINICS,Contractors,110,0,557,500,351
North West,HEALTH,District Health Services,COMMUNITY HEALTH CLINICS,Inventory: Clothing material and accessories,0,56,0,800,314
North West,HEALTH,District Health Services,COMMUNITY HEALTH CLINICS,Inventory: Food and food supplies,0,69,0,0,0
North West,HEALTH,District Health Services,COMMUNITY HEALTH CLINICS,"Inventory: Fuel, oil and gas",369,762,0,0,0
North West,HEALTH,District Health Services,COMMUNITY HEALTH CLINICS,Inventory: Materials and supplies,72,906,41,0,47
North West,HEALTH,District Health Services,COMMUNITY HEALTH CLINICS,Inventory: Medical supplies,30,240,477,397,867
North West,HEALTH,District Health Services,COMMUNITY HEALTH CLINICS,Laboratory services,337,0,0,0,0
North West,HEALTH,District Health Services,COMMUNITY HEALTH CLINICS,Minor assets,46,29,36,0,103
North West,HEALTH,District Health Services,COMMUNITY HEALTH CLINICS,Operating leases,32,0,145,195,2171
North West,HEALTH,District Health Services,COMMUNITY HEALTH CLINICS,Operating payments,358,819,811,520,237
North West,HEALTH,District Health Services,COMMUNITY HEALTH CLINICS,Property payments,1569,1461,3249,5000,5333
North West,HEALTH,District Health Services,COMMUNITY HEALTH CLINICS,Rental and hiring,40,216,0,0,0
North West,HEALTH,District Health Services,COMMUNITY HEALTH CLINICS,Travel and subsistence,6795,5950,6311,3434,3464
North West,HEALTH,District Health Services,COMMUNITY HEALTH CLINICS,Interest (Incl. interest on unitary payments (PPP)),2,0,24,1,1
North West,HEALTH,District Health Services,COMMUNITY HEALTH CLINICS,Social benefits,6748,6513,7059,1712,1712
North West,HEALTH,District Health Services,CORONER SERVICES,Other machinery and equipment,662,3568,1169,1500,525
North West,HEALTH,District Health Services,CORONER SERVICES,Transport equipment,1100,31,0,4000,4000
North West,HEALTH,District Health Services,CORONER SERVICES,Salaries and wages,32398,33387,36159,38160,38160
North West,HEALTH,District Health Services,CORONER SERVICES,Social contributions,5397,5526,5977,6439,6439
North West,HEALTH,District Health Services,CORONER SERVICES,Administrative fees,0,8,0,10,2
North West,HEALTH,District Health Services,CORONER SERVICES,Agency and support/outsourced services,446,789,1911,4650,2112
North West,HEALTH,District Health Services,CORONER SERVICES,Catering: Departmental activities,0,97,5,100,108
North West,HEALTH,District Health Services,CORONER SERVICES,Communication (G&S),964,264,464,142,342
North West,HEALTH,District Health Services,CORONER SERVICES,Consultants: Business and advisory services,0,0,0,2,102
North West,HEALTH,District Health Services,CORONER SERVICES,Consumable supplies,389,623,723,750,1526
North West,HEALTH,District Health Services,CORONER SERVICES,"Consumables: Stationery, printing and office supplies",20,151,0,528,477
North West,HEALTH,District Health Services,CORONER SERVICES,Contractors,423,165,198,358,902
North West,HEALTH,District Health Services,CORONER SERVICES,Fleet services (including government motor transport),0,-2,598,653,1053
North West,HEALTH,District Health Services,CORONER SERVICES,Inventory: Clothing material and accessories,292,47,314,305,605
North West,HEALTH,District Health Services,CORONER SERVICES,Inventory: Food and food supplies,0,0,98,98,0
North West,HEALTH,District Health Services,CORONER SERVICES,"Inventory: Fuel, oil and gas",494,170,70,230,93
North West,HEALTH,District Health Services,CORONER SERVICES,Inventory: Materials and supplies,60,40,0,12,248
North West,HEALTH,District Health Services,CORONER SERVICES,Inventory: Medical supplies,3989,2860,3132,3173,3535
North West,HEALTH,District Health Services,CORONER SERVICES,Inventory: Other supplies,48,0,0,0,98
North West,HEALTH,District Health Services,CORONER SERVICES,Minor assets,27,46,36,40,64
North West,HEALTH,District Health Services,CORONER SERVICES,Operating leases,1163,839,1361,645,575
North West,HEALTH,District Health Services,CORONER SERVICES,Operating payments,0,0,0,66,85
North West,HEALTH,District Health Services,CORONER SERVICES,Property payments,163,398,757,1616,1180
North West,HEALTH,District Health Services,CORONER SERVICES,Travel and subsistence,380,462,224,313,434
North West,HEALTH,District Health Services,CORONER SERVICES,Interest (Incl. interest on unitary payments (PPP)),20,688,40,14,14
North West,HEALTH,District Health Services,CORONER SERVICES,Social benefits,601,70,85,200,200
North West,HEALTH,District Health Services,DISTRICT HOSPITALS,Other machinery and equipment,1892,5725,5175,5600,2830
North West,HEALTH,District Health Services,DISTRICT HOSPITALS,Transport equipment,0,810,0,0,0
North West,HEALTH,District Health Services,DISTRICT HOSPITALS,Salaries and wages,1183309,1292836,1330203,1392712,1392712
North West,HEALTH,District Health Services,DISTRICT HOSPITALS,Social contributions,188083,211869,224896,246380,246380
North West,HEALTH,District Health Services,DISTRICT HOSPITALS,Administrative fees,111,154,62,164,105
North West,HEALTH,District Health Services,DISTRICT HOSPITALS,Advertising,0,28,109,140,142
North West,HEALTH,District Health Services,DISTRICT HOSPITALS,Agency and support/outsourced services,57611,65351,72395,48260,46962
North West,HEALTH,District Health Services,DISTRICT HOSPITALS,Audit costs: External,0,0,0,0,0
North West,HEALTH,District Health Services,DISTRICT HOSPITALS,Catering: Departmental activities,315,304,138,70,157
North West,HEALTH,District Health Services,DISTRICT HOSPITALS,Communication (G&S),8101,5154,6582,2364,4344
North West,HEALTH,District Health Services,DISTRICT HOSPITALS,Computer services,0,0,86,0,293
North West,HEALTH,District Health Services,DISTRICT HOSPITALS,Consultants: Business and advisory services,280,437,552,447,548
North West,HEALTH,District Health Services,DISTRICT HOSPITALS,Consumable supplies,13585,20007,20159,13167,16822
North West,HEALTH,District Health Services,DISTRICT HOSPITALS,"Consumables: Stationery, printing and office supplies",2819,3739,5979,3471,4222
North West,HEALTH,District Health Services,DISTRICT HOSPITALS,Contractors,5545,7448,6689,4310,4934
North West,HEALTH,District Health Services,DISTRICT HOSPITALS,Fleet services (including government motor transport),0,0,32,0,0
North West,HEALTH,District Health Services,DISTRICT HOSPITALS,Inventory: Clothing material and accessories,1010,995,3073,2129,1492
North West,HEALTH,District Health Services,DISTRICT HOSPITALS,Inventory: Farming supplies,63,4,22,0,75
North West,HEALTH,District Health Services,DISTRICT HOSPITALS,Inventory: Food and food supplies,689,740,1386,820,1204
North West,HEALTH,District Health Services,DISTRICT HOSPITALS,"Inventory: Fuel, oil and gas",7456,7675,3465,7930,3677
North West,HEALTH,District Health Services,DISTRICT HOSPITALS,Inventory: Materials and supplies,1589,2253,3600,2560,3335
North West,HEALTH,District Health Services,DISTRICT HOSPITALS,Inventory: Medical supplies,78634,63483,57841,47362,53409
North West,HEALTH,District Health Services,DISTRICT HOSPITALS,Inventory: Medicine,58717,11008,39103,52421,42501
North West,HEALTH,District Health Services,DISTRICT HOSPITALS,Inventory: Other supplies,1310,33,177,20,0
North West,HEALTH,District Health Services,DISTRICT HOSPITALS,Laboratory services,26590,48917,11980,33005,30655
North West,HEALTH,District Health Services,DISTRICT HOSPITALS,Minor assets,686,637,1344,795,931
North West,HEALTH,District Health Services,DISTRICT HOSPITALS,Operating leases,2951,4106,5138,1873,3666
North West,HEALTH,District Health Services,DISTRICT HOSPITALS,Operating payments,2516,2670,1693,1631,1446
North West,HEALTH,District Health Services,DISTRICT HOSPITALS,Property payments,80463,73031,74014,50363,56002
North West,HEALTH,District Health Services,DISTRICT HOSPITALS,Rental and hiring,174,204,41,10,43
North West,HEALTH,District Health Services,DISTRICT HOSPITALS,Training and development,9,1,0,0,0
North West,HEALTH,District Health Services,DISTRICT HOSPITALS,Transport provided: Departmental activity,82,123,254,240,249
North West,HEALTH,District Health Services,DISTRICT HOSPITALS,Travel and subsistence,7736,7173,6513,1887,3454
North West,HEALTH,District Health Services,DISTRICT HOSPITALS,Venues and facilities,213,9,113,10,154
North West,HEALTH,District Health Services,DISTRICT HOSPITALS,Interest (Incl. interest on unitary payments (PPP)),1391,590,596,375,787
North West,HEALTH,District Health Services,DISTRICT HOSPITALS,Other transfers to households,0,0,43,0,0
North West,HEALTH,District Health Services,DISTRICT HOSPITALS,Social benefits,6434,6104,7862,2470,2470
North West,HEALTH,Emergency Medical Services,EMERGENCY TRANSPORT,Other machinery and equipment,105,2500,2273,1500,803
North West,HEALTH,Emergency Medical Services,EMERGENCY TRANSPORT,Transport equipment,0,0,14903,0,0
North West,HEALTH,Emergency Medical Services,EMERGENCY TRANSPORT,Salaries and wages,323227,328313,343708,343921,342918
North West,HEALTH,Emergency Medical Services,EMERGENCY TRANSPORT,Social contributions,57440,62527,64695,61428,62431
North West,HEALTH,Emergency Medical Services,EMERGENCY TRANSPORT,Administrative fees,0,15,0,0,5
North West,HEALTH,Emergency Medical Services,EMERGENCY TRANSPORT,Advertising,1259,0,0,0,0
North West,HEALTH,Emergency Medical Services,EMERGENCY TRANSPORT,Agency and support/outsourced services,37060,15771,27615,27600,27000
North West,HEALTH,Emergency Medical Services,EMERGENCY TRANSPORT,Catering: Departmental activities,327,381,50,0,85
North West,HEALTH,Emergency Medical Services,EMERGENCY TRANSPORT,Communication (G&S),1600,1183,2681,2500,3100
North West,HEALTH,Emergency Medical Services,EMERGENCY TRANSPORT,Computer services,0,0,0,0,100
North West,HEALTH,Emergency Medical Services,EMERGENCY TRANSPORT,Consultants: Business and advisory services,131,128,174,150,300
North West,HEALTH,Emergency Medical Services,EMERGENCY TRANSPORT,Consumable supplies,1864,2673,695,500,530
North West,HEALTH,Emergency Medical Services,EMERGENCY TRANSPORT,"Consumables: Stationery, printing and office supplies",1229,1224,591,590,590
North West,HEALTH,Emergency Medical Services,EMERGENCY TRANSPORT,Contractors,695,506,441,400,2101
North West,HEALTH,Emergency Medical Services,EMERGENCY TRANSPORT,Fleet services (including government motor transport),7125,2428,1615,2489,2039
North West,HEALTH,Emergency Medical Services,EMERGENCY TRANSPORT,Inventory: Clothing material and accessories,2415,1800,1995,3000,3794
North West,HEALTH,Emergency Medical Services,EMERGENCY TRANSPORT,Inventory: Farming supplies,8,21,0,0,0
North West,HEALTH,Emergency Medical Services,EMERGENCY TRANSPORT,"Inventory: Fuel, oil and gas",289,1467,71,350,122
North West,HEALTH,Emergency Medical Services,EMERGENCY TRANSPORT,Inventory: Materials and supplies,941,566,28,150,126
North West,HEALTH,Emergency Medical Services,EMERGENCY TRANSPORT,Inventory: Medical supplies,2245,2359,1050,750,699
North West,HEALTH,Emergency Medical Services,EMERGENCY TRANSPORT,Inventory: Medicine,32,15,5,10,10
North West,HEALTH,Emergency Medical Services,EMERGENCY TRANSPORT,Inventory: Other supplies,69,761,104,330,371
North West,HEALTH,Emergency Medical Services,EMERGENCY TRANSPORT,Minor assets,311,186,501,400,245
North West,HEALTH,Emergency Medical Services,EMERGENCY TRANSPORT,Operating leases,2121,743,783,900,900
North West,HEALTH,Emergency Medical Services,EMERGENCY TRANSPORT,Operating payments,226,134,-6,400,2
North West,HEALTH,Emergency Medical Services,EMERGENCY TRANSPORT,Property payments,2796,2314,765,1600,916
North West,HEALTH,Emergency Medical Services,EMERGENCY TRANSPORT,Rental and hiring,0,16,0,0,0
North West,HEALTH,Emergency Medical Services,EMERGENCY TRANSPORT,Travel and subsistence,3099,1791,1393,750,949
North West,HEALTH,Emergency Medical Services,EMERGENCY TRANSPORT,Venues and facilities,30,32,0,0,50
North West,HEALTH,Emergency Medical Services,EMERGENCY TRANSPORT,Interest (Incl. interest on unitary payments (PPP)),51,124,42,66,66
North West,HEALTH,Emergency Medical Services,EMERGENCY TRANSPORT,Social benefits,327,568,1152,78,78
North West,HEALTH,Emergency Medical Services,PLANNED PATIENT TRANSPORT,Other machinery and equipment,0,0,3816,3012,3012
North West,HEALTH,Emergency Medical Services,PLANNED PATIENT TRANSPORT,Transport equipment,30286,15707,29360,70000,76000
North West,HEALTH,Emergency Medical Services,PLANNED PATIENT TRANSPORT,Computer services,0,0,0,0,120
North West,HEALTH,Emergency Medical Services,PLANNED PATIENT TRANSPORT,Consumable supplies,0,0,0,0,3
North West,HEALTH,Emergency Medical Services,PLANNED PATIENT TRANSPORT,Contractors,0,0,0,0,205
North West,HEALTH,Emergency Medical Services,PLANNED PATIENT TRANSPORT,Fleet services (including government motor transport),3991,876,57,2000,232
North West,HEALTH,Emergency Medical Services,PLANNED PATIENT TRANSPORT,Inventory: Other supplies,0,0,0,0,220
North West,HEALTH,Emergency Medical Services,PLANNED PATIENT TRANSPORT,Minor assets,0,0,0,0,55
North West,HEALTH,Emergency Medical Services,PLANNED PATIENT TRANSPORT,Operating leases,0,7,0,0,0
North West,HEALTH,Provincial Hospital Services,GENERAL (REGIONAL) HOSPITALS,Other machinery and equipment,2948,9988,5745,8899,8650
North West,HEALTH,Provincial Hospital Services,GENERAL (REGIONAL) HOSPITALS,Salaries and wages,1153854,1207084,1240586,1265473,1285184
North West,HEALTH,Provincial Hospital Services,GENERAL (REGIONAL) HOSPITALS,Social contributions,129931,145987,155814,135142,175431
North West,HEALTH,Provincial Hospital Services,GENERAL (REGIONAL) HOSPITALS,Administrative fees,52,163,780,588,293
North West,HEALTH,Provincial Hospital Services,GENERAL (REGIONAL) HOSPITALS,Advertising,246,266,654,50,0
North West,HEALTH,Provincial Hospital Services,GENERAL (REGIONAL) HOSPITALS,Agency and support/outsourced services,43777,47013,64022,47000,48773
North West,HEALTH,Provincial Hospital Services,GENERAL (REGIONAL) HOSPITALS,Catering: Departmental activities,176,814,362,150,153
North West,HEALTH,Provincial Hospital Services,GENERAL (REGIONAL) HOSPITALS,Communication (G&S),3372,4264,5118,4113,3989
North West,HEALTH,Provincial Hospital Services,GENERAL (REGIONAL) HOSPITALS,Computer services,0,0,59,42,0
North West,HEALTH,Provincial Hospital Services,GENERAL (REGIONAL) HOSPITALS,Consultants: Business and advisory services,95,210,243,286,245
North West,HEALTH,Provincial Hospital Services,GENERAL (REGIONAL) HOSPITALS,Consumable supplies,16337,19218,16970,14700,18636
North West,HEALTH,Provincial Hospital Services,GENERAL (REGIONAL) HOSPITALS,"Consumables: Stationery, printing and office supplies",3835,7767,5541,2821,3536
North West,HEALTH,Provincial Hospital Services,GENERAL (REGIONAL) HOSPITALS,Contractors,10062,12060,13540,10182,11941
North West,HEALTH,Provincial Hospital Services,GENERAL (REGIONAL) HOSPITALS,Fleet services (including government motor transport),0,0,1,114,54
North West,HEALTH,Provincial Hospital Services,GENERAL (REGIONAL) HOSPITALS,Inventory: Clothing material and accessories,1338,2964,1550,844,884
North West,HEALTH,Provincial Hospital Services,GENERAL (REGIONAL) HOSPITALS,Inventory: Farming supplies,49,35,82,59,19
North West,HEALTH,Provincial Hospital Services,GENERAL (REGIONAL) HOSPITALS,Inventory: Food and food supplies,1625,1140,760,662,849
North West,HEALTH,Provincial Hospital Services,GENERAL (REGIONAL) HOSPITALS,"Inventory: Fuel, oil and gas",6250,7014,1363,3455,1961
North West,HEALTH,Provincial Hospital Services,GENERAL (REGIONAL) HOSPITALS,Inventory: Materials and supplies,3018,3734,3347,3759,1897
North West,HEALTH,Provincial Hospital Services,GENERAL (REGIONAL) HOSPITALS,Inventory: Medical supplies,123356,110805,99066,68512,80961
North West,HEALTH,Provincial Hospital Services,GENERAL (REGIONAL) HOSPITALS,Inventory: Medicine,20286,6548,32045,43068,48222
North West,HEALTH,Provincial Hospital Services,GENERAL (REGIONAL) HOSPITALS,Inventory: Other supplies,462,2951,2358,3394,3412
North West,HEALTH,Provincial Hospital Services,GENERAL (REGIONAL) HOSPITALS,Laboratory services,19636,44166,15154,30665,15886
North West,HEALTH,Provincial Hospital Services,GENERAL (REGIONAL) HOSPITALS,Minor assets,938,1338,501,1004,1279
North West,HEALTH,Provincial Hospital Services,GENERAL (REGIONAL) HOSPITALS,Operating leases,5121,5235,7873,5102,8149
North West,HEALTH,Provincial Hospital Services,GENERAL (REGIONAL) HOSPITALS,Operating payments,221,463,227,50,0
North West,HEALTH,Provincial Hospital Services,GENERAL (REGIONAL) HOSPITALS,Property payments,38788,51315,66719,43895,39330
North West,HEALTH,Provincial Hospital Services,GENERAL (REGIONAL) HOSPITALS,Rental and hiring,0,26,15,20,0
North West,HEALTH,Provincial Hospital Services,GENERAL (REGIONAL) HOSPITALS,Training and development,587,374,423,422,405
North West,HEALTH,Provincial Hospital Services,GENERAL (REGIONAL) HOSPITALS,Transport provided: Departmental activity,325,0,0,0,0
North West,HEALTH,Provincial Hospital Services,GENERAL (REGIONAL) HOSPITALS,Travel and subsistence,4935,8534,7794,5805,6004
North West,HEALTH,Provincial Hospital Services,GENERAL (REGIONAL) HOSPITALS,Venues and facilities,32,461,0,0,41
North West,HEALTH,Provincial Hospital Services,GENERAL (REGIONAL) HOSPITALS,Interest (Incl. interest on unitary payments (PPP)),1773,942,248,260,363
North West,HEALTH,Provincial Hospital Services,GENERAL (REGIONAL) HOSPITALS,Other transfers to households,10,0,0,0,0
North West,HEALTH,Provincial Hospital Services,GENERAL (REGIONAL) HOSPITALS,Social benefits,5149,3756,6065,3025,3025
North West,HEALTH,Provincial Hospital Services,PSYCHIATRIC/ MENTAL HOSPITALS,Other machinery and equipment,1800,2041,1493,2188,819
North West,HEALTH,Provincial Hospital Services,PSYCHIATRIC/ MENTAL HOSPITALS,Salaries and wages,393758,420374,431231,413541,422114
North West,HEALTH,Provincial Hospital Services,PSYCHIATRIC/ MENTAL HOSPITALS,Social contributions,77504,85161,90532,103141,94568
North West,HEALTH,Provincial Hospital Services,PSYCHIATRIC/ MENTAL HOSPITALS,Administrative fees,351,153,25,40,40
North West,HEALTH,Provincial Hospital Services,PSYCHIATRIC/ MENTAL HOSPITALS,Advertising,60,60,59,75,128
North West,HEALTH,Provincial Hospital Services,PSYCHIATRIC/ MENTAL HOSPITALS,Agency and support/outsourced services,38389,38768,43550,33841,33949
North West,HEALTH,Provincial Hospital Services,PSYCHIATRIC/ MENTAL HOSPITALS,Catering: Departmental activities,117,156,123,110,190
North West,HEALTH,Provincial Hospital Services,PSYCHIATRIC/ MENTAL HOSPITALS,Communication (G&S),1421,1052,1009,965,906
North West,HEALTH,Provincial Hospital Services,PSYCHIATRIC/ MENTAL HOSPITALS,Computer services,27,0,63,0,0
North West,HEALTH,Provincial Hospital Services,PSYCHIATRIC/ MENTAL HOSPITALS,Consultants: Business and advisory services,76,100,79,120,140
North West,HEALTH,Provincial Hospital Services,PSYCHIATRIC/ MENTAL HOSPITALS,Consumable supplies,7763,15226,9557,8813,8716
North West,HEALTH,Provincial Hospital Services,PSYCHIATRIC/ MENTAL HOSPITALS,"Consumables: Stationery, printing and office supplies",1278,1418,1031,1179,1355
North West,HEALTH,Provincial Hospital Services,PSYCHIATRIC/ MENTAL HOSPITALS,Contractors,1300,1094,341,530,509
North West,HEALTH,Provincial Hospital Services,PSYCHIATRIC/ MENTAL HOSPITALS,Fleet services (including government motor transport),14,6,44,49,13
North West,HEALTH,Provincial Hospital Services,PSYCHIATRIC/ MENTAL HOSPITALS,Inventory: Clothing material and accessories,885,1048,199,522,890
North West,HEALTH,Provincial Hospital Services,PSYCHIATRIC/ MENTAL HOSPITALS,Inventory: Farming supplies,0,23,147,165,128
North West,HEALTH,Provincial Hospital Services,PSYCHIATRIC/ MENTAL HOSPITALS,Inventory: Food and food supplies,1644,1502,1297,1560,1780
North West,HEALTH,Provincial Hospital Services,PSYCHIATRIC/ MENTAL HOSPITALS,"Inventory: Fuel, oil and gas",2821,6218,1344,1183,1152
North West,HEALTH,Provincial Hospital Services,PSYCHIATRIC/ MENTAL HOSPITALS,Inventory: Materials and supplies,3421,413,689,1169,1064
North West,HEALTH,Provincial Hospital Services,PSYCHIATRIC/ MENTAL HOSPITALS,Inventory: Medical supplies,5112,7003,6857,6460,6284
North West,HEALTH,Provincial Hospital Services,PSYCHIATRIC/ MENTAL HOSPITALS,Inventory: Medicine,445,1674,2558,3121,3111
North West,HEALTH,Provincial Hospital Services,PSYCHIATRIC/ MENTAL HOSPITALS,Inventory: Other supplies,6438,175,0,0,0
North West,HEALTH,Provincial Hospital Services,PSYCHIATRIC/ MENTAL HOSPITALS,Laboratory services,1469,1766,1694,1955,2275
North West,HEALTH,Provincial Hospital Services,PSYCHIATRIC/ MENTAL HOSPITALS,Minor assets,292,375,733,510,611
North West,HEALTH,Provincial Hospital Services,PSYCHIATRIC/ MENTAL HOSPITALS,Operating leases,1466,1065,1140,904,904
North West,HEALTH,Provincial Hospital Services,PSYCHIATRIC/ MENTAL HOSPITALS,Operating payments,67,159,95,170,20
North West,HEALTH,Provincial Hospital Services,PSYCHIATRIC/ MENTAL HOSPITALS,Property payments,22925,29254,24896,21902,20501
North West,HEALTH,Provincial Hospital Services,PSYCHIATRIC/ MENTAL HOSPITALS,Rental and hiring,9,0,0,0,0
North West,HEALTH,Provincial Hospital Services,PSYCHIATRIC/ MENTAL HOSPITALS,Training and development,142,224,356,340,340
North West,HEALTH,Provincial Hospital Services,PSYCHIATRIC/ MENTAL HOSPITALS,Travel and subsistence,1206,1296,1569,1519,1561
North West,HEALTH,Provincial Hospital Services,PSYCHIATRIC/ MENTAL HOSPITALS,Venues and facilities,122,20,288,300,195
North West,HEALTH,Provincial Hospital Services,PSYCHIATRIC/ MENTAL HOSPITALS,Interest (Incl. interest on unitary payments (PPP)),425,134,54,110,110
North West,HEALTH,Provincial Hospital Services,PSYCHIATRIC/ MENTAL HOSPITALS,Other transfers to households,0,0,311,0,0
North West,HEALTH,Provincial Hospital Services,PSYCHIATRIC/ MENTAL HOSPITALS,Social benefits,2418,1119,2428,2696,2696
North West,HEALTH,Central Hospital Services,PROVINCIAL TERTIARY HOSPITAL SERVICES,Other machinery and equipment,38222,58136,39069,82067,97481
North West,HEALTH,Central Hospital Services,PROVINCIAL TERTIARY HOSPITAL SERVICES,Salaries and wages,1347848,1443176,1512355,1610582,1611182
North West,HEALTH,Central Hospital Services,PROVINCIAL TERTIARY HOSPITAL SERVICES,Social contributions,181488,206129,221706,253756,253156
North West,HEALTH,Central Hospital Services,PROVINCIAL TERTIARY HOSPITAL SERVICES,Administrative fees,50,101,198,375,375
North West,HEALTH,Central Hospital Services,PROVINCIAL TERTIARY HOSPITAL SERVICES,Advertising,126,24,54,90,87
North West,HEALTH,Central Hospital Services,PROVINCIAL TERTIARY HOSPITAL SERVICES,Agency and support/outsourced services,83268,111120,144306,103882,124574
North West,HEALTH,Central Hospital Services,PROVINCIAL TERTIARY HOSPITAL SERVICES,Catering: Departmental activities,147,358,445,280,280
North West,HEALTH,Central Hospital Services,PROVINCIAL TERTIARY HOSPITAL SERVICES,Communication (G&S),5474,4568,4821,3366,3595
North West,HEALTH,Central Hospital Services,PROVINCIAL TERTIARY HOSPITAL SERVICES,Computer services,70,412,585,614,624
North West,HEALTH,Central Hospital Services,PROVINCIAL TERTIARY HOSPITAL SERVICES,Consultants: Business and advisory services,54,128,91,146,146
North West,HEALTH,Central Hospital Services,PROVINCIAL TERTIARY HOSPITAL SERVICES,Consumable supplies,11770,19156,20304,19148,16081
North West,HEALTH,Central Hospital Services,PROVINCIAL TERTIARY HOSPITAL SERVICES,"Consumables: Stationery, printing and office supplies",2930,5437,4297,4510,3765
North West,HEALTH,Central Hospital Services,PROVINCIAL TERTIARY HOSPITAL SERVICES,Contractors,25223,21321,36145,28808,31695
North West,HEALTH,Central Hospital Services,PROVINCIAL TERTIARY HOSPITAL SERVICES,Fleet services (including government motor transport),0,0,43,40,0
North West,HEALTH,Central Hospital Services,PROVINCIAL TERTIARY HOSPITAL SERVICES,Inventory: Clothing material and accessories,2534,580,1553,1800,1930
North West,HEALTH,Central Hospital Services,PROVINCIAL TERTIARY HOSPITAL SERVICES,Inventory: Farming supplies,14,0,0,0,0
North West,HEALTH,Central Hospital Services,PROVINCIAL TERTIARY HOSPITAL SERVICES,Inventory: Food and food supplies,3029,3128,3696,4400,4729
North West,HEALTH,Central Hospital Services,PROVINCIAL TERTIARY HOSPITAL SERVICES,"Inventory: Fuel, oil and gas",51802,64686,44945,41520,59900
North West,HEALTH,Central Hospital Services,PROVINCIAL TERTIARY HOSPITAL SERVICES,Inventory: Materials and supplies,4095,4968,4511,6910,5833
North West,HEALTH,Central Hospital Services,PROVINCIAL TERTIARY HOSPITAL SERVICES,Inventory: Medical supplies,301490,280016,269666,280811,277959
North West,HEALTH,Central Hospital Services,PROVINCIAL TERTIARY HOSPITAL SERVICES,Inventory: Medicine,17235,38402,64643,60033,74673
North West,HEALTH,Central Hospital Services,PROVINCIAL TERTIARY HOSPITAL SERVICES,Inventory: Other supplies,2552,271,1240,620,120
North West,HEALTH,Central Hospital Services,PROVINCIAL TERTIARY HOSPITAL SERVICES,Laboratory services,85554,65554,9626,42324,20423
North West,HEALTH,Central Hospital Services,PROVINCIAL TERTIARY HOSPITAL SERVICES,Minor assets,495,174,1819,2786,2574
North West,HEALTH,Central Hospital Services,PROVINCIAL TERTIARY HOSPITAL SERVICES,Operating leases,18625,18270,15140,11399,13799
North West,HEALTH,Central Hospital Services,PROVINCIAL TERTIARY HOSPITAL SERVICES,Operating payments,1421,351,117,200,698
North West,HEALTH,Central Hospital Services,PROVINCIAL TERTIARY HOSPITAL SERVICES,Property payments,49397,62018,75445,67145,72195
North West,HEALTH,Central Hospital Services,PROVINCIAL TERTIARY HOSPITAL SERVICES,Rental and hiring,1465,0,411,400,360
North West,HEALTH,Central Hospital Services,PROVINCIAL TERTIARY HOSPITAL SERVICES,Training and development,100,540,772,50,50
North West,HEALTH,Central Hospital Services,PROVINCIAL TERTIARY HOSPITAL SERVICES,Transport provided: Departmental activity,471,588,194,50,25
North West,HEALTH,Central Hospital Services,PROVINCIAL TERTIARY HOSPITAL SERVICES,Travel and subsistence,4716,5400,6507,5553,5770
North West,HEALTH,Central Hospital Services,PROVINCIAL TERTIARY HOSPITAL SERVICES,Venues and facilities,75,424,149,250,250
North West,HEALTH,Central Hospital Services,PROVINCIAL TERTIARY HOSPITAL SERVICES,Interest (Incl. interest on unitary payments (PPP)),2346,1798,464,300,300
North West,HEALTH,Central Hospital Services,PROVINCIAL TERTIARY HOSPITAL SERVICES,Other transfers to households,0,0,107,0,0
North West,HEALTH,Central Hospital Services,PROVINCIAL TERTIARY HOSPITAL SERVICES,Social benefits,5831,4924,8305,4279,4279
North West,HEALTH,Health Sciences and Training,NURSES TRAINING COLLEGES,Other machinery and equipment,917,646,693,1516,2353
North West,HEALTH,Health Sciences and Training,NURSES TRAINING COLLEGES,Salaries and wages,90860,97775,99861,102495,102895
North West,HEALTH,Health Sciences and Training,NURSES TRAINING COLLEGES,Social contributions,15094,15706,17162,18375,18375
North West,HEALTH,Health Sciences and Training,NURSES TRAINING COLLEGES,Administrative fees,79,89,56,72,99
North West,HEALTH,Health Sciences and Training,NURSES TRAINING COLLEGES,Advertising,54,56,37,76,91
North West,HEALTH,Health Sciences and Training,NURSES TRAINING COLLEGES,Agency and support/outsourced services,4681,7223,9276,7400,7550
North West,HEALTH,Health Sciences and Training,NURSES TRAINING COLLEGES,Catering: Departmental activities,333,272,348,480,338
North West,HEALTH,Health Sciences and Training,NURSES TRAINING COLLEGES,Communication (G&S),3175,2877,1704,2241,2105
North West,HEALTH,Health Sciences and Training,NURSES TRAINING COLLEGES,Computer services,0,0,0,0,550
North West,HEALTH,Health Sciences and Training,NURSES TRAINING COLLEGES,Consumable supplies,1449,2336,2008,23915,4081
North West,HEALTH,Health Sciences and Training,NURSES TRAINING COLLEGES,"Consumables: Stationery, printing and office supplies",2253,1555,898,2158,2220
North West,HEALTH,Health Sciences and Training,NURSES TRAINING COLLEGES,Contractors,2533,5226,6407,3571,3741
North West,HEALTH,Health Sciences and Training,NURSES TRAINING COLLEGES,Fleet services (including government motor transport),4,0,0,5,0
North West,HEALTH,Health Sciences and Training,NURSES TRAINING COLLEGES,Inventory: Clothing material and accessories,169,0,409,509,291
North West,HEALTH,Health Sciences and Training,NURSES TRAINING COLLEGES,"Inventory: Fuel, oil and gas",49,415,319,290,318
North West,HEALTH,Health Sciences and Training,NURSES TRAINING COLLEGES,Inventory: Learner and teacher support material,1300,1616,3163,2918,2338
North West,HEALTH,Health Sciences and Training,NURSES TRAINING COLLEGES,Inventory: Materials and supplies,248,126,119,138,142
North West,HEALTH,Health Sciences and Training,NURSES TRAINING COLLEGES,Inventory: Medical supplies,0,103,104,105,554
North West,HEALTH,Health Sciences and Training,NURSES TRAINING COLLEGES,Inventory: Medicine,0,0,0,0,0
North West,HEALTH,Health Sciences and Training,NURSES TRAINING COLLEGES,Inventory: Other supplies,170,0,25,0,0
North West,HEALTH,Health Sciences and Training,NURSES TRAINING COLLEGES,Minor assets,46,9,45,196,170
North West,HEALTH,Health Sciences and Training,NURSES TRAINING COLLEGES,Operating leases,18075,23167,16790,16800,14200
North West,HEALTH,Health Sciences and Training,NURSES TRAINING COLLEGES,Operating payments,1091,1707,860,1048,1903
North West,HEALTH,Health Sciences and Training,NURSES TRAINING COLLEGES,Property payments,5532,5212,4645,4488,7926
North West,HEALTH,Health Sciences and Training,NURSES TRAINING COLLEGES,Training and development,119,0,0,200,0
North West,HEALTH,Health Sciences and Training,NURSES TRAINING COLLEGES,Travel and subsistence,2439,3179,2295,3219,3442
North West,HEALTH,Health Sciences and Training,NURSES TRAINING COLLEGES,Venues and facilities,493,846,1876,1981,2022
North West,HEALTH,Health Sciences and Training,NURSES TRAINING COLLEGES,Interest (Incl. interest on unitary payments (PPP)),14,14,26,35,35
North West,HEALTH,Health Sciences and Training,NURSES TRAINING COLLEGES,Other transfers to households,2895,0,0,354,354
North West,HEALTH,Health Sciences and Training,NURSES TRAINING COLLEGES,Social benefits,518,726,392,546,546
North West,HEALTH,Health Sciences and Training,EMS TRAINING COLLEGES,Other machinery and equipment,58,108,478,512,207
North West,HEALTH,Health Sciences and Training,EMS TRAINING COLLEGES,Salaries and wages,11112,10248,11241,11490,11740
North West,HEALTH,Health Sciences and Training,EMS TRAINING COLLEGES,Social contributions,1898,1936,2142,1864,1864
North West,HEALTH,Health Sciences and Training,EMS TRAINING COLLEGES,Administrative fees,9,18,27,23,35
North West,HEALTH,Health Sciences and Training,EMS TRAINING COLLEGES,Catering: Departmental activities,4,16,64,100,60
North West,HEALTH,Health Sciences and Training,EMS TRAINING COLLEGES,Communication (G&S),861,402,617,850,376
North West,HEALTH,Health Sciences and Training,EMS TRAINING COLLEGES,Computer services,22,0,0,0,0
North West,HEALTH,Health Sciences and Training,EMS TRAINING COLLEGES,Consultants: Business and advisory services,0,40,0,16,11
North West,HEALTH,Health Sciences and Training,EMS TRAINING COLLEGES,Consumable supplies,19,125,78,78,274
North West,HEALTH,Health Sciences and Training,EMS TRAINING COLLEGES,"Consumables: Stationery, printing and office supplies",6,161,67,120,65
North West,HEALTH,Health Sciences and Training,EMS TRAINING COLLEGES,Contractors,419,36,40,40,107
North West,HEALTH,Health Sciences and Training,EMS TRAINING COLLEGES,Fleet services (including government motor transport),35,0,0,0,0
North West,HEALTH,Health Sciences and Training,EMS TRAINING COLLEGES,Inventory: Clothing material and accessories,0,0,0,35,195
North West,HEALTH,Health Sciences and Training,EMS TRAINING COLLEGES,Inventory: Farming supplies,0,0,7,0,0
North West,HEALTH,Health Sciences and Training,EMS TRAINING COLLEGES,Inventory: Food and food supplies,0,0,15,0,0
North West,HEALTH,Health Sciences and Training,EMS TRAINING COLLEGES,"Inventory: Fuel, oil and gas",4,17,81,42,34
North West,HEALTH,Health Sciences and Training,EMS TRAINING COLLEGES,Inventory: Learner and teacher support material,65,287,94,272,182
North West,HEALTH,Health Sciences and Training,EMS TRAINING COLLEGES,Inventory: Materials and supplies,4,176,2,15,6
North West,HEALTH,Health Sciences and Training,EMS TRAINING COLLEGES,Inventory: Medical supplies,0,26,0,50,0
North West,HEALTH,Health Sciences and Training,EMS TRAINING COLLEGES,Minor assets,16,0,76,15,136
North West,HEALTH,Health Sciences and Training,EMS TRAINING COLLEGES,Operating leases,70,109,108,97,127
North West,HEALTH,Health Sciences and Training,EMS TRAINING COLLEGES,Operating payments,0,15,0,100,0
North West,HEALTH,Health Sciences and Training,EMS TRAINING COLLEGES,Property payments,1141,1239,1125,1043,1172
North West,HEALTH,Health Sciences and Training,EMS TRAINING COLLEGES,Training and development,123,232,89,90,0
North West,HEALTH,Health Sciences and Training,EMS TRAINING COLLEGES,Travel and subsistence,356,315,206,257,445
North West,HEALTH,Health Sciences and Training,EMS TRAINING COLLEGES,Venues and facilities,0,0,0,50,95
North West,HEALTH,Health Sciences and Training,EMS TRAINING COLLEGES,Interest (Incl. interest on unitary payments (PPP)),13,26,41,40,13
North West,HEALTH,Health Sciences and Training,EMS TRAINING COLLEGES,Social benefits,0,0,76,33,33
North West,HEALTH,Health Sciences and Training,PRIMARY HEALTH CARE TRAINING,Salaries and wages,5122,5282,6090,5991,5991
North West,HEALTH,Health Sciences and Training,PRIMARY HEALTH CARE TRAINING,Social contributions,954,1065,1288,1173,1173
North West,HEALTH,Health Sciences and Training,PRIMARY HEALTH CARE TRAINING,Administrative fees,15,39,12,60,60
North West,HEALTH,Health Sciences and Training,PRIMARY HEALTH CARE TRAINING,Agency and support/outsourced services,200,0,0,0,0
North West,HEALTH,Health Sciences and Training,PRIMARY HEALTH CARE TRAINING,Catering: Departmental activities,13,27,0,0,0
North West,HEALTH,Health Sciences and Training,PRIMARY HEALTH CARE TRAINING,Communication (G&S),988,112,208,123,123
North West,HEALTH,Health Sciences and Training,PRIMARY HEALTH CARE TRAINING,Consumable supplies,39,16,20,118,163
North West,HEALTH,Health Sciences and Training,PRIMARY HEALTH CARE TRAINING,"Consumables: Stationery, printing and office supplies",0,0,85,85,85
North West,HEALTH,Health Sciences and Training,PRIMARY HEALTH CARE TRAINING,Contractors,0,0,136,136,605
North West,HEALTH,Health Sciences and Training,PRIMARY HEALTH CARE TRAINING,"Inventory: Fuel, oil and gas",14,0,0,0,0
North West,HEALTH,Health Sciences and Training,PRIMARY HEALTH CARE TRAINING,Inventory: Learner and teacher support material,0,0,500,500,0
North West,HEALTH,Health Sciences and Training,PRIMARY HEALTH CARE TRAINING,Inventory: Other supplies,28,0,0,0,0
North West,HEALTH,Health Sciences and Training,PRIMARY HEALTH CARE TRAINING,Operating leases,1000,1110,971,972,872
North West,HEALTH,Health Sciences and Training,PRIMARY HEALTH CARE TRAINING,Operating payments,0,0,17,0,31
North West,HEALTH,Health Sciences and Training,PRIMARY HEALTH CARE TRAINING,Property payments,254,1129,321,269,269
North West,HEALTH,Health Sciences and Training,PRIMARY HEALTH CARE TRAINING,Science and technological services,0,0,0,0,0
North West,HEALTH,Health Sciences and Training,PRIMARY HEALTH CARE TRAINING,Travel and subsistence,452,298,168,172,227
North West,HEALTH,Health Sciences and Training,PRIMARY HEALTH CARE TRAINING,Interest (Incl. interest on unitary payments (PPP)),7,2,6,22,22
North West,HEALTH,Health Sciences and Training,PRIMARY HEALTH CARE TRAINING,Social benefits,138,105,0,251,251
North West,HEALTH,Health Sciences and Training,TRAINING OTHER,Other machinery and equipment,0,0,255,578,2046
North West,HEALTH,Health Sciences and Training,TRAINING OTHER,Salaries and wages,26323,17840,16177,18689,18039
North West,HEALTH,Health Sciences and Training,TRAINING OTHER,Social contributions,0,0,0,0,0
North West,HEALTH,Health Sciences and Training,TRAINING OTHER,Administrative fees,702,1294,788,616,716
North West,HEALTH,Health Sciences and Training,TRAINING OTHER,Audit costs: External,0,0,0,0,6000
North West,HEALTH,Health Sciences and Training,TRAINING OTHER,Catering: Departmental activities,296,448,589,550,550
North West,HEALTH,Health Sciences and Training,TRAINING OTHER,Communication (G&S),1,0,2,11,0
North West,HEALTH,Health Sciences and Training,TRAINING OTHER,Consultants: Business and advisory services,3,0,0,0,0
North West,HEALTH,Health Sciences and Training,TRAINING OTHER,Consumable supplies,192,244,0,190,825
North West,HEALTH,Health Sciences and Training,TRAINING OTHER,"Consumables: Stationery, printing and office supplies",0,17,13,30,0
North West,HEALTH,Health Sciences and Training,TRAINING OTHER,Contractors,0,103,0,0,0
North West,HEALTH,Health Sciences and Training,TRAINING OTHER,Inventory: Clothing material and accessories,0,0,23,125,5
North West,HEALTH,Health Sciences and Training,TRAINING OTHER,Inventory: Learner and teacher support material,0,96,81,1079,301
North West,HEALTH,Health Sciences and Training,TRAINING OTHER,Inventory: Medical supplies,41,66,0,35,0
North West,HEALTH,Health Sciences and Training,TRAINING OTHER,Operating payments,12,0,997,1000,2000
North West,HEALTH,Health Sciences and Training,TRAINING OTHER,Property payments,0,-105,0,0,0
North West,HEALTH,Health Sciences and Training,TRAINING OTHER,Training and development,5497,9569,6616,13000,7785
North West,HEALTH,Health Sciences and Training,TRAINING OTHER,Travel and subsistence,4333,6845,4742,7100,10916
North West,HEALTH,Health Sciences and Training,TRAINING OTHER,Venues and facilities,695,704,745,660,660
North West,HEALTH,Health Sciences and Training,TRAINING OTHER,Interest (Incl. interest on unitary payments (PPP)),1,0,0,25,0
North West,HEALTH,Health Sciences and Training,TRAINING OTHER,Departmental agencies (non-business entities),27932,29047,29962,33000,17918
North West,HEALTH,Health Sciences and Training,TRAINING OTHER,Other transfers to households,988,303,193,0,0
North West,HEALTH,Health Sciences and Training,TRAINING OTHER,Social benefits,1,0,0,0,321
North West,HEALTH,Health Sciences and Training,BURSARIES,Travel and subsistence,158,0,0,0,0
North West,HEALTH,Health Sciences and Training,BURSARIES,Other transfers to households,21942,7133,12293,14000,14000
North West,HEALTH,Health Care Support Services,ENGINEERING SERVICES,Other machinery and equipment,3347,1431,3203,8248,2001
North West,HEALTH,Health Care Support Services,ENGINEERING SERVICES,Transport equipment,3114,13078,15974,13124,13377
North West,HEALTH,Health Care Support Services,ENGINEERING SERVICES,Salaries and wages,12515,13717,15622,16156,16156
North West,HEALTH,Health Care Support Services,ENGINEERING SERVICES,Social contributions,2229,2216,2429,3782,3782
North West,HEALTH,Health Care Support Services,ENGINEERING SERVICES,Administrative fees,46,0,0,0,210
North West,HEALTH,Health Care Support Services,ENGINEERING SERVICES,Agency and support/outsourced services,5549,4697,382,2583,793
North West,HEALTH,Health Care Support Services,ENGINEERING SERVICES,Catering: Departmental activities,0,0,0,0,100
North West,HEALTH,Health Care Support Services,ENGINEERING SERVICES,Communication (G&S),5,0,0,0,0
North West,HEALTH,Health Care Support Services,ENGINEERING SERVICES,Computer services,31617,22503,33693,38974,32093
North West,HEALTH,Health Care Support Services,ENGINEERING SERVICES,Consumable supplies,280,228,431,198,238
North West,HEALTH,Health Care Support Services,ENGINEERING SERVICES,"Consumables: Stationery, printing and office supplies",0,186,0,150,230
North West,HEALTH,Health Care Support Services,ENGINEERING SERVICES,Contractors,1731,2507,7299,7000,9214
North West,HEALTH,Health Care Support Services,ENGINEERING SERVICES,Inventory: Clothing material and accessories,232,0,0,400,220
North West,HEALTH,Health Care Support Services,ENGINEERING SERVICES,Inventory: Materials and supplies,1879,2595,1770,2641,241
North West,HEALTH,Health Care Support Services,ENGINEERING SERVICES,Inventory: Medical supplies,2987,3122,1623,2000,3701
North West,HEALTH,Health Care Support Services,ENGINEERING SERVICES,Minor assets,0,300,0,150,269
North West,HEALTH,Health Care Support Services,ENGINEERING SERVICES,Operating payments,180,156,0,60,60
North West,HEALTH,Health Care Support Services,ENGINEERING SERVICES,Training and development,195,0,182,0,0
North West,HEALTH,Health Care Support Services,ENGINEERING SERVICES,Travel and subsistence,606,393,203,270,590
North West,HEALTH,Health Care Support Services,ENGINEERING SERVICES,Venues and facilities,0,47,0,0,200
North West,HEALTH,Health Care Support Services,ENGINEERING SERVICES,Interest (Incl. interest on unitary payments (PPP)),8,0,2,18,18
North West,HEALTH,Health Care Support Services,ENGINEERING SERVICES,Social benefits,74,47,0,59,59
North West,HEALTH,Health Care Support Services,LAUNDRY SERVICES,Other machinery and equipment,0,838,194,4230,2003
North West,HEALTH,Health Care Support Services,LAUNDRY SERVICES,Salaries and wages,17264,17824,18768,19355,19355
North West,HEALTH,Health Care Support Services,LAUNDRY SERVICES,Social contributions,3967,4258,4786,4563,4563
North West,HEALTH,Health Care Support Services,LAUNDRY SERVICES,Communication (G&S),10,0,0,200,200
North West,HEALTH,Health Care Support Services,LAUNDRY SERVICES,Consumable supplies,455,1169,2436,1200,41540
North West,HEALTH,Health Care Support Services,LAUNDRY SERVICES,"Consumables: Stationery, printing and office supplies",0,0,20,40,40
North West,HEALTH,Health Care Support Services,LAUNDRY SERVICES,Contractors,455,615,764,300,1300
North West,HEALTH,Health Care Support Services,LAUNDRY SERVICES,Inventory: Clothing material and accessories,80,0,0,132,132
North West,HEALTH,Health Care Support Services,LAUNDRY SERVICES,Inventory: Materials and supplies,0,0,0,59,59
North West,HEALTH,Health Care Support Services,LAUNDRY SERVICES,Inventory: Medical supplies,0,0,996,919,79
North West,HEALTH,Health Care Support Services,LAUNDRY SERVICES,Minor assets,0,0,0,126,126
North West,HEALTH,Health Care Support Services,LAUNDRY SERVICES,Operating leases,27,20,3,25,25
North West,HEALTH,Health Care Support Services,LAUNDRY SERVICES,Operating payments,0,135,0,0,0
North West,HEALTH,Health Care Support Services,LAUNDRY SERVICES,Property payments,7167,8483,13754,17806,17306
North West,HEALTH,Health Care Support Services,LAUNDRY SERVICES,Travel and subsistence,0,3,2,14,14
North West,HEALTH,Health Care Support Services,LAUNDRY SERVICES,Interest (Incl. interest on unitary payments (PPP)),5,0,24,18,18
North West,HEALTH,Health Care Support Services,LAUNDRY SERVICES,Social benefits,59,27,66,41,41
North West,HEALTH,Health Care Support Services,ORTHOTIC AND PROSTHETIC SERVICES,Other machinery and equipment,814,269,950,2138,634
North West,HEALTH,Health Care Support Services,ORTHOTIC AND PROSTHETIC SERVICES,Salaries and wages,6843,7763,8552,9343,9343
North West,HEALTH,Health Care Support Services,ORTHOTIC AND PROSTHETIC SERVICES,Social contributions,1201,1468,1576,1647,1647
North West,HEALTH,Health Care Support Services,ORTHOTIC AND PROSTHETIC SERVICES,Communication (G&S),2,3,0,17,17
North West,HEALTH,Health Care Support Services,ORTHOTIC AND PROSTHETIC SERVICES,Consultants: Business and advisory services,0,0,2,25,0
North West,HEALTH,Health Care Support Services,ORTHOTIC AND PROSTHETIC SERVICES,Consumable supplies,0,0,0,176,0
North West,HEALTH,Health Care Support Services,ORTHOTIC AND PROSTHETIC SERVICES,"Consumables: Stationery, printing and office supplies",5,0,0,142,73
North West,HEALTH,Health Care Support Services,ORTHOTIC AND PROSTHETIC SERVICES,Inventory: Clothing material and accessories,15,14,45,75,99
North West,HEALTH,Health Care Support Services,ORTHOTIC AND PROSTHETIC SERVICES,"Inventory: Fuel, oil and gas",0,0,29,0,20
North West,HEALTH,Health Care Support Services,ORTHOTIC AND PROSTHETIC SERVICES,Inventory: Materials and supplies,0,0,1,4,77
North West,HEALTH,Health Care Support Services,ORTHOTIC AND PROSTHETIC SERVICES,Inventory: Medical supplies,2063,3907,3474,4268,4529
North West,HEALTH,Health Care Support Services,ORTHOTIC AND PROSTHETIC SERVICES,Minor assets,26,0,47,190,104
North West,HEALTH,Health Care Support Services,ORTHOTIC AND PROSTHETIC SERVICES,Operating leases,20,18,12,83,63
North West,HEALTH,Health Care Support Services,ORTHOTIC AND PROSTHETIC SERVICES,Travel and subsistence,20,11,9,73,71
North West,HEALTH,Health Care Support Services,ORTHOTIC AND PROSTHETIC SERVICES,Interest (Incl. interest on unitary payments (PPP)),0,0,0,14,14
North West,HEALTH,Health Care Support Services,ORTHOTIC AND PROSTHETIC SERVICES,Social benefits,18,0,176,124,124
North West,HEALTH,Health Care Support Services,MEDICINE TRADING ACCOUNT,Other machinery and equipment,0,530,0,400,147
North West,HEALTH,Health Care Support Services,MEDICINE TRADING ACCOUNT,Salaries and wages,31093,36166,38564,40986,41158
North West,HEALTH,Health Care Support Services,MEDICINE TRADING ACCOUNT,Social contributions,6165,6950,7700,8356,8184
North West,HEALTH,Health Care Support Services,MEDICINE TRADING ACCOUNT,Administrative fees,96,32,36,40,80
North West,HEALTH,Health Care Support Services,MEDICINE TRADING ACCOUNT,Advertising,0,7,36,0,0
North West,HEALTH,Health Care Support Services,MEDICINE TRADING ACCOUNT,Agency and support/outsourced services,377,968,346,300,250
North West,HEALTH,Health Care Support Services,MEDICINE TRADING ACCOUNT,Catering: Departmental activities,166,62,217,50,100
North West,HEALTH,Health Care Support Services,MEDICINE TRADING ACCOUNT,Communication (G&S),112,226,125,240,240
North West,HEALTH,Health Care Support Services,MEDICINE TRADING ACCOUNT,Consultants: Business and advisory services,0,0,0,0,0
North West,HEALTH,Health Care Support Services,MEDICINE TRADING ACCOUNT,Consumable supplies,80,102,161,100,185
North West,HEALTH,Health Care Support Services,MEDICINE TRADING ACCOUNT,"Consumables: Stationery, printing and office supplies",943,785,1010,1045,1075
North West,HEALTH,Health Care Support Services,MEDICINE TRADING ACCOUNT,Contractors,9560,7820,10103,10614,10000
North West,HEALTH,Health Care Support Services,MEDICINE TRADING ACCOUNT,Inventory: Clothing material and accessories,0,107,383,300,215
North West,HEALTH,Health Care Support Services,MEDICINE TRADING ACCOUNT,"Inventory: Fuel, oil and gas",496,605,103,520,520
North West,HEALTH,Health Care Support Services,MEDICINE TRADING ACCOUNT,Inventory: Materials and supplies,7,0,0,10,10
North West,HEALTH,Health Care Support Services,MEDICINE TRADING ACCOUNT,Inventory: Medical supplies,74639,91702,63783,100429,105429
North West,HEALTH,Health Care Support Services,MEDICINE TRADING ACCOUNT,Inventory: Medicine,543358,448146,381878,474519,499519
North West,HEALTH,Health Care Support Services,MEDICINE TRADING ACCOUNT,Inventory: Other supplies,0,0,131,0,0
North West,HEALTH,Health Care Support Services,MEDICINE TRADING ACCOUNT,Minor assets,0,142,6,177,172
North West,HEALTH,Health Care Support Services,MEDICINE TRADING ACCOUNT,Operating leases,145,0,0,200,100
North West,HEALTH,Health Care Support Services,MEDICINE TRADING ACCOUNT,Operating payments,0,0,0,150,30
North West,HEALTH,Health Care Support Services,MEDICINE TRADING ACCOUNT,Property payments,1456,19492,61985,1700,1550
North West,HEALTH,Health Care Support Services,MEDICINE TRADING ACCOUNT,Rental and hiring,0,0,10,10,10
North West,HEALTH,Health Care Support Services,MEDICINE TRADING ACCOUNT,Travel and subsistence,598,414,821,313,618
North West,HEALTH,Health Care Support Services,MEDICINE TRADING ACCOUNT,Venues and facilities,0,245,110,0,0
North West,HEALTH,Health Care Support Services,MEDICINE TRADING ACCOUNT,Interest (Incl. interest on unitary payments (PPP)),9,12,6,35,35
North West,HEALTH,Health Care Support Services,MEDICINE TRADING ACCOUNT,Other transfers to households,53,0,0,0,0
North West,HEALTH,Health Care Support Services,MEDICINE TRADING ACCOUNT,Social benefits,10,9,0,45,45
North West,HEALTH,Health Facilities Management,DISTRICT HOSPITAL SERVICES,Buildings,389145,423406,453473,354077,346077
North West,HEALTH,Health Facilities Management,DISTRICT HOSPITAL SERVICES,Other machinery and equipment,76118,129299,23379,55260,56150
North West,HEALTH,Health Facilities Management,DISTRICT HOSPITAL SERVICES,Salaries and wages,20350,17050,23301,22250,25250
North West,HEALTH,Health Facilities Management,DISTRICT HOSPITAL SERVICES,Social contributions,2145,1839,2257,2750,3250
North West,HEALTH,Health Facilities Management,DISTRICT HOSPITAL SERVICES,Administrative fees,148,48,23,350,187
North West,HEALTH,Health Facilities Management,DISTRICT HOSPITAL SERVICES,Advertising,0,0,0,2400,2207
North West,HEALTH,Health Facilities Management,DISTRICT HOSPITAL SERVICES,Catering: Departmental activities,89,38,10,0,100
North West,HEALTH,Health Facilities Management,DISTRICT HOSPITAL SERVICES,Communication (G&S),1,246,4,20,20
North West,HEALTH,Health Facilities Management,DISTRICT HOSPITAL SERVICES,Computer services,0,0,0,0,77
North West,HEALTH,Health Facilities Management,DISTRICT HOSPITAL SERVICES,Consultants: Business and advisory services,0,10371,5,0,0
North West,HEALTH,Health Facilities Management,DISTRICT HOSPITAL SERVICES,Consumable supplies,404,274,389,170,520
North West,HEALTH,Health Facilities Management,DISTRICT HOSPITAL SERVICES,Contractors,4535,7902,17543,10000,14290
North West,HEALTH,Health Facilities Management,DISTRICT HOSPITAL SERVICES,Inventory: Clothing material and accessories,113,0,338,350,100
North West,HEALTH,Health Facilities Management,DISTRICT HOSPITAL SERVICES,Inventory: Farming supplies,0,13,0,0,10
North West,HEALTH,Health Facilities Management,DISTRICT HOSPITAL SERVICES,Inventory: Food and food supplies,0,0,0,500,100
North West,HEALTH,Health Facilities Management,DISTRICT HOSPITAL SERVICES,Inventory: Materials and supplies,1144,600,1101,750,1388
North West,HEALTH,Health Facilities Management,DISTRICT HOSPITAL SERVICES,Inventory: Medical supplies,904,978,1107,2000,1965
North West,HEALTH,Health Facilities Management,DISTRICT HOSPITAL SERVICES,Inventory: Other supplies,0,196,0,0,1400
North West,HEALTH,Health Facilities Management,DISTRICT HOSPITAL SERVICES,Minor assets,2193,2560,2901,7410,5150
North West,HEALTH,Health Facilities Management,DISTRICT HOSPITAL SERVICES,Operating leases,0,-1,0,0,0
North West,HEALTH,Health Facilities Management,DISTRICT HOSPITAL SERVICES,Operating payments,38,0,14,0,86
North West,HEALTH,Health Facilities Management,DISTRICT HOSPITAL SERVICES,Property payments,225852,195823,186090,226668,226278
North West,HEALTH,Health Facilities Management,DISTRICT HOSPITAL SERVICES,Rental and hiring,3,0,0,150,100
North West,HEALTH,Health Facilities Management,DISTRICT HOSPITAL SERVICES,Training and development,3,3,70,200,200
North West,HEALTH,Health Facilities Management,DISTRICT HOSPITAL SERVICES,Travel and subsistence,1652,1736,2525,2250,2450
North West,HEALTH,Health Facilities Management,DISTRICT HOSPITAL SERVICES,Venues and facilities,243,61,55,50,250
North West,HEALTH,Health Facilities Management,DISTRICT HOSPITAL SERVICES,Social benefits,88,243,15,0,0
Northern Cape,HEALTH,Administration,OFFICE OF THE MEC,Other machinery and equipment,395,36,280,0,0
Northern Cape,HEALTH,Administration,OFFICE OF THE MEC,Transport equipment,42,0,0,0,0
Northern Cape,HEALTH,Administration,OFFICE OF THE MEC,Salaries and wages,9439,10250,11648,7403,7403
Northern Cape,HEALTH,Administration,OFFICE OF THE MEC,Social contributions,992,1042,1428,1509,1509
Northern Cape,HEALTH,Administration,OFFICE OF THE MEC,Administrative fees,77,158,82,52,52
Northern Cape,HEALTH,Administration,OFFICE OF THE MEC,Advertising,37,508,0,430,430
Northern Cape,HEALTH,Administration,OFFICE OF THE MEC,Agency and support/outsourced services,0,0,5,0,0
Northern Cape,HEALTH,Administration,OFFICE OF THE MEC,Catering: Departmental activities,138,421,506,317,317
Northern Cape,HEALTH,Administration,OFFICE OF THE MEC,Communication (G&S),334,0,75,485,485
Northern Cape,HEALTH,Administration,OFFICE OF THE MEC,Computer services,0,0,0,390,390
Northern Cape,HEALTH,Administration,OFFICE OF THE MEC,Consultants: Business and advisory services,793,1033,1031,887,887
Northern Cape,HEALTH,Administration,OFFICE OF THE MEC,Consumable supplies,391,598,742,69,69
Northern Cape,HEALTH,Administration,OFFICE OF THE MEC,"Consumables: Stationery, printing and office supplies",12,380,241,259,259
Northern Cape,HEALTH,Administration,OFFICE OF THE MEC,Contractors,5,25,0,102,102
Northern Cape,HEALTH,Administration,OFFICE OF THE MEC,Fleet services (including government motor transport),93,11,0,627,627
Northern Cape,HEALTH,Administration,OFFICE OF THE MEC,Inventory: Food and food supplies,37,42,0,0,0
Northern Cape,HEALTH,Administration,OFFICE OF THE MEC,Inventory: Materials and supplies,0,0,14,0,0
Northern Cape,HEALTH,Administration,OFFICE OF THE MEC,Inventory: Medical supplies,0,186,900,0,0
Northern Cape,HEALTH,Administration,OFFICE OF THE MEC,Inventory: Other supplies,0,38,0,0,0
Northern Cape,HEALTH,Administration,OFFICE OF THE MEC,Minor assets,0,0,0,135,135
Northern Cape,HEALTH,Administration,OFFICE OF THE MEC,Operating leases,0,0,0,118,118
Northern Cape,HEALTH,Administration,OFFICE OF THE MEC,Operating payments,39,0,0,0,0
Northern Cape,HEALTH,Administration,OFFICE OF THE MEC,Property payments,768,2165,1456,1182,1182
Northern Cape,HEALTH,Administration,OFFICE OF THE MEC,Rental and hiring,0,45,0,0,0
Northern Cape,HEALTH,Administration,OFFICE OF THE MEC,Travel and subsistence,814,2692,1650,2386,3986
Northern Cape,HEALTH,Administration,OFFICE OF THE MEC,Venues and facilities,0,299,0,0,0
Northern Cape,HEALTH,Administration,OFFICE OF THE MEC,Interest (Incl. interest on unitary payments (PPP)),21,0,0,0,0
Northern Cape,HEALTH,Administration,OFFICE OF THE MEC,Other transfers to households,251,1568,1214,1600,2000
Northern Cape,HEALTH,Administration,OFFICE OF THE MEC,Social benefits,0,119,221,0,0
Northern Cape,HEALTH,Administration,MANAGEMENT,Buildings,407,412,1125,0,0
Northern Cape,HEALTH,Administration,MANAGEMENT,Other machinery and equipment,3668,6477,3186,2947,2947
Northern Cape,HEALTH,Administration,MANAGEMENT,Transport equipment,928,512,963,0,0
Northern Cape,HEALTH,Administration,MANAGEMENT,Software and other intangible assets,0,7956,0,0,0
Northern Cape,HEALTH,Administration,MANAGEMENT,Salaries and wages,112329,118094,123811,149509,149509
Northern Cape,HEALTH,Administration,MANAGEMENT,Social contributions,17831,19020,20251,30551,30551
Northern Cape,HEALTH,Administration,MANAGEMENT,Administrative fees,139,310,527,1075,1075
Northern Cape,HEALTH,Administration,MANAGEMENT,Advertising,528,27,206,1013,1013
Northern Cape,HEALTH,Administration,MANAGEMENT,Agency and support/outsourced services,8624,34,387,0,0
Northern Cape,HEALTH,Administration,MANAGEMENT,Audit costs: External,11043,17173,12210,13832,13832
Northern Cape,HEALTH,Administration,MANAGEMENT,Bursaries: Employees,30,0,7,0,0
Northern Cape,HEALTH,Administration,MANAGEMENT,Catering: Departmental activities,459,375,488,0,0
Northern Cape,HEALTH,Administration,MANAGEMENT,Communication (G&S),14110,-282,13768,14601,14601
Northern Cape,HEALTH,Administration,MANAGEMENT,Computer services,10882,0,14367,7102,7102
Northern Cape,HEALTH,Administration,MANAGEMENT,Consultants: Business and advisory services,803,483,831,21,21
Northern Cape,HEALTH,Administration,MANAGEMENT,Consumable supplies,1638,2067,1071,1522,1522
Northern Cape,HEALTH,Administration,MANAGEMENT,"Consumables: Stationery, printing and office supplies",3454,5746,3251,2704,2704
Northern Cape,HEALTH,Administration,MANAGEMENT,Contractors,87,875,1747,2382,2382
Northern Cape,HEALTH,Administration,MANAGEMENT,Fleet services (including government motor transport),7802,2067,2521,14307,14307
Northern Cape,HEALTH,Administration,MANAGEMENT,Inventory: Clothing material and accessories,118,22,0,0,0
Northern Cape,HEALTH,Administration,MANAGEMENT,Inventory: Food and food supplies,350,386,50,0,0
Northern Cape,HEALTH,Administration,MANAGEMENT,"Inventory: Fuel, oil and gas",24,50,0,0,0
Northern Cape,HEALTH,Administration,MANAGEMENT,Inventory: Materials and supplies,44,542,1,0,0
Northern Cape,HEALTH,Administration,MANAGEMENT,Inventory: Medical supplies,2472,0,1569,0,0
Northern Cape,HEALTH,Administration,MANAGEMENT,Inventory: Medicine,0,0,33,0,0
Northern Cape,HEALTH,Administration,MANAGEMENT,Inventory: Other supplies,1,412,7,0,0
Northern Cape,HEALTH,Administration,MANAGEMENT,Legal services (G&S),28927,0,23963,6743,6743
Northern Cape,HEALTH,Administration,MANAGEMENT,Minor assets,127,1565,161,310,310
Northern Cape,HEALTH,Administration,MANAGEMENT,Operating leases,885,180,812,5238,5238
Northern Cape,HEALTH,Administration,MANAGEMENT,Operating payments,380,183,3,519,519
Northern Cape,HEALTH,Administration,MANAGEMENT,Property payments,30782,12077,11583,2354,2354
Northern Cape,HEALTH,Administration,MANAGEMENT,Rental and hiring,-3,0,0,0,0
Northern Cape,HEALTH,Administration,MANAGEMENT,Science and technological services,0,15707,0,0,0
Northern Cape,HEALTH,Administration,MANAGEMENT,Training and development,27,32,0,215,215
Northern Cape,HEALTH,Administration,MANAGEMENT,Travel and subsistence,4165,5336,7426,7562,37562
Northern Cape,HEALTH,Administration,MANAGEMENT,Venues and facilities,121,745,460,444,444
Northern Cape,HEALTH,Administration,MANAGEMENT,Interest (Incl. interest on unitary payments (PPP)),565,1824,1102,0,0
Northern Cape,HEALTH,Administration,MANAGEMENT,Other transfers to households,0,21072,759,0,3000
Northern Cape,HEALTH,Administration,MANAGEMENT,Social benefits,294,82,345,161,161
Northern Cape,HEALTH,Administration,MANAGEMENT,Provincial Revenue Funds,444,189,173,0,0
Northern Cape,HEALTH,District Health Services,DISTRICT MANAGEMENT,Other machinery and equipment,2324,2028,10657,845,845
Northern Cape,HEALTH,District Health Services,DISTRICT MANAGEMENT,Transport equipment,2369,1210,3616,0,0
Northern Cape,HEALTH,District Health Services,DISTRICT MANAGEMENT,Salaries and wages,219256,209185,161418,138317,138317
Northern Cape,HEALTH,District Health Services,DISTRICT MANAGEMENT,Social contributions,18985,18529,20782,28368,28368
Northern Cape,HEALTH,District Health Services,DISTRICT MANAGEMENT,Administrative fees,28,30,32,73,73
Northern Cape,HEALTH,District Health Services,DISTRICT MANAGEMENT,Advertising,469,2,137,1,1
Northern Cape,HEALTH,District Health Services,DISTRICT MANAGEMENT,Agency and support/outsourced services,13447,11345,21195,8574,8574
Northern Cape,HEALTH,District Health Services,DISTRICT MANAGEMENT,Bursaries: Employees,0,0,5,0,0
Northern Cape,HEALTH,District Health Services,DISTRICT MANAGEMENT,Catering: Departmental activities,3252,5511,2420,665,665
Northern Cape,HEALTH,District Health Services,DISTRICT MANAGEMENT,Communication (G&S),932,51,1589,53,53
Northern Cape,HEALTH,District Health Services,DISTRICT MANAGEMENT,Computer services,2626,577,3993,777,777
Northern Cape,HEALTH,District Health Services,DISTRICT MANAGEMENT,Consumable supplies,2855,1884,2921,867,867
Northern Cape,HEALTH,District Health Services,DISTRICT MANAGEMENT,"Consumables: Stationery, printing and office supplies",4105,2703,3227,1770,1770
Northern Cape,HEALTH,District Health Services,DISTRICT MANAGEMENT,Contractors,171,2646,283,2239,2239
Northern Cape,HEALTH,District Health Services,DISTRICT MANAGEMENT,Fleet services (including government motor transport),5510,4430,1187,786,786
Northern Cape,HEALTH,District Health Services,DISTRICT MANAGEMENT,Inventory: Clothing material and accessories,584,231,8,6,6
Northern Cape,HEALTH,District Health Services,DISTRICT MANAGEMENT,Inventory: Farming supplies,0,3,3,0,0
Northern Cape,HEALTH,District Health Services,DISTRICT MANAGEMENT,Inventory: Food and food supplies,49,199,227,328,328
Northern Cape,HEALTH,District Health Services,DISTRICT MANAGEMENT,"Inventory: Fuel, oil and gas",679,387,61,0,0
Northern Cape,HEALTH,District Health Services,DISTRICT MANAGEMENT,Inventory: Materials and supplies,119,216,1066,118,118
Northern Cape,HEALTH,District Health Services,DISTRICT MANAGEMENT,Inventory: Medical supplies,7406,1565,2217,1335,6335
Northern Cape,HEALTH,District Health Services,DISTRICT MANAGEMENT,Inventory: Medicine,0,88248,152813,0,0
Northern Cape,HEALTH,District Health Services,DISTRICT MANAGEMENT,Inventory: Other supplies,407,545,766,0,0
Northern Cape,HEALTH,District Health Services,DISTRICT MANAGEMENT,Laboratory services,0,172,0,122,122
Northern Cape,HEALTH,District Health Services,DISTRICT MANAGEMENT,Minor assets,189,206,584,993,993
Northern Cape,HEALTH,District Health Services,DISTRICT MANAGEMENT,Operating leases,9179,6697,1606,8516,8516
Northern Cape,HEALTH,District Health Services,DISTRICT MANAGEMENT,Operating payments,787,515,428,855,855
Northern Cape,HEALTH,District Health Services,DISTRICT MANAGEMENT,Property payments,43230,6097,22412,7577,12577
Northern Cape,HEALTH,District Health Services,DISTRICT MANAGEMENT,Rental and hiring,0,58,27,0,0
Northern Cape,HEALTH,District Health Services,DISTRICT MANAGEMENT,Training and development,1354,568,325,27,27
Northern Cape,HEALTH,District Health Services,DISTRICT MANAGEMENT,Travel and subsistence,6126,9930,10333,3833,3833
Northern Cape,HEALTH,District Health Services,DISTRICT MANAGEMENT,Venues and facilities,486,911,554,265,265
Northern Cape,HEALTH,District Health Services,DISTRICT MANAGEMENT,Interest (Incl. interest on unitary payments (PPP)),20,1883,124,0,0
Northern Cape,HEALTH,District Health Services,DISTRICT MANAGEMENT,Other transfers to households,0,-3418,78,0,0
Northern Cape,HEALTH,District Health Services,DISTRICT MANAGEMENT,Social benefits,1227,420,964,0,0
Northern Cape,HEALTH,District Health Services,DISTRICT MANAGEMENT,Provincial Revenue Funds,0,7,87,43,43
Northern Cape,HEALTH,District Health Services,COMMUNITY HEALTH CLINICS,Buildings,724,41,0,0,0
Northern Cape,HEALTH,District Health Services,COMMUNITY HEALTH CLINICS,Other machinery and equipment,545,425,455,1109,1109
Northern Cape,HEALTH,District Health Services,COMMUNITY HEALTH CLINICS,Software and other intangible assets,0,55,0,0,0
Northern Cape,HEALTH,District Health Services,COMMUNITY HEALTH CLINICS,Salaries and wages,313731,339856,404100,359693,366189
Northern Cape,HEALTH,District Health Services,COMMUNITY HEALTH CLINICS,Social contributions,49875,56026,65251,68289,72104
Northern Cape,HEALTH,District Health Services,COMMUNITY HEALTH CLINICS,Administrative fees,126,2,0,2,2
Northern Cape,HEALTH,District Health Services,COMMUNITY HEALTH CLINICS,Advertising,0,305,74,129,129
Northern Cape,HEALTH,District Health Services,COMMUNITY HEALTH CLINICS,Agency and support/outsourced services,31809,35537,23984,35692,35692
Northern Cape,HEALTH,District Health Services,COMMUNITY HEALTH CLINICS,Bursaries: Employees,0,0,0,50,50
Northern Cape,HEALTH,District Health Services,COMMUNITY HEALTH CLINICS,Catering: Departmental activities,193,169,548,124,124
Northern Cape,HEALTH,District Health Services,COMMUNITY HEALTH CLINICS,Communication (G&S),4,18,3325,214,214
Northern Cape,HEALTH,District Health Services,COMMUNITY HEALTH CLINICS,Computer services,0,0,941,31,31
Northern Cape,HEALTH,District Health Services,COMMUNITY HEALTH CLINICS,Consumable supplies,2867,4523,3993,6164,6164
Northern Cape,HEALTH,District Health Services,COMMUNITY HEALTH CLINICS,"Consumables: Stationery, printing and office supplies",1642,2801,1469,3441,3441
Northern Cape,HEALTH,District Health Services,COMMUNITY HEALTH CLINICS,Contractors,820,5726,3037,4201,4201
Northern Cape,HEALTH,District Health Services,COMMUNITY HEALTH CLINICS,Fleet services (including government motor transport),1,0,8215,980,980
Northern Cape,HEALTH,District Health Services,COMMUNITY HEALTH CLINICS,Inventory: Farming supplies,11,12,17,1,1
Northern Cape,HEALTH,District Health Services,COMMUNITY HEALTH CLINICS,Inventory: Food and food supplies,38,159,86,77,77
Northern Cape,HEALTH,District Health Services,COMMUNITY HEALTH CLINICS,"Inventory: Fuel, oil and gas",1034,1870,63,2128,2128
Northern Cape,HEALTH,District Health Services,COMMUNITY HEALTH CLINICS,Inventory: Materials and supplies,87,265,1014,288,288
Northern Cape,HEALTH,District Health Services,COMMUNITY HEALTH CLINICS,Inventory: Medical supplies,4949,16878,18224,8867,8867
Northern Cape,HEALTH,District Health Services,COMMUNITY HEALTH CLINICS,Inventory: Medicine,18001,71375,1155,111166,111166
Northern Cape,HEALTH,District Health Services,COMMUNITY HEALTH CLINICS,Inventory: Other supplies,228,939,971,0,0
Northern Cape,HEALTH,District Health Services,COMMUNITY HEALTH CLINICS,Laboratory services,10,9305,486,24852,24852
Northern Cape,HEALTH,District Health Services,COMMUNITY HEALTH CLINICS,Minor assets,233,648,193,1692,1692
Northern Cape,HEALTH,District Health Services,COMMUNITY HEALTH CLINICS,Operating leases,251,352,548,1401,1401
Northern Cape,HEALTH,District Health Services,COMMUNITY HEALTH CLINICS,Operating payments,42,139,13,152,152
Northern Cape,HEALTH,District Health Services,COMMUNITY HEALTH CLINICS,Property payments,94765,80025,107815,35887,35887
Northern Cape,HEALTH,District Health Services,COMMUNITY HEALTH CLINICS,Rental and hiring,143,385,818,0,0
Northern Cape,HEALTH,District Health Services,COMMUNITY HEALTH CLINICS,Transport provided: Departmental activity,0,0,0,0,0
Northern Cape,HEALTH,District Health Services,COMMUNITY HEALTH CLINICS,Travel and subsistence,1089,1454,1753,1113,1113
Northern Cape,HEALTH,District Health Services,COMMUNITY HEALTH CLINICS,Venues and facilities,59,15,11,6,6
Northern Cape,HEALTH,District Health Services,COMMUNITY HEALTH CLINICS,Interest (Incl. interest on unitary payments (PPP)),93,3000,276,0,0
Northern Cape,HEALTH,District Health Services,COMMUNITY HEALTH CLINICS,Other transfers to households,0,129,0,0,0
Northern Cape,HEALTH,District Health Services,COMMUNITY HEALTH CLINICS,Social benefits,2409,2057,1969,1425,8425
Northern Cape,HEALTH,District Health Services,COMMUNITY HEALTH CLINICS,Municipal bank accounts,54,13,9,11233,11233
Northern Cape,HEALTH,District Health Services,COMMUNITY HEALTH CENTRES,Buildings,305,-389,465,0,0
Northern Cape,HEALTH,District Health Services,COMMUNITY HEALTH CENTRES,Other machinery and equipment,392,3053,4380,4418,4418
Northern Cape,HEALTH,District Health Services,COMMUNITY HEALTH CENTRES,Software and other intangible assets,0,117,0,0,0
Northern Cape,HEALTH,District Health Services,COMMUNITY HEALTH CENTRES,Salaries and wages,270509,246297,303095,258808,268808
Northern Cape,HEALTH,District Health Services,COMMUNITY HEALTH CENTRES,Social contributions,35433,35724,41836,52512,52512
Northern Cape,HEALTH,District Health Services,COMMUNITY HEALTH CENTRES,Administrative fees,0,2,1,2,2
Northern Cape,HEALTH,District Health Services,COMMUNITY HEALTH CENTRES,Advertising,0,57,0,0,0
Northern Cape,HEALTH,District Health Services,COMMUNITY HEALTH CENTRES,Agency and support/outsourced services,9805,10388,8474,7926,7926
Northern Cape,HEALTH,District Health Services,COMMUNITY HEALTH CENTRES,Bursaries: Employees,0,0,0,6,6
Northern Cape,HEALTH,District Health Services,COMMUNITY HEALTH CENTRES,Catering: Departmental activities,121,203,267,43,43
Northern Cape,HEALTH,District Health Services,COMMUNITY HEALTH CENTRES,Communication (G&S),1572,5,97,85,85
Northern Cape,HEALTH,District Health Services,COMMUNITY HEALTH CENTRES,Computer services,0,0,0,1593,1593
Northern Cape,HEALTH,District Health Services,COMMUNITY HEALTH CENTRES,Consultants: Business and advisory services,0,0,5,0,0
Northern Cape,HEALTH,District Health Services,COMMUNITY HEALTH CENTRES,Consumable supplies,4348,5811,4901,6249,6249
Northern Cape,HEALTH,District Health Services,COMMUNITY HEALTH CENTRES,"Consumables: Stationery, printing and office supplies",2176,3909,2153,1571,1571
Northern Cape,HEALTH,District Health Services,COMMUNITY HEALTH CENTRES,Contractors,1461,5901,2757,3129,3129
Northern Cape,HEALTH,District Health Services,COMMUNITY HEALTH CENTRES,Fleet services (including government motor transport),174,464,2051,4457,4457
Northern Cape,HEALTH,District Health Services,COMMUNITY HEALTH CENTRES,Inventory: Clothing material and accessories,3,17,23,4,4
Northern Cape,HEALTH,District Health Services,COMMUNITY HEALTH CENTRES,Inventory: Farming supplies,9,46,25,1,1
Northern Cape,HEALTH,District Health Services,COMMUNITY HEALTH CENTRES,Inventory: Food and food supplies,948,1348,1039,659,659
Northern Cape,HEALTH,District Health Services,COMMUNITY HEALTH CENTRES,"Inventory: Fuel, oil and gas",9553,12995,2772,3517,3517
Northern Cape,HEALTH,District Health Services,COMMUNITY HEALTH CENTRES,Inventory: Materials and supplies,219,1065,484,208,208
Northern Cape,HEALTH,District Health Services,COMMUNITY HEALTH CENTRES,Inventory: Medical supplies,9055,22025,18967,14457,16457
Northern Cape,HEALTH,District Health Services,COMMUNITY HEALTH CENTRES,Inventory: Medicine,5716,49808,1966,14273,14273
Northern Cape,HEALTH,District Health Services,COMMUNITY HEALTH CENTRES,Inventory: Other supplies,1329,3051,1212,0,0
Northern Cape,HEALTH,District Health Services,COMMUNITY HEALTH CENTRES,Laboratory services,2,1105,0,13053,16053
Northern Cape,HEALTH,District Health Services,COMMUNITY HEALTH CENTRES,Minor assets,132,506,369,2238,2238
Northern Cape,HEALTH,District Health Services,COMMUNITY HEALTH CENTRES,Operating leases,1171,108,315,3249,3249
Northern Cape,HEALTH,District Health Services,COMMUNITY HEALTH CENTRES,Operating payments,27,135,87,540,540
Northern Cape,HEALTH,District Health Services,COMMUNITY HEALTH CENTRES,Property payments,38407,43106,60636,22925,27925
Northern Cape,HEALTH,District Health Services,COMMUNITY HEALTH CENTRES,Rental and hiring,0,151,120,0,0
Northern Cape,HEALTH,District Health Services,COMMUNITY HEALTH CENTRES,Travel and subsistence,1708,1245,1878,844,844
Northern Cape,HEALTH,District Health Services,COMMUNITY HEALTH CENTRES,Venues and facilities,1,12,54,2,2
Northern Cape,HEALTH,District Health Services,COMMUNITY HEALTH CENTRES,Interest (Incl. interest on unitary payments (PPP)),289,1016,310,0,0
Northern Cape,HEALTH,District Health Services,COMMUNITY HEALTH CENTRES,Other transfers to households,0,688,0,0,0
Northern Cape,HEALTH,District Health Services,COMMUNITY HEALTH CENTRES,Social benefits,1420,1170,765,2952,2952
Northern Cape,HEALTH,District Health Services,COMMUNITY HEALTH CENTRES,Municipal bank accounts,0,36,31,125,125
Northern Cape,HEALTH,District Health Services,COMMUNITY HEALTH CENTRES,Provincial agencies and funds,101,0,0,0,0
Northern Cape,HEALTH,District Health Services,OTHER COMMUNITY SERVICES,Other machinery and equipment,732,413,554,1871,1871
Northern Cape,HEALTH,District Health Services,OTHER COMMUNITY SERVICES,Salaries and wages,23390,95992,124265,157852,183312
Northern Cape,HEALTH,District Health Services,OTHER COMMUNITY SERVICES,Social contributions,3311,3527,3384,11282,26234
Northern Cape,HEALTH,District Health Services,OTHER COMMUNITY SERVICES,Administrative fees,18,13,24,159,159
Northern Cape,HEALTH,District Health Services,OTHER COMMUNITY SERVICES,Advertising,34,112,0,483,483
Northern Cape,HEALTH,District Health Services,OTHER COMMUNITY SERVICES,Agency and support/outsourced services,4329,12787,6633,0,0
Northern Cape,HEALTH,District Health Services,OTHER COMMUNITY SERVICES,Catering: Departmental activities,253,241,918,1215,1215
Northern Cape,HEALTH,District Health Services,OTHER COMMUNITY SERVICES,Communication (G&S),0,1,2764,24,24
Northern Cape,HEALTH,District Health Services,OTHER COMMUNITY SERVICES,Computer services,0,0,0,92,92
Northern Cape,HEALTH,District Health Services,OTHER COMMUNITY SERVICES,Consumable supplies,633,865,952,205,205
Northern Cape,HEALTH,District Health Services,OTHER COMMUNITY SERVICES,"Consumables: Stationery, printing and office supplies",746,582,623,1606,1606
Northern Cape,HEALTH,District Health Services,OTHER COMMUNITY SERVICES,Contractors,77,140,78,1185,1185
Northern Cape,HEALTH,District Health Services,OTHER COMMUNITY SERVICES,Fleet services (including government motor transport),0,4,0,0,0
Northern Cape,HEALTH,District Health Services,OTHER COMMUNITY SERVICES,Inventory: Clothing material and accessories,14,0,0,0,0
Northern Cape,HEALTH,District Health Services,OTHER COMMUNITY SERVICES,"Inventory: Fuel, oil and gas",1000,31,51,0,0
Northern Cape,HEALTH,District Health Services,OTHER COMMUNITY SERVICES,Inventory: Materials and supplies,13,11,0,80,80
Northern Cape,HEALTH,District Health Services,OTHER COMMUNITY SERVICES,Inventory: Medical supplies,482,728,776,6991,21422
Northern Cape,HEALTH,District Health Services,OTHER COMMUNITY SERVICES,Inventory: Medicine,0,1510,2354,3861,3861
Northern Cape,HEALTH,District Health Services,OTHER COMMUNITY SERVICES,Inventory: Other supplies,156,333,8,0,0
Northern Cape,HEALTH,District Health Services,OTHER COMMUNITY SERVICES,Laboratory services,8,21250,15699,4771,30063
Northern Cape,HEALTH,District Health Services,OTHER COMMUNITY SERVICES,Minor assets,2,230,30,489,489
Northern Cape,HEALTH,District Health Services,OTHER COMMUNITY SERVICES,Operating leases,0,0,0,17326,28187
Northern Cape,HEALTH,District Health Services,OTHER COMMUNITY SERVICES,Operating payments,66,417,71,0,0
Northern Cape,HEALTH,District Health Services,OTHER COMMUNITY SERVICES,Property payments,586,1609,42,1202,1202
Northern Cape,HEALTH,District Health Services,OTHER COMMUNITY SERVICES,Rental and hiring,0,0,291,0,0
Northern Cape,HEALTH,District Health Services,OTHER COMMUNITY SERVICES,Training and development,0,0,494,3884,3884
Northern Cape,HEALTH,District Health Services,OTHER COMMUNITY SERVICES,Transport provided: Departmental activity,0,0,0,1046,1046
Northern Cape,HEALTH,District Health Services,OTHER COMMUNITY SERVICES,Travel and subsistence,1601,1281,2192,6493,6493
Northern Cape,HEALTH,District Health Services,OTHER COMMUNITY SERVICES,Venues and facilities,16,180,496,154,154
Northern Cape,HEALTH,District Health Services,OTHER COMMUNITY SERVICES,Interest (Incl. interest on unitary payments (PPP)),0,6711,2527,0,0
Northern Cape,HEALTH,District Health Services,OTHER COMMUNITY SERVICES,Social benefits,73,0,41,0,0
Northern Cape,HEALTH,District Health Services,HIV/AIDS,Other machinery and equipment,2794,11904,8624,4409,4409
Northern Cape,HEALTH,District Health Services,HIV/AIDS,Transport equipment,0,557,12455,0,0
Northern Cape,HEALTH,District Health Services,HIV/AIDS,Software and other intangible assets,14318,0,0,0,0
Northern Cape,HEALTH,District Health Services,HIV/AIDS,Salaries and wages,262618,250724,184395,195315,195315
Northern Cape,HEALTH,District Health Services,HIV/AIDS,Social contributions,24342,35026,26210,84912,84912
Northern Cape,HEALTH,District Health Services,HIV/AIDS,Administrative fees,1051,223,638,2,2
Northern Cape,HEALTH,District Health Services,HIV/AIDS,Advertising,2778,6168,1446,2486,2486
Northern Cape,HEALTH,District Health Services,HIV/AIDS,Agency and support/outsourced services,91691,71279,54079,18213,18213
Northern Cape,HEALTH,District Health Services,HIV/AIDS,Audit costs: External,6311,0,7051,0,0
Northern Cape,HEALTH,District Health Services,HIV/AIDS,Bursaries: Employees,0,0,6,9,9
Northern Cape,HEALTH,District Health Services,HIV/AIDS,Catering: Departmental activities,5827,3244,1578,2620,2620
Northern Cape,HEALTH,District Health Services,HIV/AIDS,Communication (G&S),10923,17,4740,0,0
Northern Cape,HEALTH,District Health Services,HIV/AIDS,Consumable supplies,3593,1370,1839,0,0
Northern Cape,HEALTH,District Health Services,HIV/AIDS,"Consumables: Stationery, printing and office supplies",8096,847,4223,5989,5989
Northern Cape,HEALTH,District Health Services,HIV/AIDS,Contractors,19902,6940,7821,35962,35962
Northern Cape,HEALTH,District Health Services,HIV/AIDS,Fleet services (including government motor transport),27709,3,100,0,0
Northern Cape,HEALTH,District Health Services,HIV/AIDS,Inventory: Clothing material and accessories,1244,7,0,820,820
Northern Cape,HEALTH,District Health Services,HIV/AIDS,Inventory: Food and food supplies,13720,10624,8439,40863,40863
Northern Cape,HEALTH,District Health Services,HIV/AIDS,"Inventory: Fuel, oil and gas",126,0,421,0,0
Northern Cape,HEALTH,District Health Services,HIV/AIDS,Inventory: Materials and supplies,26,12,0,2209,2209
Northern Cape,HEALTH,District Health Services,HIV/AIDS,Inventory: Medical supplies,11609,16992,14729,36419,36419
Northern Cape,HEALTH,District Health Services,HIV/AIDS,Inventory: Medicine,97042,44746,154276,163356,163356
Northern Cape,HEALTH,District Health Services,HIV/AIDS,Inventory: Other supplies,747,2209,1257,0,0
Northern Cape,HEALTH,District Health Services,HIV/AIDS,Laboratory services,128833,85675,94103,66839,66839
Northern Cape,HEALTH,District Health Services,HIV/AIDS,Legal services (G&S),2982,0,0,0,0
Northern Cape,HEALTH,District Health Services,HIV/AIDS,Minor assets,1234,2515,1189,32,32
Northern Cape,HEALTH,District Health Services,HIV/AIDS,Operating leases,15,0,38,0,0
Northern Cape,HEALTH,District Health Services,HIV/AIDS,Operating payments,36,18,9,0,0
Northern Cape,HEALTH,District Health Services,HIV/AIDS,Property payments,9093,50,14224,0,0
Northern Cape,HEALTH,District Health Services,HIV/AIDS,Rental and hiring,497,468,80,409,409
Northern Cape,HEALTH,District Health Services,HIV/AIDS,Training and development,478,64,171,7018,7018
Northern Cape,HEALTH,District Health Services,HIV/AIDS,Transport provided: Departmental activity,0,0,2,0,0
Northern Cape,HEALTH,District Health Services,HIV/AIDS,Travel and subsistence,11723,5648,8924,13884,13884
Northern Cape,HEALTH,District Health Services,HIV/AIDS,Venues and facilities,1878,2291,1866,0,0
Northern Cape,HEALTH,District Health Services,HIV/AIDS,Interest (Incl. interest on unitary payments (PPP)),9117,31,2288,0,0
Northern Cape,HEALTH,District Health Services,HIV/AIDS,Other transfers to households,16,51,0,0,0
Northern Cape,HEALTH,District Health Services,HIV/AIDS,Social benefits,494,1186,892,0,0
Northern Cape,HEALTH,District Health Services,HIV/AIDS,Municipal bank accounts,0,0,0,3538,3538
Northern Cape,HEALTH,District Health Services,HIV/AIDS,Provincial agencies and funds,0,0,299,0,0
Northern Cape,HEALTH,District Health Services,NUTRITION,Other machinery and equipment,132,438,304,122,122
Northern Cape,HEALTH,District Health Services,NUTRITION,Salaries and wages,1479,804,4222,2584,2584
Northern Cape,HEALTH,District Health Services,NUTRITION,Social contributions,280,160,832,545,545
Northern Cape,HEALTH,District Health Services,NUTRITION,Administrative fees,0,1,0,362,362
Northern Cape,HEALTH,District Health Services,NUTRITION,Advertising,260,74,53,1022,1022
Northern Cape,HEALTH,District Health Services,NUTRITION,Agency and support/outsourced services,0,15,0,0,0
Northern Cape,HEALTH,District Health Services,NUTRITION,Catering: Departmental activities,201,37,103,218,218
Northern Cape,HEALTH,District Health Services,NUTRITION,Consumable supplies,17,0,0,60,60
Northern Cape,HEALTH,District Health Services,NUTRITION,"Consumables: Stationery, printing and office supplies",820,194,158,260,260
Northern Cape,HEALTH,District Health Services,NUTRITION,Contractors,0,11,0,0,0
Northern Cape,HEALTH,District Health Services,NUTRITION,Fleet services (including government motor transport),0,32,0,0,0
Northern Cape,HEALTH,District Health Services,NUTRITION,Inventory: Clothing material and accessories,10,0,0,32,32
Northern Cape,HEALTH,District Health Services,NUTRITION,Inventory: Food and food supplies,487,716,409,1164,1164
Northern Cape,HEALTH,District Health Services,NUTRITION,Inventory: Materials and supplies,7,0,51,178,178
Northern Cape,HEALTH,District Health Services,NUTRITION,Inventory: Medical supplies,3,87,0,0,0
Northern Cape,HEALTH,District Health Services,NUTRITION,Inventory: Other supplies,207,68,46,0,0
Northern Cape,HEALTH,District Health Services,NUTRITION,Minor assets,570,210,17,366,366
Northern Cape,HEALTH,District Health Services,NUTRITION,Operating payments,0,45,0,0,0
Northern Cape,HEALTH,District Health Services,NUTRITION,Rental and hiring,3,0,14,0,0
Northern Cape,HEALTH,District Health Services,NUTRITION,Training and development,0,0,0,89,89
Northern Cape,HEALTH,District Health Services,NUTRITION,Travel and subsistence,24,47,115,126,126
Northern Cape,HEALTH,District Health Services,NUTRITION,Venues and facilities,4,19,0,76,76
Northern Cape,HEALTH,District Health Services,NUTRITION,Other transfers to households,0,13,0,0,0
Northern Cape,HEALTH,District Health Services,DISTRICT HOSPITALS,Buildings,0,267,910,0,0
Northern Cape,HEALTH,District Health Services,DISTRICT HOSPITALS,Other machinery and equipment,11295,5583,6548,13276,13276
Northern Cape,HEALTH,District Health Services,DISTRICT HOSPITALS,Transport equipment,188,0,0,0,0
Northern Cape,HEALTH,District Health Services,DISTRICT HOSPITALS,Salaries and wages,443269,461549,525320,504508,504508
Northern Cape,HEALTH,District Health Services,DISTRICT HOSPITALS,Social contributions,52357,57959,63623,76823,76823
Northern Cape,HEALTH,District Health Services,DISTRICT HOSPITALS,Administrative fees,41,16,8,189,189
Northern Cape,HEALTH,District Health Services,DISTRICT HOSPITALS,Advertising,0,0,605,225,225
Northern Cape,HEALTH,District Health Services,DISTRICT HOSPITALS,Agency and support/outsourced services,5687,3998,2720,25070,25070
Northern Cape,HEALTH,District Health Services,DISTRICT HOSPITALS,Bursaries: Employees,0,0,0,152,152
Northern Cape,HEALTH,District Health Services,DISTRICT HOSPITALS,Catering: Departmental activities,455,350,235,930,930
Northern Cape,HEALTH,District Health Services,DISTRICT HOSPITALS,Communication (G&S),1054,142,1515,1853,1853
Northern Cape,HEALTH,District Health Services,DISTRICT HOSPITALS,Computer services,5251,0,0,1224,1224
Northern Cape,HEALTH,District Health Services,DISTRICT HOSPITALS,Consultants: Business and advisory services,0,3,5,423,423
Northern Cape,HEALTH,District Health Services,DISTRICT HOSPITALS,Consumable supplies,10289,10582,9513,10951,10951
Northern Cape,HEALTH,District Health Services,DISTRICT HOSPITALS,"Consumables: Stationery, printing and office supplies",3573,4713,3899,6967,6967
Northern Cape,HEALTH,District Health Services,DISTRICT HOSPITALS,Contractors,5216,12750,3497,13872,13872
Northern Cape,HEALTH,District Health Services,DISTRICT HOSPITALS,Fleet services (including government motor transport),14976,362,1981,8553,8553
Northern Cape,HEALTH,District Health Services,DISTRICT HOSPITALS,Inventory: Clothing material and accessories,12,229,620,584,584
Northern Cape,HEALTH,District Health Services,DISTRICT HOSPITALS,Inventory: Farming supplies,3,0,0,3,3
Northern Cape,HEALTH,District Health Services,DISTRICT HOSPITALS,Inventory: Food and food supplies,12207,10832,9056,2736,2736
Northern Cape,HEALTH,District Health Services,DISTRICT HOSPITALS,"Inventory: Fuel, oil and gas",12461,11398,2382,7716,7716
Northern Cape,HEALTH,District Health Services,DISTRICT HOSPITALS,Inventory: Materials and supplies,114,538,1133,1579,1579
Northern Cape,HEALTH,District Health Services,DISTRICT HOSPITALS,Inventory: Medical supplies,31513,52974,40694,31844,31844
Northern Cape,HEALTH,District Health Services,DISTRICT HOSPITALS,Inventory: Medicine,6308,26833,1831,33974,33974
Northern Cape,HEALTH,District Health Services,DISTRICT HOSPITALS,Inventory: Other supplies,2726,2265,4456,0,0
Northern Cape,HEALTH,District Health Services,DISTRICT HOSPITALS,Laboratory services,0,39696,1754,45545,45545
Northern Cape,HEALTH,District Health Services,DISTRICT HOSPITALS,Minor assets,209,1403,871,5152,5152
Northern Cape,HEALTH,District Health Services,DISTRICT HOSPITALS,Operating leases,162,0,0,12526,12526
Northern Cape,HEALTH,District Health Services,DISTRICT HOSPITALS,Operating payments,93,423,171,906,906
Northern Cape,HEALTH,District Health Services,DISTRICT HOSPITALS,Property payments,48884,45028,50603,62340,62340
Northern Cape,HEALTH,District Health Services,DISTRICT HOSPITALS,Rental and hiring,152,37,95,0,0
Northern Cape,HEALTH,District Health Services,DISTRICT HOSPITALS,Science and technological services,0,540,0,0,0
Northern Cape,HEALTH,District Health Services,DISTRICT HOSPITALS,Training and development,0,0,0,264,264
Northern Cape,HEALTH,District Health Services,DISTRICT HOSPITALS,Transport provided: Departmental activity,0,15951,0,2,2
Northern Cape,HEALTH,District Health Services,DISTRICT HOSPITALS,Travel and subsistence,2061,2297,3060,4128,4128
Northern Cape,HEALTH,District Health Services,DISTRICT HOSPITALS,Venues and facilities,82,49,101,103,103
Northern Cape,HEALTH,District Health Services,DISTRICT HOSPITALS,Interest (Incl. interest on unitary payments (PPP)),280,3908,529,0,0
Northern Cape,HEALTH,District Health Services,DISTRICT HOSPITALS,Other transfers to households,0,9398,0,0,0
Northern Cape,HEALTH,District Health Services,DISTRICT HOSPITALS,Social benefits,1324,1902,1658,3374,3374
Northern Cape,HEALTH,District Health Services,DISTRICT HOSPITALS,Municipal bank accounts,14,0,0,0,0
Northern Cape,HEALTH,District Health Services,DISTRICT HOSPITALS,Other transfers to private enterprises,0,15,11,0,0
Northern Cape,HEALTH,District Health Services,DISTRICT HOSPITALS,Other transfers to public corporations,38,0,0,0,0
Northern Cape,HEALTH,Emergency Medical Services,EMERGENCY TRANSPORT,Other machinery and equipment,49,6543,314,0,0
Northern Cape,HEALTH,Emergency Medical Services,EMERGENCY TRANSPORT,Transport equipment,17931,49944,0,33237,56928
Northern Cape,HEALTH,Emergency Medical Services,EMERGENCY TRANSPORT,Software and other intangible assets,0,7999,0,0,0
Northern Cape,HEALTH,Emergency Medical Services,EMERGENCY TRANSPORT,Salaries and wages,213743,220224,225265,241060,246060
Northern Cape,HEALTH,Emergency Medical Services,EMERGENCY TRANSPORT,Social contributions,37655,42766,44363,50003,50003
Northern Cape,HEALTH,Emergency Medical Services,EMERGENCY TRANSPORT,Administrative fees,10,3,15,0,0
Northern Cape,HEALTH,Emergency Medical Services,EMERGENCY TRANSPORT,Advertising,0,149,169,175,175
Northern Cape,HEALTH,Emergency Medical Services,EMERGENCY TRANSPORT,Agency and support/outsourced services,168,183,175,30,30
Northern Cape,HEALTH,Emergency Medical Services,EMERGENCY TRANSPORT,Catering: Departmental activities,440,264,383,122,122
Northern Cape,HEALTH,Emergency Medical Services,EMERGENCY TRANSPORT,Communication (G&S),42,66,533,1239,1239
Northern Cape,HEALTH,Emergency Medical Services,EMERGENCY TRANSPORT,Computer services,0,0,0,396,396
Northern Cape,HEALTH,Emergency Medical Services,EMERGENCY TRANSPORT,Consumable supplies,343,356,573,1091,1091
Northern Cape,HEALTH,Emergency Medical Services,EMERGENCY TRANSPORT,"Consumables: Stationery, printing and office supplies",393,1619,591,1308,1308
Northern Cape,HEALTH,Emergency Medical Services,EMERGENCY TRANSPORT,Contractors,1882,104,1753,3305,3305
Northern Cape,HEALTH,Emergency Medical Services,EMERGENCY TRANSPORT,Fleet services (including government motor transport),65213,96216,83140,108231,108231
Northern Cape,HEALTH,Emergency Medical Services,EMERGENCY TRANSPORT,Inventory: Clothing material and accessories,0,0,0,2404,2404
Northern Cape,HEALTH,Emergency Medical Services,EMERGENCY TRANSPORT,Inventory: Food and food supplies,0,3,9,0,0
Northern Cape,HEALTH,Emergency Medical Services,EMERGENCY TRANSPORT,"Inventory: Fuel, oil and gas",0,142,0,2516,17516
Northern Cape,HEALTH,Emergency Medical Services,EMERGENCY TRANSPORT,Inventory: Learner and teacher support material,0,0,0,160,160
Northern Cape,HEALTH,Emergency Medical Services,EMERGENCY TRANSPORT,Inventory: Materials and supplies,7,34,193,539,539
Northern Cape,HEALTH,Emergency Medical Services,EMERGENCY TRANSPORT,Inventory: Medical supplies,507,1195,1331,1789,1789
Northern Cape,HEALTH,Emergency Medical Services,EMERGENCY TRANSPORT,Inventory: Medicine,102,167,28,968,968
Northern Cape,HEALTH,Emergency Medical Services,EMERGENCY TRANSPORT,Inventory: Other supplies,7,0,193,0,0
Northern Cape,HEALTH,Emergency Medical Services,EMERGENCY TRANSPORT,Minor assets,47,1245,931,7131,7131
Northern Cape,HEALTH,Emergency Medical Services,EMERGENCY TRANSPORT,Operating leases,2281,4964,1846,12708,12708
Northern Cape,HEALTH,Emergency Medical Services,EMERGENCY TRANSPORT,Operating payments,77,111,8,225,225
Northern Cape,HEALTH,Emergency Medical Services,EMERGENCY TRANSPORT,Property payments,741,2621,733,1366,1366
Northern Cape,HEALTH,Emergency Medical Services,EMERGENCY TRANSPORT,Rental and hiring,165,236,222,0,0
Northern Cape,HEALTH,Emergency Medical Services,EMERGENCY TRANSPORT,Training and development,0,7,0,0,0
Northern Cape,HEALTH,Emergency Medical Services,EMERGENCY TRANSPORT,Transport provided: Departmental activity,69429,60311,63929,0,0
Northern Cape,HEALTH,Emergency Medical Services,EMERGENCY TRANSPORT,Travel and subsistence,1927,4986,5086,2797,2797
Northern Cape,HEALTH,Emergency Medical Services,EMERGENCY TRANSPORT,Venues and facilities,22,57,64,0,0
Northern Cape,HEALTH,Emergency Medical Services,EMERGENCY TRANSPORT,Interest (Incl. interest on unitary payments (PPP)),3149,309,76,0,0
Northern Cape,HEALTH,Emergency Medical Services,EMERGENCY TRANSPORT,Other transfers to households,0,1723,605,0,0
Northern Cape,HEALTH,Emergency Medical Services,EMERGENCY TRANSPORT,Social benefits,290,454,663,0,0
Northern Cape,HEALTH,Emergency Medical Services,EMERGENCY TRANSPORT,Municipal bank accounts,0,0,0,0,0
Northern Cape,HEALTH,Emergency Medical Services,EMERGENCY TRANSPORT,Provincial agencies and funds,28,848,330,614,614
Northern Cape,HEALTH,Emergency Medical Services,PLANNED PATIENT TRANSPORT,Salaries and wages,0,0,1829,2160,2160
Northern Cape,HEALTH,Emergency Medical Services,PLANNED PATIENT TRANSPORT,Social contributions,0,0,255,455,455
Northern Cape,HEALTH,Emergency Medical Services,PLANNED PATIENT TRANSPORT,Fleet services (including government motor transport),0,0,0,1683,1683
Northern Cape,HEALTH,Provincial Hospital Services,GENERAL (REGIONAL) HOSPITALS,Other machinery and equipment,462,1205,2287,0,0
Northern Cape,HEALTH,Provincial Hospital Services,GENERAL (REGIONAL) HOSPITALS,Transport equipment,0,254,237,0,0
Northern Cape,HEALTH,Provincial Hospital Services,GENERAL (REGIONAL) HOSPITALS,Salaries and wages,199018,210142,215944,227769,233309
Northern Cape,HEALTH,Provincial Hospital Services,GENERAL (REGIONAL) HOSPITALS,Social contributions,27236,31532,33754,42541,44033
Northern Cape,HEALTH,Provincial Hospital Services,GENERAL (REGIONAL) HOSPITALS,Administrative fees,6,10,45,111,111
Northern Cape,HEALTH,Provincial Hospital Services,GENERAL (REGIONAL) HOSPITALS,Advertising,0,0,0,309,309
Northern Cape,HEALTH,Provincial Hospital Services,GENERAL (REGIONAL) HOSPITALS,Agency and support/outsourced services,7710,11519,7094,12445,12445
Northern Cape,HEALTH,Provincial Hospital Services,GENERAL (REGIONAL) HOSPITALS,Bursaries: Employees,0,13,0,0,0
Northern Cape,HEALTH,Provincial Hospital Services,GENERAL (REGIONAL) HOSPITALS,Catering: Departmental activities,412,201,123,95,95
Northern Cape,HEALTH,Provincial Hospital Services,GENERAL (REGIONAL) HOSPITALS,Communication (G&S),8,3,1918,499,1789
Northern Cape,HEALTH,Provincial Hospital Services,GENERAL (REGIONAL) HOSPITALS,Computer services,0,0,72,2817,2817
Northern Cape,HEALTH,Provincial Hospital Services,GENERAL (REGIONAL) HOSPITALS,Consultants: Business and advisory services,0,0,0,8,8
Northern Cape,HEALTH,Provincial Hospital Services,GENERAL (REGIONAL) HOSPITALS,Consumable supplies,5487,3865,4550,6538,6538
Northern Cape,HEALTH,Provincial Hospital Services,GENERAL (REGIONAL) HOSPITALS,"Consumables: Stationery, printing and office supplies",1227,1311,2097,794,794
Northern Cape,HEALTH,Provincial Hospital Services,GENERAL (REGIONAL) HOSPITALS,Contractors,3619,6014,6200,2810,2810
Northern Cape,HEALTH,Provincial Hospital Services,GENERAL (REGIONAL) HOSPITALS,Fleet services (including government motor transport),0,656,724,47,187
Northern Cape,HEALTH,Provincial Hospital Services,GENERAL (REGIONAL) HOSPITALS,Inventory: Clothing material and accessories,558,47,0,355,355
Northern Cape,HEALTH,Provincial Hospital Services,GENERAL (REGIONAL) HOSPITALS,Inventory: Farming supplies,0,175,0,0,0
Northern Cape,HEALTH,Provincial Hospital Services,GENERAL (REGIONAL) HOSPITALS,Inventory: Food and food supplies,5605,6945,7857,5775,5775
Northern Cape,HEALTH,Provincial Hospital Services,GENERAL (REGIONAL) HOSPITALS,"Inventory: Fuel, oil and gas",7609,10620,3923,11008,11008
Northern Cape,HEALTH,Provincial Hospital Services,GENERAL (REGIONAL) HOSPITALS,Inventory: Materials and supplies,1903,143,200,227,227
Northern Cape,HEALTH,Provincial Hospital Services,GENERAL (REGIONAL) HOSPITALS,Inventory: Medical supplies,22749,27244,21429,20812,22761
Northern Cape,HEALTH,Provincial Hospital Services,GENERAL (REGIONAL) HOSPITALS,Inventory: Medicine,2066,17659,2652,20817,20817
Northern Cape,HEALTH,Provincial Hospital Services,GENERAL (REGIONAL) HOSPITALS,Inventory: Other supplies,2653,1779,266,0,0
Northern Cape,HEALTH,Provincial Hospital Services,GENERAL (REGIONAL) HOSPITALS,Laboratory services,0,0,942,6816,8316
Northern Cape,HEALTH,Provincial Hospital Services,GENERAL (REGIONAL) HOSPITALS,Legal services (G&S),0,0,0,21,21
Northern Cape,HEALTH,Provincial Hospital Services,GENERAL (REGIONAL) HOSPITALS,Minor assets,47,186,672,1016,1016
Northern Cape,HEALTH,Provincial Hospital Services,GENERAL (REGIONAL) HOSPITALS,Operating leases,0,0,27,5838,5838
Northern Cape,HEALTH,Provincial Hospital Services,GENERAL (REGIONAL) HOSPITALS,Operating payments,1225,59,28,106,106
Northern Cape,HEALTH,Provincial Hospital Services,GENERAL (REGIONAL) HOSPITALS,Property payments,18980,16516,21897,25599,25599
Northern Cape,HEALTH,Provincial Hospital Services,GENERAL (REGIONAL) HOSPITALS,Rental and hiring,0,3,0,0,0
Northern Cape,HEALTH,Provincial Hospital Services,GENERAL (REGIONAL) HOSPITALS,Training and development,2,0,0,0,0
Northern Cape,HEALTH,Provincial Hospital Services,GENERAL (REGIONAL) HOSPITALS,Travel and subsistence,1233,1072,601,413,579
Northern Cape,HEALTH,Provincial Hospital Services,GENERAL (REGIONAL) HOSPITALS,Interest (Incl. interest on unitary payments (PPP)),2044,1142,159,0,0
Northern Cape,HEALTH,Provincial Hospital Services,GENERAL (REGIONAL) HOSPITALS,Other transfers to households,0,5000,100,0,0
Northern Cape,HEALTH,Provincial Hospital Services,GENERAL (REGIONAL) HOSPITALS,Social benefits,228,395,561,822,822
Northern Cape,HEALTH,Provincial Hospital Services,TUBERCULOSIS HOSPITALS,Other machinery and equipment,0,0,0,277,277
Northern Cape,HEALTH,Provincial Hospital Services,TUBERCULOSIS HOSPITALS,Salaries and wages,16469,19309,21596,13105,20010
Northern Cape,HEALTH,Provincial Hospital Services,TUBERCULOSIS HOSPITALS,Social contributions,3407,3987,3177,2656,3774
Northern Cape,HEALTH,Provincial Hospital Services,TUBERCULOSIS HOSPITALS,Administrative fees,0,0,11,0,0
Northern Cape,HEALTH,Provincial Hospital Services,TUBERCULOSIS HOSPITALS,Agency and support/outsourced services,0,0,0,4349,4349
Northern Cape,HEALTH,Provincial Hospital Services,TUBERCULOSIS HOSPITALS,Catering: Departmental activities,0,0,0,24,24
Northern Cape,HEALTH,Provincial Hospital Services,TUBERCULOSIS HOSPITALS,Communication (G&S),0,0,0,150,150
Northern Cape,HEALTH,Provincial Hospital Services,TUBERCULOSIS HOSPITALS,Consumable supplies,71,219,540,102,102
Northern Cape,HEALTH,Provincial Hospital Services,TUBERCULOSIS HOSPITALS,"Consumables: Stationery, printing and office supplies",0,229,0,102,102
Northern Cape,HEALTH,Provincial Hospital Services,TUBERCULOSIS HOSPITALS,Contractors,0,0,0,125,125
Northern Cape,HEALTH,Provincial Hospital Services,TUBERCULOSIS HOSPITALS,Fleet services (including government motor transport),0,0,32,0,0
Northern Cape,HEALTH,Provincial Hospital Services,TUBERCULOSIS HOSPITALS,Inventory: Food and food supplies,0,0,20,0,0
Northern Cape,HEALTH,Provincial Hospital Services,TUBERCULOSIS HOSPITALS,Inventory: Medical supplies,0,2,0,427,427
Northern Cape,HEALTH,Provincial Hospital Services,TUBERCULOSIS HOSPITALS,Inventory: Medicine,323,244,0,11588,13088
Northern Cape,HEALTH,Provincial Hospital Services,TUBERCULOSIS HOSPITALS,Inventory: Other supplies,0,0,0,0,355
Northern Cape,HEALTH,Provincial Hospital Services,TUBERCULOSIS HOSPITALS,Laboratory services,0,0,0,7911,9411
Northern Cape,HEALTH,Provincial Hospital Services,TUBERCULOSIS HOSPITALS,Minor assets,0,0,0,42,42
Northern Cape,HEALTH,Provincial Hospital Services,TUBERCULOSIS HOSPITALS,Operating payments,0,0,0,411,411
Northern Cape,HEALTH,Provincial Hospital Services,TUBERCULOSIS HOSPITALS,Property payments,0,44,0,0,400
Northern Cape,HEALTH,Provincial Hospital Services,TUBERCULOSIS HOSPITALS,Training and development,0,0,0,130,130
Northern Cape,HEALTH,Provincial Hospital Services,TUBERCULOSIS HOSPITALS,Travel and subsistence,20,20,69,0,30
Northern Cape,HEALTH,Provincial Hospital Services,TUBERCULOSIS HOSPITALS,Social benefits,9,29,22,362,362
Northern Cape,HEALTH,Provincial Hospital Services,PSYCHIATRIC/MENTAL HOSPITALS,Buildings,0,0,895,0,0
Northern Cape,HEALTH,Provincial Hospital Services,PSYCHIATRIC/MENTAL HOSPITALS,Other machinery and equipment,999,0,3096,0,0
Northern Cape,HEALTH,Provincial Hospital Services,PSYCHIATRIC/MENTAL HOSPITALS,Salaries and wages,72983,85029,97776,81608,73428
Northern Cape,HEALTH,Provincial Hospital Services,PSYCHIATRIC/MENTAL HOSPITALS,Social contributions,12841,14516,18068,17039,18157
Northern Cape,HEALTH,Provincial Hospital Services,PSYCHIATRIC/MENTAL HOSPITALS,Administrative fees,7,7,32,42,42
Northern Cape,HEALTH,Provincial Hospital Services,PSYCHIATRIC/MENTAL HOSPITALS,Advertising,0,0,446,0,0
Northern Cape,HEALTH,Provincial Hospital Services,PSYCHIATRIC/MENTAL HOSPITALS,Agency and support/outsourced services,7263,8543,7483,6044,6044
Northern Cape,HEALTH,Provincial Hospital Services,PSYCHIATRIC/MENTAL HOSPITALS,Bursaries: Employees,0,0,0,9,9
Northern Cape,HEALTH,Provincial Hospital Services,PSYCHIATRIC/MENTAL HOSPITALS,Catering: Departmental activities,98,28,310,6,6
Northern Cape,HEALTH,Provincial Hospital Services,PSYCHIATRIC/MENTAL HOSPITALS,Communication (G&S),8,0,176,280,280
Northern Cape,HEALTH,Provincial Hospital Services,PSYCHIATRIC/MENTAL HOSPITALS,Computer services,0,0,479,103,103
Northern Cape,HEALTH,Provincial Hospital Services,PSYCHIATRIC/MENTAL HOSPITALS,Consultants: Business and advisory services,0,0,0,0,10000
Northern Cape,HEALTH,Provincial Hospital Services,PSYCHIATRIC/MENTAL HOSPITALS,Consumable supplies,1438,2747,3054,148,148
Northern Cape,HEALTH,Provincial Hospital Services,PSYCHIATRIC/MENTAL HOSPITALS,"Consumables: Stationery, printing and office supplies",78,72,464,102,102
Northern Cape,HEALTH,Provincial Hospital Services,PSYCHIATRIC/MENTAL HOSPITALS,Contractors,156,17,886,600,2100
Northern Cape,HEALTH,Provincial Hospital Services,PSYCHIATRIC/MENTAL HOSPITALS,Fleet services (including government motor transport),0,0,936,0,0
Northern Cape,HEALTH,Provincial Hospital Services,PSYCHIATRIC/MENTAL HOSPITALS,Inventory: Farming supplies,116,0,0,0,0
Northern Cape,HEALTH,Provincial Hospital Services,PSYCHIATRIC/MENTAL HOSPITALS,"Inventory: Fuel, oil and gas",881,1442,3142,17,17
Northern Cape,HEALTH,Provincial Hospital Services,PSYCHIATRIC/MENTAL HOSPITALS,Inventory: Materials and supplies,35,28,2089,617,617
Northern Cape,HEALTH,Provincial Hospital Services,PSYCHIATRIC/MENTAL HOSPITALS,Inventory: Medical supplies,617,1260,1168,0,0
Northern Cape,HEALTH,Provincial Hospital Services,PSYCHIATRIC/MENTAL HOSPITALS,Inventory: Medicine,709,1131,335,4854,4854
Northern Cape,HEALTH,Provincial Hospital Services,PSYCHIATRIC/MENTAL HOSPITALS,Inventory: Other supplies,1642,526,25,0,0
Northern Cape,HEALTH,Provincial Hospital Services,PSYCHIATRIC/MENTAL HOSPITALS,Laboratory services,0,2101,0,1141,1141
Northern Cape,HEALTH,Provincial Hospital Services,PSYCHIATRIC/MENTAL HOSPITALS,Minor assets,806,239,71,101,101
Northern Cape,HEALTH,Provincial Hospital Services,PSYCHIATRIC/MENTAL HOSPITALS,Operating leases,0,0,0,418,418
Northern Cape,HEALTH,Provincial Hospital Services,PSYCHIATRIC/MENTAL HOSPITALS,Operating payments,1,0,73,415,415
Northern Cape,HEALTH,Provincial Hospital Services,PSYCHIATRIC/MENTAL HOSPITALS,Property payments,19880,20938,23681,4207,6207
Northern Cape,HEALTH,Provincial Hospital Services,PSYCHIATRIC/MENTAL HOSPITALS,Training and development,0,0,0,130,130
Northern Cape,HEALTH,Provincial Hospital Services,PSYCHIATRIC/MENTAL HOSPITALS,Transport provided: Departmental activity,0,0,0,1815,1815
Northern Cape,HEALTH,Provincial Hospital Services,PSYCHIATRIC/MENTAL HOSPITALS,Travel and subsistence,223,160,1234,97,-2230
Northern Cape,HEALTH,Provincial Hospital Services,PSYCHIATRIC/MENTAL HOSPITALS,Venues and facilities,0,41,0,0,0
Northern Cape,HEALTH,Provincial Hospital Services,PSYCHIATRIC/MENTAL HOSPITALS,Interest (Incl. interest on unitary payments (PPP)),175,1188,679,0,0
Northern Cape,HEALTH,Provincial Hospital Services,PSYCHIATRIC/MENTAL HOSPITALS,Rent on land,0,0,901,0,0
Northern Cape,HEALTH,Provincial Hospital Services,PSYCHIATRIC/MENTAL HOSPITALS,Other transfers to households,0,164,0,0,0
Northern Cape,HEALTH,Provincial Hospital Services,PSYCHIATRIC/MENTAL HOSPITALS,Social benefits,259,94,204,535,3535
Northern Cape,HEALTH,Central Hospital Services,PROVINCIAL TERTIARY HOSPITAL SERVICES,Other fixed structures,9057,0,0,0,0
Northern Cape,HEALTH,Central Hospital Services,PROVINCIAL TERTIARY HOSPITAL SERVICES,Other machinery and equipment,35722,20951,19865,37373,37373
Northern Cape,HEALTH,Central Hospital Services,PROVINCIAL TERTIARY HOSPITAL SERVICES,Transport equipment,107,104,189,0,0
Northern Cape,HEALTH,Central Hospital Services,PROVINCIAL TERTIARY HOSPITAL SERVICES,Salaries and wages,671219,665757,652915,813237,829548
Northern Cape,HEALTH,Central Hospital Services,PROVINCIAL TERTIARY HOSPITAL SERVICES,Social contributions,77563,80433,83250,77195,77195
Northern Cape,HEALTH,Central Hospital Services,PROVINCIAL TERTIARY HOSPITAL SERVICES,Administrative fees,477,4,45,551,551
Northern Cape,HEALTH,Central Hospital Services,PROVINCIAL TERTIARY HOSPITAL SERVICES,Advertising,295,0,0,893,893
Northern Cape,HEALTH,Central Hospital Services,PROVINCIAL TERTIARY HOSPITAL SERVICES,Agency and support/outsourced services,45505,43345,47114,54309,54309
Northern Cape,HEALTH,Central Hospital Services,PROVINCIAL TERTIARY HOSPITAL SERVICES,Audit costs: External,1570,0,0,0,0
Northern Cape,HEALTH,Central Hospital Services,PROVINCIAL TERTIARY HOSPITAL SERVICES,Bursaries: Employees,0,5,0,12,12
Northern Cape,HEALTH,Central Hospital Services,PROVINCIAL TERTIARY HOSPITAL SERVICES,Catering: Departmental activities,294,329,936,187,187
Northern Cape,HEALTH,Central Hospital Services,PROVINCIAL TERTIARY HOSPITAL SERVICES,Communication (G&S),2721,27920,537,432,432
Northern Cape,HEALTH,Central Hospital Services,PROVINCIAL TERTIARY HOSPITAL SERVICES,Computer services,13129,45444,37527,2495,2495
Northern Cape,HEALTH,Central Hospital Services,PROVINCIAL TERTIARY HOSPITAL SERVICES,Consultants: Business and advisory services,0,0,0,877,877
Northern Cape,HEALTH,Central Hospital Services,PROVINCIAL TERTIARY HOSPITAL SERVICES,Consumable supplies,4635,4647,5169,13498,13498
Northern Cape,HEALTH,Central Hospital Services,PROVINCIAL TERTIARY HOSPITAL SERVICES,"Consumables: Stationery, printing and office supplies",9658,1857,9569,694,694
Northern Cape,HEALTH,Central Hospital Services,PROVINCIAL TERTIARY HOSPITAL SERVICES,Contractors,31500,34952,51708,74500,74500
Northern Cape,HEALTH,Central Hospital Services,PROVINCIAL TERTIARY HOSPITAL SERVICES,Fleet services (including government motor transport),203,274,1145,0,0
Northern Cape,HEALTH,Central Hospital Services,PROVINCIAL TERTIARY HOSPITAL SERVICES,Inventory: Clothing material and accessories,0,399,195,1509,1509
Northern Cape,HEALTH,Central Hospital Services,PROVINCIAL TERTIARY HOSPITAL SERVICES,Inventory: Food and food supplies,1590,1781,4672,7254,7254
Northern Cape,HEALTH,Central Hospital Services,PROVINCIAL TERTIARY HOSPITAL SERVICES,"Inventory: Fuel, oil and gas",1264,2,385,35077,35077
Northern Cape,HEALTH,Central Hospital Services,PROVINCIAL TERTIARY HOSPITAL SERVICES,Inventory: Materials and supplies,744,740,734,3963,3963
Northern Cape,HEALTH,Central Hospital Services,PROVINCIAL TERTIARY HOSPITAL SERVICES,Inventory: Medical supplies,115193,130052,128583,50391,79622
Northern Cape,HEALTH,Central Hospital Services,PROVINCIAL TERTIARY HOSPITAL SERVICES,Inventory: Medicine,153680,47169,41783,80713,80713
Northern Cape,HEALTH,Central Hospital Services,PROVINCIAL TERTIARY HOSPITAL SERVICES,Inventory: Other supplies,8649,8752,5998,0,0
Northern Cape,HEALTH,Central Hospital Services,PROVINCIAL TERTIARY HOSPITAL SERVICES,Laboratory services,15094,37285,28975,74332,74332
Northern Cape,HEALTH,Central Hospital Services,PROVINCIAL TERTIARY HOSPITAL SERVICES,Minor assets,1209,1602,364,2035,2035
Northern Cape,HEALTH,Central Hospital Services,PROVINCIAL TERTIARY HOSPITAL SERVICES,Operating leases,120,106,21,9161,9161
Northern Cape,HEALTH,Central Hospital Services,PROVINCIAL TERTIARY HOSPITAL SERVICES,Operating payments,91,14,16,975,975
Northern Cape,HEALTH,Central Hospital Services,PROVINCIAL TERTIARY HOSPITAL SERVICES,Property payments,21184,47281,36732,9640,9640
Northern Cape,HEALTH,Central Hospital Services,PROVINCIAL TERTIARY HOSPITAL SERVICES,Rental and hiring,0,1,23,0,0
Northern Cape,HEALTH,Central Hospital Services,PROVINCIAL TERTIARY HOSPITAL SERVICES,Science and technological services,0,1154,0,0,0
Northern Cape,HEALTH,Central Hospital Services,PROVINCIAL TERTIARY HOSPITAL SERVICES,Training and development,0,135,8,3776,3776
Northern Cape,HEALTH,Central Hospital Services,PROVINCIAL TERTIARY HOSPITAL SERVICES,Transport provided: Departmental activity,63,0,0,0,0
Northern Cape,HEALTH,Central Hospital Services,PROVINCIAL TERTIARY HOSPITAL SERVICES,Travel and subsistence,865,734,664,1404,1404
Northern Cape,HEALTH,Central Hospital Services,PROVINCIAL TERTIARY HOSPITAL SERVICES,Venues and facilities,25,0,0,0,0
Northern Cape,HEALTH,Central Hospital Services,PROVINCIAL TERTIARY HOSPITAL SERVICES,Interest (Incl. interest on unitary payments (PPP)),12,556,38,0,0
Northern Cape,HEALTH,Central Hospital Services,PROVINCIAL TERTIARY HOSPITAL SERVICES,Other transfers to households,0,0,0,0,0
Northern Cape,HEALTH,Central Hospital Services,PROVINCIAL TERTIARY HOSPITAL SERVICES,Social benefits,2687,3156,1555,1748,5248
Northern Cape,HEALTH,Health Sciences and Training,NURSE TRAINING COLLEGE,Buildings,1732,0,0,0,0
Northern Cape,HEALTH,Health Sciences and Training,NURSE TRAINING COLLEGE,Other machinery and equipment,11,0,683,0,0
Northern Cape,HEALTH,Health Sciences and Training,NURSE TRAINING COLLEGE,Transport equipment,50,0,830,1668,1668
Northern Cape,HEALTH,Health Sciences and Training,NURSE TRAINING COLLEGE,Salaries and wages,64351,16696,16296,30958,30958
Northern Cape,HEALTH,Health Sciences and Training,NURSE TRAINING COLLEGE,Social contributions,3585,2695,3003,6530,6530
Northern Cape,HEALTH,Health Sciences and Training,NURSE TRAINING COLLEGE,Administrative fees,161,50,54,96,96
Northern Cape,HEALTH,Health Sciences and Training,NURSE TRAINING COLLEGE,Advertising,36,4,160,132,132
Northern Cape,HEALTH,Health Sciences and Training,NURSE TRAINING COLLEGE,Agency and support/outsourced services,0,0,0,868,280
Northern Cape,HEALTH,Health Sciences and Training,NURSE TRAINING COLLEGE,Bursaries: Employees,206,0,0,334,65
Northern Cape,HEALTH,Health Sciences and Training,NURSE TRAINING COLLEGE,Catering: Departmental activities,296,413,162,102,102
Northern Cape,HEALTH,Health Sciences and Training,NURSE TRAINING COLLEGE,Communication (G&S),2660,0,6807,330,330
Northern Cape,HEALTH,Health Sciences and Training,NURSE TRAINING COLLEGE,Computer services,0,0,2101,565,565
Northern Cape,HEALTH,Health Sciences and Training,NURSE TRAINING COLLEGE,Consultants: Business and advisory services,394,0,0,796,206
Northern Cape,HEALTH,Health Sciences and Training,NURSE TRAINING COLLEGE,Consumable supplies,364,140,273,565,565
Northern Cape,HEALTH,Health Sciences and Training,NURSE TRAINING COLLEGE,"Consumables: Stationery, printing and office supplies",1048,101,935,785,785
Northern Cape,HEALTH,Health Sciences and Training,NURSE TRAINING COLLEGE,Contractors,0,498,1,475,475
Northern Cape,HEALTH,Health Sciences and Training,NURSE TRAINING COLLEGE,Fleet services (including government motor transport),0,0,15,0,0
Northern Cape,HEALTH,Health Sciences and Training,NURSE TRAINING COLLEGE,Inventory: Clothing material and accessories,0,8,0,0,0
Northern Cape,HEALTH,Health Sciences and Training,NURSE TRAINING COLLEGE,Inventory: Medical supplies,0,0,7337,0,0
Northern Cape,HEALTH,Health Sciences and Training,NURSE TRAINING COLLEGE,Inventory: Other supplies,14,0,32,0,0
Northern Cape,HEALTH,Health Sciences and Training,NURSE TRAINING COLLEGE,Minor assets,1,0,14,1090,1090
Northern Cape,HEALTH,Health Sciences and Training,NURSE TRAINING COLLEGE,Operating leases,16457,17865,11464,23812,11812
Northern Cape,HEALTH,Health Sciences and Training,NURSE TRAINING COLLEGE,Operating payments,52,36,0,71,71
Northern Cape,HEALTH,Health Sciences and Training,NURSE TRAINING COLLEGE,Property payments,1434,99284,2790,4135,4135
Northern Cape,HEALTH,Health Sciences and Training,NURSE TRAINING COLLEGE,Rental and hiring,0,907,0,17114,8561
Northern Cape,HEALTH,Health Sciences and Training,NURSE TRAINING COLLEGE,Training and development,75,134,221,1524,524
Northern Cape,HEALTH,Health Sciences and Training,NURSE TRAINING COLLEGE,Travel and subsistence,6358,4326,375,3940,1940
Northern Cape,HEALTH,Health Sciences and Training,NURSE TRAINING COLLEGE,Venues and facilities,14,74,77,132,132
Northern Cape,HEALTH,Health Sciences and Training,NURSE TRAINING COLLEGE,Interest (Incl. interest on unitary payments (PPP)),9,2,155,0,0
Northern Cape,HEALTH,Health Sciences and Training,NURSE TRAINING COLLEGE,Social benefits,141,112,712,133,133
Northern Cape,HEALTH,Health Sciences and Training,EMS TRAINING COLLEGE,Other machinery and equipment,0,251,259,893,893
Northern Cape,HEALTH,Health Sciences and Training,EMS TRAINING COLLEGE,Salaries and wages,4853,5531,7227,3256,3256
Northern Cape,HEALTH,Health Sciences and Training,EMS TRAINING COLLEGE,Social contributions,706,873,991,686,686
Northern Cape,HEALTH,Health Sciences and Training,EMS TRAINING COLLEGE,Administrative fees,0,0,110,0,0
Northern Cape,HEALTH,Health Sciences and Training,EMS TRAINING COLLEGE,Catering: Departmental activities,0,38,0,0,0
Northern Cape,HEALTH,Health Sciences and Training,EMS TRAINING COLLEGE,Consumable supplies,1,164,0,0,0
Northern Cape,HEALTH,Health Sciences and Training,EMS TRAINING COLLEGE,"Consumables: Stationery, printing and office supplies",740,0,0,949,949
Northern Cape,HEALTH,Health Sciences and Training,EMS TRAINING COLLEGE,Contractors,0,761,36,0,0
Northern Cape,HEALTH,Health Sciences and Training,EMS TRAINING COLLEGE,Fleet services (including government motor transport),0,0,86,0,0
Northern Cape,HEALTH,Health Sciences and Training,EMS TRAINING COLLEGE,"Inventory: Fuel, oil and gas",0,9,86,0,0
Northern Cape,HEALTH,Health Sciences and Training,EMS TRAINING COLLEGE,Inventory: Medical supplies,0,2,0,0,0
Northern Cape,HEALTH,Health Sciences and Training,EMS TRAINING COLLEGE,Minor assets,0,41,0,0,0
Northern Cape,HEALTH,Health Sciences and Training,EMS TRAINING COLLEGE,Operating leases,0,0,293,0,0
Northern Cape,HEALTH,Health Sciences and Training,EMS TRAINING COLLEGE,Operating payments,43,0,0,0,0
Northern Cape,HEALTH,Health Sciences and Training,EMS TRAINING COLLEGE,Property payments,0,681,1396,0,0
Northern Cape,HEALTH,Health Sciences and Training,EMS TRAINING COLLEGE,Training and development,0,891,0,1058,1058
Northern Cape,HEALTH,Health Sciences and Training,EMS TRAINING COLLEGE,Travel and subsistence,29,49,0,0,0
Northern Cape,HEALTH,Health Sciences and Training,EMS TRAINING COLLEGE,Interest (Incl. interest on unitary payments (PPP)),0,13,0,0,0
Northern Cape,HEALTH,Health Sciences and Training,EMS TRAINING COLLEGE,Social benefits,12,0,0,0,0
Northern Cape,HEALTH,Health Sciences and Training,BURSARIES,Other machinery and equipment,18,374,0,0,0
Northern Cape,HEALTH,Health Sciences and Training,BURSARIES,Salaries and wages,752,13114,187,21305,21305
Northern Cape,HEALTH,Health Sciences and Training,BURSARIES,Social contributions,63,17,0,0,0
Northern Cape,HEALTH,Health Sciences and Training,BURSARIES,Administrative fees,23,84,15,1899,299
Northern Cape,HEALTH,Health Sciences and Training,BURSARIES,Advertising,0,0,0,20,20
Northern Cape,HEALTH,Health Sciences and Training,BURSARIES,Bursaries: Employees,3,0,29,2433,1433
Northern Cape,HEALTH,Health Sciences and Training,BURSARIES,Catering: Departmental activities,0,16,0,85,85
Northern Cape,HEALTH,Health Sciences and Training,BURSARIES,Communication (G&S),0,0,3340,0,0
Northern Cape,HEALTH,Health Sciences and Training,BURSARIES,Consumable supplies,0,4,0,0,0
Northern Cape,HEALTH,Health Sciences and Training,BURSARIES,"Consumables: Stationery, printing and office supplies",62,85,0,0,0
Northern Cape,HEALTH,Health Sciences and Training,BURSARIES,Inventory: Other supplies,0,8,0,0,0
Northern Cape,HEALTH,Health Sciences and Training,BURSARIES,Minor assets,5,0,0,77,77
Northern Cape,HEALTH,Health Sciences and Training,BURSARIES,Operating payments,0,0,669,0,0
Northern Cape,HEALTH,Health Sciences and Training,BURSARIES,Training and development,42,62,10712,6060,2560
Northern Cape,HEALTH,Health Sciences and Training,BURSARIES,Travel and subsistence,102,1463,375,4549,649
Northern Cape,HEALTH,Health Sciences and Training,BURSARIES,Interest (Incl. interest on unitary payments (PPP)),0,0,75,0,0
Northern Cape,HEALTH,Health Sciences and Training,BURSARIES,Other transfers to households,41,4555,148,19489,2989
Northern Cape,HEALTH,Health Sciences and Training,PRIMARY HEALTH CARE TRAINING,Administrative fees,0,0,0,925,925
Northern Cape,HEALTH,Health Sciences and Training,PRIMARY HEALTH CARE TRAINING,Communication (G&S),0,0,1330,0,0
Northern Cape,HEALTH,Health Sciences and Training,PRIMARY HEALTH CARE TRAINING,Consumable supplies,0,0,307,0,0
Northern Cape,HEALTH,Health Sciences and Training,PRIMARY HEALTH CARE TRAINING,"Inventory: Fuel, oil and gas",0,0,0,637,637
Northern Cape,HEALTH,Health Sciences and Training,PRIMARY HEALTH CARE TRAINING,Travel and subsistence,0,0,0,833,833
Northern Cape,HEALTH,Health Sciences and Training,PRIMARY HEALTH CARE TRAINING,Interest (Incl. interest on unitary payments (PPP)),0,0,13,0,0
Northern Cape,HEALTH,Health Sciences and Training,TRAINING  OTHER,Other machinery and equipment,0,6690,181,1055,1055
Northern Cape,HEALTH,Health Sciences and Training,TRAINING  OTHER,Salaries and wages,50045,97636,129725,107825,84825
Northern Cape,HEALTH,Health Sciences and Training,TRAINING  OTHER,Social contributions,1880,3940,-238,3161,3161
Northern Cape,HEALTH,Health Sciences and Training,TRAINING  OTHER,Administrative fees,1,48,4,2763,763
Northern Cape,HEALTH,Health Sciences and Training,TRAINING  OTHER,Audit costs: External,0,0,3927,0,0
Northern Cape,HEALTH,Health Sciences and Training,TRAINING  OTHER,Bursaries: Employees,0,62,0,45,45
Northern Cape,HEALTH,Health Sciences and Training,TRAINING  OTHER,Catering: Departmental activities,363,332,32,339,339
Northern Cape,HEALTH,Health Sciences and Training,TRAINING  OTHER,Communication (G&S),0,0,2432,0,0
Northern Cape,HEALTH,Health Sciences and Training,TRAINING  OTHER,Computer services,0,1110,0,0,0
Northern Cape,HEALTH,Health Sciences and Training,TRAINING  OTHER,Consumable supplies,0,163,280,0,0
Northern Cape,HEALTH,Health Sciences and Training,TRAINING  OTHER,"Consumables: Stationery, printing and office supplies",0,6080,1300,2170,1170
Northern Cape,HEALTH,Health Sciences and Training,TRAINING  OTHER,Contractors,0,1598,2195,8631,6631
Northern Cape,HEALTH,Health Sciences and Training,TRAINING  OTHER,Fleet services (including government motor transport),0,0,7884,0,0
Northern Cape,HEALTH,Health Sciences and Training,TRAINING  OTHER,Inventory: Food and food supplies,0,140,0,0,0
Northern Cape,HEALTH,Health Sciences and Training,TRAINING  OTHER,Inventory: Materials and supplies,0,225,0,0,0
Northern Cape,HEALTH,Health Sciences and Training,TRAINING  OTHER,Inventory: Medical supplies,0,18015,9177,14964,8464
Northern Cape,HEALTH,Health Sciences and Training,TRAINING  OTHER,Inventory: Medicine,0,0,260,0,0
Northern Cape,HEALTH,Health Sciences and Training,TRAINING  OTHER,Inventory: Other supplies,0,0,700,0,0
Northern Cape,HEALTH,Health Sciences and Training,TRAINING  OTHER,Laboratory services,0,7863,10055,14792,4292
Northern Cape,HEALTH,Health Sciences and Training,TRAINING  OTHER,Minor assets,0,8,0,0,0
Northern Cape,HEALTH,Health Sciences and Training,TRAINING  OTHER,Property payments,0,0,14013,0,0
Northern Cape,HEALTH,Health Sciences and Training,TRAINING  OTHER,Training and development,11655,2668,1713,26385,26385
Northern Cape,HEALTH,Health Sciences and Training,TRAINING  OTHER,Travel and subsistence,1033,1272,526,15211,7211
Northern Cape,HEALTH,Health Sciences and Training,TRAINING  OTHER,Venues and facilities,103,257,203,620,620
Northern Cape,HEALTH,Health Sciences and Training,TRAINING  OTHER,Interest (Incl. interest on unitary payments (PPP)),0,0,100,0,0
Northern Cape,HEALTH,Health Sciences and Training,TRAINING  OTHER,Other transfers to households,0,0,0,324,324
Northern Cape,HEALTH,Health Care Support Services,LAUNDRY SERVICES,Other machinery and equipment,0,402,22,0,0
Northern Cape,HEALTH,Health Care Support Services,LAUNDRY SERVICES,Salaries and wages,5691,5792,10293,7274,7274
Northern Cape,HEALTH,Health Care Support Services,LAUNDRY SERVICES,Social contributions,1520,1642,2565,1534,1534
Northern Cape,HEALTH,Health Care Support Services,LAUNDRY SERVICES,Administrative fees,0,1,0,0,0
Northern Cape,HEALTH,Health Care Support Services,LAUNDRY SERVICES,Consultants: Business and advisory services,0,0,756,0,0
Northern Cape,HEALTH,Health Care Support Services,LAUNDRY SERVICES,Consumable supplies,7930,10579,10887,818,818
Northern Cape,HEALTH,Health Care Support Services,LAUNDRY SERVICES,Contractors,917,1906,0,0,0
Northern Cape,HEALTH,Health Care Support Services,LAUNDRY SERVICES,Inventory: Clothing material and accessories,753,429,0,0,0
Northern Cape,HEALTH,Health Care Support Services,LAUNDRY SERVICES,"Inventory: Fuel, oil and gas",0,0,2,0,0
Northern Cape,HEALTH,Health Care Support Services,LAUNDRY SERVICES,Inventory: Materials and supplies,0,69,0,0,0
Northern Cape,HEALTH,Health Care Support Services,LAUNDRY SERVICES,Inventory: Medical supplies,0,470,0,0,0
Northern Cape,HEALTH,Health Care Support Services,LAUNDRY SERVICES,Inventory: Other supplies,3743,5521,1196,0,0
Northern Cape,HEALTH,Health Care Support Services,LAUNDRY SERVICES,Operating payments,0,0,1460,0,0
Northern Cape,HEALTH,Health Care Support Services,LAUNDRY SERVICES,Property payments,390,828,0,0,0
Northern Cape,HEALTH,Health Care Support Services,LAUNDRY SERVICES,Travel and subsistence,2400,1864,1273,0,0
Northern Cape,HEALTH,Health Care Support Services,LAUNDRY SERVICES,Social benefits,47,0,38,0,0
Northern Cape,HEALTH,Health Care Support Services,ENGINEERING,Salaries and wages,7534,7639,6108,12678,12678
Northern Cape,HEALTH,Health Care Support Services,ENGINEERING,Social contributions,1636,1634,1265,2674,2674
Northern Cape,HEALTH,Health Care Support Services,ENGINEERING,Contractors,0,0,0,7912,7912
Northern Cape,HEALTH,Health Care Support Services,ENGINEERING,Inventory: Materials and supplies,0,0,810,0,0
Northern Cape,HEALTH,Health Care Support Services,ENGINEERING,Inventory: Medical supplies,0,3,0,0,0
Northern Cape,HEALTH,Health Care Support Services,ENGINEERING,Minor assets,0,0,18,0,0
Northern Cape,HEALTH,Health Care Support Services,ENGINEERING,Property payments,0,0,582,0,0
Northern Cape,HEALTH,Health Care Support Services,ENGINEERING,Travel and subsistence,5,9,2,0,0
Northern Cape,HEALTH,Health Care Support Services,ENGINEERING,Social benefits,90,65,0,0,0
Northern Cape,HEALTH,Health Care Support Services,FORENSIC SERVICES,Buildings,143,50,0,0,0
Northern Cape,HEALTH,Health Care Support Services,FORENSIC SERVICES,Other machinery and equipment,929,11,855,1428,1428
Northern Cape,HEALTH,Health Care Support Services,FORENSIC SERVICES,Transport equipment,0,0,5787,0,0
Northern Cape,HEALTH,Health Care Support Services,FORENSIC SERVICES,Salaries and wages,27855,31831,22157,32678,32678
Northern Cape,HEALTH,Health Care Support Services,FORENSIC SERVICES,Social contributions,4486,4600,4080,6893,6893
Northern Cape,HEALTH,Health Care Support Services,FORENSIC SERVICES,Administrative fees,-2,6,0,0,0
Northern Cape,HEALTH,Health Care Support Services,FORENSIC SERVICES,Agency and support/outsourced services,601,329,370,1608,1608
Northern Cape,HEALTH,Health Care Support Services,FORENSIC SERVICES,Catering: Departmental activities,14,0,0,0,0
Northern Cape,HEALTH,Health Care Support Services,FORENSIC SERVICES,Communication (G&S),0,0,0,260,260
Northern Cape,HEALTH,Health Care Support Services,FORENSIC SERVICES,Consumable supplies,64,259,471,644,644
Northern Cape,HEALTH,Health Care Support Services,FORENSIC SERVICES,"Consumables: Stationery, printing and office supplies",480,411,373,241,241
Northern Cape,HEALTH,Health Care Support Services,FORENSIC SERVICES,Contractors,250,834,940,963,963
Northern Cape,HEALTH,Health Care Support Services,FORENSIC SERVICES,Fleet services (including government motor transport),0,0,41,5284,5284
Northern Cape,HEALTH,Health Care Support Services,FORENSIC SERVICES,Inventory: Clothing material and accessories,182,0,0,159,159
Northern Cape,HEALTH,Health Care Support Services,FORENSIC SERVICES,Inventory: Farming supplies,0,2,0,36,36
Northern Cape,HEALTH,Health Care Support Services,FORENSIC SERVICES,Inventory: Food and food supplies,0,0,0,624,624
Northern Cape,HEALTH,Health Care Support Services,FORENSIC SERVICES,Inventory: Materials and supplies,3,3,3,2,2
Northern Cape,HEALTH,Health Care Support Services,FORENSIC SERVICES,Inventory: Medical supplies,824,2501,3317,963,963
Northern Cape,HEALTH,Health Care Support Services,FORENSIC SERVICES,Inventory: Medicine,0,0,0,367,367
Northern Cape,HEALTH,Health Care Support Services,FORENSIC SERVICES,Inventory: Other supplies,0,182,-21,0,0
Northern Cape,HEALTH,Health Care Support Services,FORENSIC SERVICES,Minor assets,44,86,41,884,884
Northern Cape,HEALTH,Health Care Support Services,FORENSIC SERVICES,Operating leases,0,0,0,724,724
Northern Cape,HEALTH,Health Care Support Services,FORENSIC SERVICES,Operating payments,59,2,1,19,19
Northern Cape,HEALTH,Health Care Support Services,FORENSIC SERVICES,Property payments,55,901,1924,1284,1284
Northern Cape,HEALTH,Health Care Support Services,FORENSIC SERVICES,Rental and hiring,0,0,22,0,0
Northern Cape,HEALTH,Health Care Support Services,FORENSIC SERVICES,Training and development,0,0,0,78,78
Northern Cape,HEALTH,Health Care Support Services,FORENSIC SERVICES,Travel and subsistence,337,689,491,388,388
Northern Cape,HEALTH,Health Care Support Services,FORENSIC SERVICES,Social benefits,140,696,2,0,0
Northern Cape,HEALTH,Health Care Support Services,FORENSIC SERVICES,Provincial Revenue Funds,0,7,0,0,0
Northern Cape,HEALTH,Health Care Support Services,ORTHOTIC AND PROSTETIC SERVICES,Other machinery and equipment,344,0,0,555,555
Northern Cape,HEALTH,Health Care Support Services,ORTHOTIC AND PROSTETIC SERVICES,Salaries and wages,2370,2977,2989,3889,3889
Northern Cape,HEALTH,Health Care Support Services,ORTHOTIC AND PROSTETIC SERVICES,Social contributions,390,570,594,821,821
Northern Cape,HEALTH,Health Care Support Services,ORTHOTIC AND PROSTETIC SERVICES,Catering: Departmental activities,0,10,0,0,0
Northern Cape,HEALTH,Health Care Support Services,ORTHOTIC AND PROSTETIC SERVICES,Communication (G&S),0,0,0,83,83
Northern Cape,HEALTH,Health Care Support Services,ORTHOTIC AND PROSTETIC SERVICES,Consumable supplies,0,0,2,1392,1392
Northern Cape,HEALTH,Health Care Support Services,ORTHOTIC AND PROSTETIC SERVICES,"Consumables: Stationery, printing and office supplies",0,0,0,28,28
Northern Cape,HEALTH,Health Care Support Services,ORTHOTIC AND PROSTETIC SERVICES,Contractors,435,267,142,0,0
Northern Cape,HEALTH,Health Care Support Services,ORTHOTIC AND PROSTETIC SERVICES,Inventory: Clothing material and accessories,0,131,282,0,0
Northern Cape,HEALTH,Health Care Support Services,ORTHOTIC AND PROSTETIC SERVICES,Inventory: Materials and supplies,2,0,20,0,0
Northern Cape,HEALTH,Health Care Support Services,ORTHOTIC AND PROSTETIC SERVICES,Inventory: Medical supplies,271,1432,1970,8195,8195
Northern Cape,HEALTH,Health Care Support Services,ORTHOTIC AND PROSTETIC SERVICES,Training and development,0,0,0,126,126
Northern Cape,HEALTH,Health Care Support Services,ORTHOTIC AND PROSTETIC SERVICES,Travel and subsistence,31,44,36,0,0
Northern Cape,HEALTH,Health Care Support Services,ORTHOTIC AND PROSTETIC SERVICES,Social benefits,0,0,80,0,0
Northern Cape,HEALTH,Health Care Support Services,MEDICINE TRADING ACCOUNT,Buildings,8,17,0,0,0
Northern Cape,HEALTH,Health Care Support Services,MEDICINE TRADING ACCOUNT,Other machinery and equipment,1123,1,23,3257,3257
Northern Cape,HEALTH,Health Care Support Services,MEDICINE TRADING ACCOUNT,Transport equipment,0,2246,0,0,0
Northern Cape,HEALTH,Health Care Support Services,MEDICINE TRADING ACCOUNT,Salaries and wages,24601,26164,25391,28739,28739
Northern Cape,HEALTH,Health Care Support Services,MEDICINE TRADING ACCOUNT,Social contributions,4042,4569,4767,6062,6062
Northern Cape,HEALTH,Health Care Support Services,MEDICINE TRADING ACCOUNT,Administrative fees,21,44,31,0,0
Northern Cape,HEALTH,Health Care Support Services,MEDICINE TRADING ACCOUNT,Agency and support/outsourced services,0,0,18,162,162
Northern Cape,HEALTH,Health Care Support Services,MEDICINE TRADING ACCOUNT,Catering: Departmental activities,95,125,60,0,0
Northern Cape,HEALTH,Health Care Support Services,MEDICINE TRADING ACCOUNT,Communication (G&S),44,35,17,177,177
Northern Cape,HEALTH,Health Care Support Services,MEDICINE TRADING ACCOUNT,Computer services,0,0,2111,178,178
Northern Cape,HEALTH,Health Care Support Services,MEDICINE TRADING ACCOUNT,Consumable supplies,396,279,460,288,288
Northern Cape,HEALTH,Health Care Support Services,MEDICINE TRADING ACCOUNT,"Consumables: Stationery, printing and office supplies",742,223,306,407,407
Northern Cape,HEALTH,Health Care Support Services,MEDICINE TRADING ACCOUNT,Contractors,204,7,85,380,380
Northern Cape,HEALTH,Health Care Support Services,MEDICINE TRADING ACCOUNT,Fleet services (including government motor transport),0,0,31,3684,3684
Northern Cape,HEALTH,Health Care Support Services,MEDICINE TRADING ACCOUNT,Inventory: Clothing material and accessories,0,223,404,0,0
Northern Cape,HEALTH,Health Care Support Services,MEDICINE TRADING ACCOUNT,Inventory: Food and food supplies,4,5,3,0,0
Northern Cape,HEALTH,Health Care Support Services,MEDICINE TRADING ACCOUNT,"Inventory: Fuel, oil and gas",74,45,101,0,0
Northern Cape,HEALTH,Health Care Support Services,MEDICINE TRADING ACCOUNT,Inventory: Materials and supplies,21,52,17,89,89
Northern Cape,HEALTH,Health Care Support Services,MEDICINE TRADING ACCOUNT,Inventory: Medical supplies,-89,0,-38,0,0
Northern Cape,HEALTH,Health Care Support Services,MEDICINE TRADING ACCOUNT,Inventory: Medicine,25225,0,16329,0,0
Northern Cape,HEALTH,Health Care Support Services,MEDICINE TRADING ACCOUNT,Inventory: Other supplies,27,0,0,0,0
Northern Cape,HEALTH,Health Care Support Services,MEDICINE TRADING ACCOUNT,Laboratory services,1123,44,0,0,0
Northern Cape,HEALTH,Health Care Support Services,MEDICINE TRADING ACCOUNT,Minor assets,0,0,3,225,225
Northern Cape,HEALTH,Health Care Support Services,MEDICINE TRADING ACCOUNT,Operating leases,0,0,0,278,278
Northern Cape,HEALTH,Health Care Support Services,MEDICINE TRADING ACCOUNT,Operating payments,20,34,43,32,32
Northern Cape,HEALTH,Health Care Support Services,MEDICINE TRADING ACCOUNT,Property payments,2414,4115,3330,5446,5446
Northern Cape,HEALTH,Health Care Support Services,MEDICINE TRADING ACCOUNT,Rental and hiring,0,3,0,0,0
Northern Cape,HEALTH,Health Care Support Services,MEDICINE TRADING ACCOUNT,Training and development,0,0,20,0,0
Northern Cape,HEALTH,Health Care Support Services,MEDICINE TRADING ACCOUNT,Travel and subsistence,409,467,625,884,884
Northern Cape,HEALTH,Health Care Support Services,MEDICINE TRADING ACCOUNT,Other transfers to households,0,0,51,0,0
Northern Cape,HEALTH,Health Care Support Services,MEDICINE TRADING ACCOUNT,Social benefits,0,104,30,0,0
Northern Cape,HEALTH,Health Care Support Services,COMPENSATORY SERVICES,Other transfers to households,60767,42435,24747,0,0
Northern Cape,HEALTH,Health Facilities Management,DISTRICT HOSPITAL SERVICES,Buildings,177198,128809,129089,138133,138133
Northern Cape,HEALTH,Health Facilities Management,DISTRICT HOSPITAL SERVICES,Other machinery and equipment,551,13325,7741,84653,84653
Northern Cape,HEALTH,Health Facilities Management,DISTRICT HOSPITAL SERVICES,Software and other intangible assets,0,85,0,0,0
Northern Cape,HEALTH,Health Facilities Management,DISTRICT HOSPITAL SERVICES,Salaries and wages,0,0,0,18328,18328
Northern Cape,HEALTH,Health Facilities Management,DISTRICT HOSPITAL SERVICES,Social contributions,0,0,0,672,672
Northern Cape,HEALTH,Health Facilities Management,DISTRICT HOSPITAL SERVICES,Agency and support/outsourced services,0,124,0,0,0
Northern Cape,HEALTH,Health Facilities Management,DISTRICT HOSPITAL SERVICES,Catering: Departmental activities,286,1,24,0,0
Northern Cape,HEALTH,Health Facilities Management,DISTRICT HOSPITAL SERVICES,Consultants: Business and advisory services,0,0,0,0,25000
Northern Cape,HEALTH,Health Facilities Management,DISTRICT HOSPITAL SERVICES,Consumable supplies,6,96,1,0,0
Northern Cape,HEALTH,Health Facilities Management,DISTRICT HOSPITAL SERVICES,"Consumables: Stationery, printing and office supplies",580,384,0,0,0
Northern Cape,HEALTH,Health Facilities Management,DISTRICT HOSPITAL SERVICES,Contractors,93157,16288,18494,275485,275485
Northern Cape,HEALTH,Health Facilities Management,DISTRICT HOSPITAL SERVICES,Inventory: Materials and supplies,0,26,0,0,0
Northern Cape,HEALTH,Health Facilities Management,DISTRICT HOSPITAL SERVICES,Inventory: Medical supplies,306,941,412,0,0
Northern Cape,HEALTH,Health Facilities Management,DISTRICT HOSPITAL SERVICES,Inventory: Medicine,0,0,39,0,0
Northern Cape,HEALTH,Health Facilities Management,DISTRICT HOSPITAL SERVICES,Inventory: Other supplies,74,991,0,0,0
Northern Cape,HEALTH,Health Facilities Management,DISTRICT HOSPITAL SERVICES,Minor assets,100,539,502,7397,7397
Northern Cape,HEALTH,Health Facilities Management,DISTRICT HOSPITAL SERVICES,Property payments,18182,6554,3509,3261,3261
Northern Cape,HEALTH,Health Facilities Management,DISTRICT HOSPITAL SERVICES,Travel and subsistence,17,5,45,0,0
Northern Cape,HEALTH,Health Facilities Management,DISTRICT HOSPITAL SERVICES,Interest (Incl. interest on unitary payments (PPP)),0,0,320,0,0
Northern Cape,HEALTH,Health Facilities Management,PROVINCIAL HOSPITAL SERVICES,Buildings,53086,227341,99483,0,0
Northern Cape,HEALTH,Health Facilities Management,PROVINCIAL HOSPITAL SERVICES,Other machinery and equipment,0,1747,2299,0,0
Northern Cape,HEALTH,Health Facilities Management,PROVINCIAL HOSPITAL SERVICES,Salaries and wages,11008,10559,11272,13036,13036
Northern Cape,HEALTH,Health Facilities Management,PROVINCIAL HOSPITAL SERVICES,Social contributions,1229,1145,1164,6245,6245
Northern Cape,HEALTH,Health Facilities Management,PROVINCIAL HOSPITAL SERVICES,Administrative fees,8,26,3,142,142
Northern Cape,HEALTH,Health Facilities Management,PROVINCIAL HOSPITAL SERVICES,Advertising,0,0,6,849,849
Northern Cape,HEALTH,Health Facilities Management,PROVINCIAL HOSPITAL SERVICES,Agency and support/outsourced services,0,0,0,189,189
Northern Cape,HEALTH,Health Facilities Management,PROVINCIAL HOSPITAL SERVICES,Bursaries: Employees,0,0,0,66,66
Northern Cape,HEALTH,Health Facilities Management,PROVINCIAL HOSPITAL SERVICES,Catering: Departmental activities,5,0,433,132,132
Northern Cape,HEALTH,Health Facilities Management,PROVINCIAL HOSPITAL SERVICES,Communication (G&S),0,0,1612,185,185
Northern Cape,HEALTH,Health Facilities Management,PROVINCIAL HOSPITAL SERVICES,Computer services,0,1107,0,151,151
Northern Cape,HEALTH,Health Facilities Management,PROVINCIAL HOSPITAL SERVICES,Consultants: Business and advisory services,0,0,0,617,617
Northern Cape,HEALTH,Health Facilities Management,PROVINCIAL HOSPITAL SERVICES,Consumable supplies,0,441,32,196,196
Northern Cape,HEALTH,Health Facilities Management,PROVINCIAL HOSPITAL SERVICES,"Consumables: Stationery, printing and office supplies",0,4,0,354,354
Northern Cape,HEALTH,Health Facilities Management,PROVINCIAL HOSPITAL SERVICES,Contractors,50582,39170,162263,20123,70123
Northern Cape,HEALTH,Health Facilities Management,PROVINCIAL HOSPITAL SERVICES,Fleet services (including government motor transport),0,0,0,9,9
Northern Cape,HEALTH,Health Facilities Management,PROVINCIAL HOSPITAL SERVICES,Inventory: Materials and supplies,0,0,0,319,319
Northern Cape,HEALTH,Health Facilities Management,PROVINCIAL HOSPITAL SERVICES,Inventory: Medical supplies,0,203,383,337,337
Northern Cape,HEALTH,Health Facilities Management,PROVINCIAL HOSPITAL SERVICES,Minor assets,0,486,1872,3087,3087
Northern Cape,HEALTH,Health Facilities Management,PROVINCIAL HOSPITAL SERVICES,Operating leases,0,0,0,30,30
Northern Cape,HEALTH,Health Facilities Management,PROVINCIAL HOSPITAL SERVICES,Operating payments,14,0,19,197,197
Northern Cape,HEALTH,Health Facilities Management,PROVINCIAL HOSPITAL SERVICES,Property payments,0,1716,1798,9,9
Northern Cape,HEALTH,Health Facilities Management,PROVINCIAL HOSPITAL SERVICES,Rental and hiring,0,0,358,0,0
Northern Cape,HEALTH,Health Facilities Management,PROVINCIAL HOSPITAL SERVICES,Training and development,0,0,0,19,19
Northern Cape,HEALTH,Health Facilities Management,PROVINCIAL HOSPITAL SERVICES,Travel and subsistence,820,584,479,2266,2266
Northern Cape,HEALTH,Health Facilities Management,PROVINCIAL HOSPITAL SERVICES,Venues and facilities,0,0,0,1193,1193
Northern Cape,HEALTH,Health Facilities Management,PROVINCIAL HOSPITAL SERVICES,Other transfers to households,0,0,1789,0,0
Northern Cape,HEALTH,Health Facilities Management,PROVINCIAL HOSPITAL SERVICES,Social benefits,0,188,8,0,0
Western Cape,HEALTH AND WELLNESS,Administration,OFFICE OF THE MEC,Other machinery and equipment,0,38,27,58,208
Western Cape,HEALTH AND WELLNESS,Administration,OFFICE OF THE MEC,Transport equipment,568,715,556,572,572
Western Cape,HEALTH AND WELLNESS,Administration,OFFICE OF THE MEC,Salaries and wages,6234,6544,6341,6651,6651
Western Cape,HEALTH AND WELLNESS,Administration,OFFICE OF THE MEC,Social contributions,452,365,338,431,431
Western Cape,HEALTH AND WELLNESS,Administration,OFFICE OF THE MEC,Advertising,5,3,4,0,0
Western Cape,HEALTH AND WELLNESS,Administration,OFFICE OF THE MEC,Catering: Departmental activities,36,47,83,46,146
Western Cape,HEALTH AND WELLNESS,Administration,OFFICE OF THE MEC,Communication (G&S),95,86,38,253,156
Western Cape,HEALTH AND WELLNESS,Administration,OFFICE OF THE MEC,Consultants: Business and advisory services,0,0,9,0,0
Western Cape,HEALTH AND WELLNESS,Administration,OFFICE OF THE MEC,Consumable supplies,15,9,12,84,95
Western Cape,HEALTH AND WELLNESS,Administration,OFFICE OF THE MEC,"Consumables: Stationery, printing and office supplies",91,43,58,92,110
Western Cape,HEALTH AND WELLNESS,Administration,OFFICE OF THE MEC,Contractors,1,5,2,0,30
Western Cape,HEALTH AND WELLNESS,Administration,OFFICE OF THE MEC,Entertainment,1,1,0,33,33
Western Cape,HEALTH AND WELLNESS,Administration,OFFICE OF THE MEC,Fleet services (including government motor transport),593,231,329,564,564
Western Cape,HEALTH AND WELLNESS,Administration,OFFICE OF THE MEC,Minor assets,0,6,31,95,95
Western Cape,HEALTH AND WELLNESS,Administration,OFFICE OF THE MEC,Operating leases,54,27,38,60,112
Western Cape,HEALTH AND WELLNESS,Administration,OFFICE OF THE MEC,Property payments,0,0,0,28,28
Western Cape,HEALTH AND WELLNESS,Administration,OFFICE OF THE MEC,Training and development,32,14,4,9,11
Western Cape,HEALTH AND WELLNESS,Administration,OFFICE OF THE MEC,Travel and subsistence,1032,1161,424,655,389
Western Cape,HEALTH AND WELLNESS,Administration,OFFICE OF THE MEC,Social Benefits,32,26,156,0,0
Western Cape,HEALTH AND WELLNESS,Administration,MANAGEMENT,Other machinery and equipment,23451,12949,12580,6189,116356
Western Cape,HEALTH AND WELLNESS,Administration,MANAGEMENT,Transport equipment,17541,10381,12153,7862,8009
Western Cape,HEALTH AND WELLNESS,Administration,MANAGEMENT,Software and other intangible assets,157,158,157,0,0
Western Cape,HEALTH AND WELLNESS,Administration,MANAGEMENT,Salaries and wages,348840,361256,346988,400170,400170
Western Cape,HEALTH AND WELLNESS,Administration,MANAGEMENT,Social contributions,52957,57506,58354,67701,67701
Western Cape,HEALTH AND WELLNESS,Administration,MANAGEMENT,Administrative fees,64,0,3,336,336
Western Cape,HEALTH AND WELLNESS,Administration,MANAGEMENT,Advertising,11115,7005,4191,9498,9498
Western Cape,HEALTH AND WELLNESS,Administration,MANAGEMENT,Agency and support/outsourced services,67,3,0,0,0
Western Cape,HEALTH AND WELLNESS,Administration,MANAGEMENT,Audit costs: External,20799,23420,24163,25614,25614
Western Cape,HEALTH AND WELLNESS,Administration,MANAGEMENT,Catering: Departmental activities,408,714,1148,625,625
Western Cape,HEALTH AND WELLNESS,Administration,MANAGEMENT,Communication (G&S),11440,12577,11559,12868,12868
Western Cape,HEALTH AND WELLNESS,Administration,MANAGEMENT,Computer services,129500,152599,195269,141586,200592
Western Cape,HEALTH AND WELLNESS,Administration,MANAGEMENT,Consultants: Business and advisory services,7061,8119,8499,6689,6689
Western Cape,HEALTH AND WELLNESS,Administration,MANAGEMENT,Consumable supplies,586,297,1026,422,422
Western Cape,HEALTH AND WELLNESS,Administration,MANAGEMENT,"Consumables: Stationery, printing and office supplies",3198,2137,1829,4947,5062
Western Cape,HEALTH AND WELLNESS,Administration,MANAGEMENT,Contractors,148618,159165,44517,39306,43306
Western Cape,HEALTH AND WELLNESS,Administration,MANAGEMENT,Entertainment,32,20,28,39,39
Western Cape,HEALTH AND WELLNESS,Administration,MANAGEMENT,Fleet services (including government motor transport),5450,5025,4631,4710,4595
Western Cape,HEALTH AND WELLNESS,Administration,MANAGEMENT,Inventory: Medical supplies,62939,2,6,9,9
Western Cape,HEALTH AND WELLNESS,Administration,MANAGEMENT,Laboratory services,29043,445,0,0,0
Western Cape,HEALTH AND WELLNESS,Administration,MANAGEMENT,Legal services (G&S),11690,13682,21630,21175,21175
Western Cape,HEALTH AND WELLNESS,Administration,MANAGEMENT,Minor assets,1275,1245,1589,1531,1531
Western Cape,HEALTH AND WELLNESS,Administration,MANAGEMENT,Operating leases,725,674,1183,1536,1706
Western Cape,HEALTH AND WELLNESS,Administration,MANAGEMENT,Operating payments,5608,411,155,519,519
Western Cape,HEALTH AND WELLNESS,Administration,MANAGEMENT,Property payments,2202,1125,1378,448,448
Western Cape,HEALTH AND WELLNESS,Administration,MANAGEMENT,Rental and hiring,15,103,0,141,141
Western Cape,HEALTH AND WELLNESS,Administration,MANAGEMENT,Training and development,1534,1984,1398,1841,1841
Western Cape,HEALTH AND WELLNESS,Administration,MANAGEMENT,Travel and subsistence,4974,7525,6716,6611,6691
Western Cape,HEALTH AND WELLNESS,Administration,MANAGEMENT,Venues and facilities,1825,906,261,189,189
Western Cape,HEALTH AND WELLNESS,Administration,MANAGEMENT,Other transfers to households,162954,119092,133985,216329,115512
Western Cape,HEALTH AND WELLNESS,Administration,MANAGEMENT,Social Benefits,10419,10010,9416,10947,10697
Western Cape,HEALTH AND WELLNESS,Administration,MANAGEMENT,Other transfers to public corporations,487,547,506,680,680
Western Cape,HEALTH AND WELLNESS,Administration,MANAGEMENT,Payments for financial assets,0,170,0,0,0
Western Cape,HEALTH AND WELLNESS,District Health Services,DISTRICT MANAGEMENT,Other machinery and equipment,5150,5276,8670,7672,12116
Western Cape,HEALTH AND WELLNESS,District Health Services,DISTRICT MANAGEMENT,Transport equipment,10585,10949,18029,16061,15709
Western Cape,HEALTH AND WELLNESS,District Health Services,DISTRICT MANAGEMENT,Salaries and wages,276104,310659,367012,405047,400850
Western Cape,HEALTH AND WELLNESS,District Health Services,DISTRICT MANAGEMENT,Social contributions,41264,47861,57740,62851,62476
Western Cape,HEALTH AND WELLNESS,District Health Services,DISTRICT MANAGEMENT,Advertising,2991,6460,7821,11330,10619
Western Cape,HEALTH AND WELLNESS,District Health Services,DISTRICT MANAGEMENT,Agency and support/outsourced services,2085,3365,2903,4347,10757
Western Cape,HEALTH AND WELLNESS,District Health Services,DISTRICT MANAGEMENT,Catering: Departmental activities,1815,2226,2049,2233,3116
Western Cape,HEALTH AND WELLNESS,District Health Services,DISTRICT MANAGEMENT,Communication (G&S),1899,1231,1146,2426,2307
Western Cape,HEALTH AND WELLNESS,District Health Services,DISTRICT MANAGEMENT,Computer services,21,108,264,3585,184
Western Cape,HEALTH AND WELLNESS,District Health Services,DISTRICT MANAGEMENT,Consultants: Business and advisory services,2778,3855,5573,13935,21784
Western Cape,HEALTH AND WELLNESS,District Health Services,DISTRICT MANAGEMENT,Consumable supplies,2285,1737,1659,2668,2709
Western Cape,HEALTH AND WELLNESS,District Health Services,DISTRICT MANAGEMENT,"Consumables: Stationery, printing and office supplies",6728,4464,2012,5520,5010
Western Cape,HEALTH AND WELLNESS,District Health Services,DISTRICT MANAGEMENT,Contractors,2225,1854,134735,140545,170355
Western Cape,HEALTH AND WELLNESS,District Health Services,DISTRICT MANAGEMENT,Entertainment,30,41,55,139,146
Western Cape,HEALTH AND WELLNESS,District Health Services,DISTRICT MANAGEMENT,Fleet services (including government motor transport),5600,5336,6148,8623,8223
Western Cape,HEALTH AND WELLNESS,District Health Services,DISTRICT MANAGEMENT,Inventory: Food and food supplies,0,38,186,500,500
Western Cape,HEALTH AND WELLNESS,District Health Services,DISTRICT MANAGEMENT,Inventory: Medical supplies,7424,7454,7302,12006,12093
Western Cape,HEALTH AND WELLNESS,District Health Services,DISTRICT MANAGEMENT,Inventory: Medicine,2,0,0,2,0
Western Cape,HEALTH AND WELLNESS,District Health Services,DISTRICT MANAGEMENT,Laboratory services,0,1,0,0,0
Western Cape,HEALTH AND WELLNESS,District Health Services,DISTRICT MANAGEMENT,Minor assets,876,747,748,2208,1924
Western Cape,HEALTH AND WELLNESS,District Health Services,DISTRICT MANAGEMENT,Operating leases,1380,1395,1488,1918,1918
Western Cape,HEALTH AND WELLNESS,District Health Services,DISTRICT MANAGEMENT,Operating payments,258,137,561,477,450
Western Cape,HEALTH AND WELLNESS,District Health Services,DISTRICT MANAGEMENT,Property payments,4076,3952,3511,5710,6764
Western Cape,HEALTH AND WELLNESS,District Health Services,DISTRICT MANAGEMENT,Rental and hiring,538,206,52,443,443
Western Cape,HEALTH AND WELLNESS,District Health Services,DISTRICT MANAGEMENT,Training and development,4374,1924,2917,5938,3790
Western Cape,HEALTH AND WELLNESS,District Health Services,DISTRICT MANAGEMENT,Travel and subsistence,4478,4620,4170,8518,8551
Western Cape,HEALTH AND WELLNESS,District Health Services,DISTRICT MANAGEMENT,Venues and facilities,224,20,143,723,332
Western Cape,HEALTH AND WELLNESS,District Health Services,DISTRICT MANAGEMENT,Other transfers to households,80,0,113,200,200
Western Cape,HEALTH AND WELLNESS,District Health Services,DISTRICT MANAGEMENT,Social Benefits,1524,2321,1248,1738,1768
Western Cape,HEALTH AND WELLNESS,District Health Services,DISTRICT MANAGEMENT,Non-profit institutions,12956,13362,16248,14367,16867
Western Cape,HEALTH AND WELLNESS,District Health Services,DISTRICT MANAGEMENT,Provincial agencies and funds,0,0,10,0,0
Western Cape,HEALTH AND WELLNESS,District Health Services,DISTRICT MANAGEMENT,Payments for financial assets,489,562,1044,0,0
Western Cape,HEALTH AND WELLNESS,District Health Services,COMMUNITY HEALTH CLINICS,Other machinery and equipment,5225,5143,7700,8784,9217
Western Cape,HEALTH AND WELLNESS,District Health Services,COMMUNITY HEALTH CLINICS,Transport equipment,17044,20638,21973,20043,19691
Western Cape,HEALTH AND WELLNESS,District Health Services,COMMUNITY HEALTH CLINICS,Salaries and wages,640809,675800,670677,755223,755223
Western Cape,HEALTH AND WELLNESS,District Health Services,COMMUNITY HEALTH CLINICS,Social contributions,102476,110558,113828,125141,125141
Western Cape,HEALTH AND WELLNESS,District Health Services,COMMUNITY HEALTH CLINICS,Advertising,4,570,3,509,509
Western Cape,HEALTH AND WELLNESS,District Health Services,COMMUNITY HEALTH CLINICS,Agency and support/outsourced services,7790,8829,12298,11143,11206
Western Cape,HEALTH AND WELLNESS,District Health Services,COMMUNITY HEALTH CLINICS,Catering: Departmental activities,123,5,63,43,43
Western Cape,HEALTH AND WELLNESS,District Health Services,COMMUNITY HEALTH CLINICS,Communication (G&S),6077,6091,5907,6374,6274
Western Cape,HEALTH AND WELLNESS,District Health Services,COMMUNITY HEALTH CLINICS,Computer services,275,184,345,414,414
Western Cape,HEALTH AND WELLNESS,District Health Services,COMMUNITY HEALTH CLINICS,Consultants: Business and advisory services,0,15,26,1,1
Western Cape,HEALTH AND WELLNESS,District Health Services,COMMUNITY HEALTH CLINICS,Consumable supplies,14214,15955,11351,11697,11497
Western Cape,HEALTH AND WELLNESS,District Health Services,COMMUNITY HEALTH CLINICS,"Consumables: Stationery, printing and office supplies",10817,11558,10538,10348,10348
Western Cape,HEALTH AND WELLNESS,District Health Services,COMMUNITY HEALTH CLINICS,Contractors,7919,7300,6937,8879,8316
Western Cape,HEALTH AND WELLNESS,District Health Services,COMMUNITY HEALTH CLINICS,Fleet services (including government motor transport),8823,9876,9064,9728,10028
Western Cape,HEALTH AND WELLNESS,District Health Services,COMMUNITY HEALTH CLINICS,Inventory: Food and food supplies,404,237,1547,0,0
Western Cape,HEALTH AND WELLNESS,District Health Services,COMMUNITY HEALTH CLINICS,Inventory: Medical supplies,43846,41706,47588,42729,44537
Western Cape,HEALTH AND WELLNESS,District Health Services,COMMUNITY HEALTH CLINICS,Inventory: Medicine,306809,365078,344044,322027,332099
Western Cape,HEALTH AND WELLNESS,District Health Services,COMMUNITY HEALTH CLINICS,Laboratory services,49248,53747,47435,63348,70140
Western Cape,HEALTH AND WELLNESS,District Health Services,COMMUNITY HEALTH CLINICS,Minor assets,2449,1456,2263,3684,3684
Western Cape,HEALTH AND WELLNESS,District Health Services,COMMUNITY HEALTH CLINICS,Operating leases,1749,2325,2588,2698,2698
Western Cape,HEALTH AND WELLNESS,District Health Services,COMMUNITY HEALTH CLINICS,Operating payments,507,304,302,417,417
Western Cape,HEALTH AND WELLNESS,District Health Services,COMMUNITY HEALTH CLINICS,Property payments,51173,70725,65829,62212,64400
Western Cape,HEALTH AND WELLNESS,District Health Services,COMMUNITY HEALTH CLINICS,Rental and hiring,1340,1497,1374,1276,1276
Western Cape,HEALTH AND WELLNESS,District Health Services,COMMUNITY HEALTH CLINICS,Training and development,185,208,274,352,352
Western Cape,HEALTH AND WELLNESS,District Health Services,COMMUNITY HEALTH CLINICS,Transport provided: Departmental activity,660,571,593,841,841
Western Cape,HEALTH AND WELLNESS,District Health Services,COMMUNITY HEALTH CLINICS,Travel and subsistence,1663,1928,1283,2094,2094
Western Cape,HEALTH AND WELLNESS,District Health Services,COMMUNITY HEALTH CLINICS,Venues and facilities,6,0,5,7,7
Western Cape,HEALTH AND WELLNESS,District Health Services,COMMUNITY HEALTH CLINICS,Social Benefits,1561,2327,2542,2771,2771
Western Cape,HEALTH AND WELLNESS,District Health Services,COMMUNITY HEALTH CLINICS,Non-profit institutions,2241,1896,1728,2597,2597
Western Cape,HEALTH AND WELLNESS,District Health Services,COMMUNITY HEALTH CLINICS,Municipal bank accounts,335420,324552,327662,336476,336476
Western Cape,HEALTH AND WELLNESS,District Health Services,COMMUNITY HEALTH CLINICS,Payments for financial assets,39,23,34,0,0
Western Cape,HEALTH AND WELLNESS,District Health Services,COMMUNITY HEALTH CENTRES,Other machinery and equipment,15158,9582,14031,19366,19150
Western Cape,HEALTH AND WELLNESS,District Health Services,COMMUNITY HEALTH CENTRES,Transport equipment,13271,15614,16251,19344,20058
Western Cape,HEALTH AND WELLNESS,District Health Services,COMMUNITY HEALTH CENTRES,Software and other intangible assets,492,29,72,0,0
Western Cape,HEALTH AND WELLNESS,District Health Services,COMMUNITY HEALTH CENTRES,Salaries and wages,1327340,1403277,1430315,1571290,1558705
Western Cape,HEALTH AND WELLNESS,District Health Services,COMMUNITY HEALTH CENTRES,Social contributions,188374,209288,222355,239974,239240
Western Cape,HEALTH AND WELLNESS,District Health Services,COMMUNITY HEALTH CENTRES,Advertising,8,142,2,139,139
Western Cape,HEALTH AND WELLNESS,District Health Services,COMMUNITY HEALTH CENTRES,Agency and support/outsourced services,108296,90350,79539,108198,106698
Western Cape,HEALTH AND WELLNESS,District Health Services,COMMUNITY HEALTH CENTRES,Catering: Departmental activities,251,358,228,94,94
Western Cape,HEALTH AND WELLNESS,District Health Services,COMMUNITY HEALTH CENTRES,Communication (G&S),4638,3468,3714,5672,6552
Western Cape,HEALTH AND WELLNESS,District Health Services,COMMUNITY HEALTH CENTRES,Computer services,1012,5996,6819,2580,4580
Western Cape,HEALTH AND WELLNESS,District Health Services,COMMUNITY HEALTH CENTRES,Consultants: Business and advisory services,166,79,130,78,78
Western Cape,HEALTH AND WELLNESS,District Health Services,COMMUNITY HEALTH CENTRES,Consumable supplies,32333,29412,19780,24687,24887
Western Cape,HEALTH AND WELLNESS,District Health Services,COMMUNITY HEALTH CENTRES,"Consumables: Stationery, printing and office supplies",18360,16630,16474,16035,16635
Western Cape,HEALTH AND WELLNESS,District Health Services,COMMUNITY HEALTH CENTRES,Contractors,34274,32600,25533,29707,29707
Western Cape,HEALTH AND WELLNESS,District Health Services,COMMUNITY HEALTH CENTRES,Entertainment,0,0,0,2,2
Western Cape,HEALTH AND WELLNESS,District Health Services,COMMUNITY HEALTH CENTRES,Fleet services (including government motor transport),5472,5788,5252,6310,6310
Western Cape,HEALTH AND WELLNESS,District Health Services,COMMUNITY HEALTH CENTRES,Inventory: Food and food supplies,2924,1878,3056,134,134
Western Cape,HEALTH AND WELLNESS,District Health Services,COMMUNITY HEALTH CENTRES,Inventory: Medical supplies,143505,156811,174876,179673,189973
Western Cape,HEALTH AND WELLNESS,District Health Services,COMMUNITY HEALTH CENTRES,Inventory: Medicine,566669,654355,648972,637622,656197
Western Cape,HEALTH AND WELLNESS,District Health Services,COMMUNITY HEALTH CENTRES,Inventory: Other supplies,0,1,0,110,110
Western Cape,HEALTH AND WELLNESS,District Health Services,COMMUNITY HEALTH CENTRES,Laboratory services,87381,94303,112767,114289,116665
Western Cape,HEALTH AND WELLNESS,District Health Services,COMMUNITY HEALTH CENTRES,Minor assets,3648,2209,1810,9390,9310
Western Cape,HEALTH AND WELLNESS,District Health Services,COMMUNITY HEALTH CENTRES,Operating leases,2291,2137,2381,3238,3238
Western Cape,HEALTH AND WELLNESS,District Health Services,COMMUNITY HEALTH CENTRES,Operating payments,549,536,518,1061,1061
Western Cape,HEALTH AND WELLNESS,District Health Services,COMMUNITY HEALTH CENTRES,Property payments,125192,165640,164893,157728,175503
Western Cape,HEALTH AND WELLNESS,District Health Services,COMMUNITY HEALTH CENTRES,Rental and hiring,12042,12573,10282,1309,1309
Western Cape,HEALTH AND WELLNESS,District Health Services,COMMUNITY HEALTH CENTRES,Training and development,1258,1001,1254,2897,2897
Western Cape,HEALTH AND WELLNESS,District Health Services,COMMUNITY HEALTH CENTRES,Transport provided: Departmental activity,44,0,10,0,0
Western Cape,HEALTH AND WELLNESS,District Health Services,COMMUNITY HEALTH CENTRES,Travel and subsistence,1518,1302,397,922,902
Western Cape,HEALTH AND WELLNESS,District Health Services,COMMUNITY HEALTH CENTRES,Venues and facilities,0,0,0,103,103
Western Cape,HEALTH AND WELLNESS,District Health Services,COMMUNITY HEALTH CENTRES,Social Benefits,4552,3880,4920,5738,5738
Western Cape,HEALTH AND WELLNESS,District Health Services,COMMUNITY HEALTH CENTRES,Payments for financial assets,115,118,66,0,0
Western Cape,HEALTH AND WELLNESS,District Health Services,COMMUNITY BASED SERVICES,Other machinery and equipment,175,204,799,185,185
Western Cape,HEALTH AND WELLNESS,District Health Services,COMMUNITY BASED SERVICES,Transport equipment,634,715,705,481,481
Western Cape,HEALTH AND WELLNESS,District Health Services,COMMUNITY BASED SERVICES,Salaries and wages,48415,51430,52566,56091,56091
Western Cape,HEALTH AND WELLNESS,District Health Services,COMMUNITY BASED SERVICES,Social contributions,7127,7758,8070,8541,8541
Western Cape,HEALTH AND WELLNESS,District Health Services,COMMUNITY BASED SERVICES,Advertising,970,1366,311,1156,1156
Western Cape,HEALTH AND WELLNESS,District Health Services,COMMUNITY BASED SERVICES,Agency and support/outsourced services,1921,2363,3723,3404,3444
Western Cape,HEALTH AND WELLNESS,District Health Services,COMMUNITY BASED SERVICES,Catering: Departmental activities,4,4,3,0,0
Western Cape,HEALTH AND WELLNESS,District Health Services,COMMUNITY BASED SERVICES,Communication (G&S),80,92,107,117,117
Western Cape,HEALTH AND WELLNESS,District Health Services,COMMUNITY BASED SERVICES,Consultants: Business and advisory services,0,0,0,0,0
Western Cape,HEALTH AND WELLNESS,District Health Services,COMMUNITY BASED SERVICES,Consumable supplies,2451,2771,2716,2814,2744
Western Cape,HEALTH AND WELLNESS,District Health Services,COMMUNITY BASED SERVICES,"Consumables: Stationery, printing and office supplies",137,114,100,78,78
Western Cape,HEALTH AND WELLNESS,District Health Services,COMMUNITY BASED SERVICES,Contractors,101,19,8,117,117
Western Cape,HEALTH AND WELLNESS,District Health Services,COMMUNITY BASED SERVICES,Entertainment,0,0,1,0,0
Western Cape,HEALTH AND WELLNESS,District Health Services,COMMUNITY BASED SERVICES,Fleet services (including government motor transport),640,675,710,777,877
Western Cape,HEALTH AND WELLNESS,District Health Services,COMMUNITY BASED SERVICES,Inventory: Food and food supplies,129,168,102,246,246
Western Cape,HEALTH AND WELLNESS,District Health Services,COMMUNITY BASED SERVICES,Inventory: Medical supplies,4029,4291,8974,1072,1072
Western Cape,HEALTH AND WELLNESS,District Health Services,COMMUNITY BASED SERVICES,Inventory: Medicine,14198,13602,11963,18257,18257
Western Cape,HEALTH AND WELLNESS,District Health Services,COMMUNITY BASED SERVICES,Laboratory services,327,14623,71,16948,16878
Western Cape,HEALTH AND WELLNESS,District Health Services,COMMUNITY BASED SERVICES,Minor assets,21,213,73,263,263
Western Cape,HEALTH AND WELLNESS,District Health Services,COMMUNITY BASED SERVICES,Operating leases,0,38,47,57,57
Western Cape,HEALTH AND WELLNESS,District Health Services,COMMUNITY BASED SERVICES,Operating payments,0,132,29,78,78
Western Cape,HEALTH AND WELLNESS,District Health Services,COMMUNITY BASED SERVICES,Property payments,3311,3620,4471,3626,3626
Western Cape,HEALTH AND WELLNESS,District Health Services,COMMUNITY BASED SERVICES,Rental and hiring,41,36,40,0,0
Western Cape,HEALTH AND WELLNESS,District Health Services,COMMUNITY BASED SERVICES,Training and development,41,97,41,92,92
Western Cape,HEALTH AND WELLNESS,District Health Services,COMMUNITY BASED SERVICES,Transport provided: Departmental activity,0,2,0,0,0
Western Cape,HEALTH AND WELLNESS,District Health Services,COMMUNITY BASED SERVICES,Travel and subsistence,141,143,129,421,421
Western Cape,HEALTH AND WELLNESS,District Health Services,COMMUNITY BASED SERVICES,Venues and facilities,0,0,0,13,13
Western Cape,HEALTH AND WELLNESS,District Health Services,COMMUNITY BASED SERVICES,Social Benefits,110,312,208,417,417
Western Cape,HEALTH AND WELLNESS,District Health Services,COMMUNITY BASED SERVICES,Non-profit institutions,391125,371783,414142,408240,427046
Western Cape,HEALTH AND WELLNESS,District Health Services,OTHER COMMUNITY SERVICES,Transport equipment,1008,0,0,0,0
Western Cape,HEALTH AND WELLNESS,District Health Services,OTHER COMMUNITY SERVICES,Salaries and wages,154477,0,0,0,0
Western Cape,HEALTH AND WELLNESS,District Health Services,OTHER COMMUNITY SERVICES,Social contributions,313,0,0,0,0
Western Cape,HEALTH AND WELLNESS,District Health Services,OTHER COMMUNITY SERVICES,Advertising,12090,0,0,0,0
Western Cape,HEALTH AND WELLNESS,District Health Services,OTHER COMMUNITY SERVICES,Agency and support/outsourced services,9181,0,0,0,0
Western Cape,HEALTH AND WELLNESS,District Health Services,OTHER COMMUNITY SERVICES,Catering: Departmental activities,425,0,0,1,1
Western Cape,HEALTH AND WELLNESS,District Health Services,OTHER COMMUNITY SERVICES,Consultants: Business and advisory services,1677,0,0,0,0
Western Cape,HEALTH AND WELLNESS,District Health Services,OTHER COMMUNITY SERVICES,Consumable supplies,704,0,0,0,0
Western Cape,HEALTH AND WELLNESS,District Health Services,OTHER COMMUNITY SERVICES,Fleet services (including government motor transport),86,0,0,0,0
Western Cape,HEALTH AND WELLNESS,District Health Services,OTHER COMMUNITY SERVICES,Inventory: Medical supplies,8769,0,0,0,0
Western Cape,HEALTH AND WELLNESS,District Health Services,OTHER COMMUNITY SERVICES,Operating payments,284,0,0,0,0
Western Cape,HEALTH AND WELLNESS,District Health Services,OTHER COMMUNITY SERVICES,Property payments,8565,0,0,0,0
Western Cape,HEALTH AND WELLNESS,District Health Services,OTHER COMMUNITY SERVICES,Travel and subsistence,132,0,0,0,0
Western Cape,HEALTH AND WELLNESS,District Health Services,OTHER COMMUNITY SERVICES,Social Benefits,763,0,0,0,0
Western Cape,HEALTH AND WELLNESS,District Health Services,HIV/AIDS,Other machinery and equipment,1193,313,447,375,21575
Western Cape,HEALTH AND WELLNESS,District Health Services,HIV/AIDS,Salaries and wages,552220,587825,630246,665305,683467
Western Cape,HEALTH AND WELLNESS,District Health Services,HIV/AIDS,Social contributions,75282,81638,88511,84506,87166
Western Cape,HEALTH AND WELLNESS,District Health Services,HIV/AIDS,Advertising,3370,4376,7058,3684,3684
Western Cape,HEALTH AND WELLNESS,District Health Services,HIV/AIDS,Agency and support/outsourced services,0,0,15,0,0
Western Cape,HEALTH AND WELLNESS,District Health Services,HIV/AIDS,Catering: Departmental activities,109,667,715,472,472
Western Cape,HEALTH AND WELLNESS,District Health Services,HIV/AIDS,Communication (G&S),208,195,64,270,270
Western Cape,HEALTH AND WELLNESS,District Health Services,HIV/AIDS,Consultants: Business and advisory services,7101,6869,11267,6675,6675
Western Cape,HEALTH AND WELLNESS,District Health Services,HIV/AIDS,Consumable supplies,2029,2126,2286,21,21
Western Cape,HEALTH AND WELLNESS,District Health Services,HIV/AIDS,"Consumables: Stationery, printing and office supplies",7623,515,1256,595,595
Western Cape,HEALTH AND WELLNESS,District Health Services,HIV/AIDS,Contractors,58550,60165,71039,115588,105588
Western Cape,HEALTH AND WELLNESS,District Health Services,HIV/AIDS,Entertainment,0,2,1,0,0
Western Cape,HEALTH AND WELLNESS,District Health Services,HIV/AIDS,Fleet services (including government motor transport),2,0,0,0,0
Western Cape,HEALTH AND WELLNESS,District Health Services,HIV/AIDS,Inventory: Food and food supplies,2556,2238,896,2699,2699
Western Cape,HEALTH AND WELLNESS,District Health Services,HIV/AIDS,Inventory: Medical supplies,64938,69415,87815,88902,89554
Western Cape,HEALTH AND WELLNESS,District Health Services,HIV/AIDS,Inventory: Medicine,352718,266753,319329,308377,284117
Western Cape,HEALTH AND WELLNESS,District Health Services,HIV/AIDS,Laboratory services,330496,298055,267833,212452,212452
Western Cape,HEALTH AND WELLNESS,District Health Services,HIV/AIDS,Minor assets,231,138,66,220,3220
Western Cape,HEALTH AND WELLNESS,District Health Services,HIV/AIDS,Operating leases,0,0,59,0,0
Western Cape,HEALTH AND WELLNESS,District Health Services,HIV/AIDS,Operating payments,3355,3496,3493,3236,3236
Western Cape,HEALTH AND WELLNESS,District Health Services,HIV/AIDS,Property payments,12,67,76,52,52
Western Cape,HEALTH AND WELLNESS,District Health Services,HIV/AIDS,Rental and hiring,37,3,0,50,50
Western Cape,HEALTH AND WELLNESS,District Health Services,HIV/AIDS,Training and development,6098,7691,10782,9400,9400
Western Cape,HEALTH AND WELLNESS,District Health Services,HIV/AIDS,Travel and subsistence,976,1006,1254,1601,1601
Western Cape,HEALTH AND WELLNESS,District Health Services,HIV/AIDS,Venues and facilities,153,0,0,300,300
Western Cape,HEALTH AND WELLNESS,District Health Services,HIV/AIDS,Social Benefits,1051,1571,1504,0,0
Western Cape,HEALTH AND WELLNESS,District Health Services,HIV/AIDS,Non-profit institutions,183561,191525,210805,198843,278351
Western Cape,HEALTH AND WELLNESS,District Health Services,HIV/AIDS,Municipal bank accounts,288499,270377,264883,299819,299819
Western Cape,HEALTH AND WELLNESS,District Health Services,NUTRITION,Transport equipment,0,41,0,8,8
Western Cape,HEALTH AND WELLNESS,District Health Services,NUTRITION,Salaries and wages,9235,9915,10584,10716,10716
Western Cape,HEALTH AND WELLNESS,District Health Services,NUTRITION,Social contributions,1621,1793,1967,1934,1934
Western Cape,HEALTH AND WELLNESS,District Health Services,NUTRITION,Advertising,2651,2065,1800,1876,1876
Western Cape,HEALTH AND WELLNESS,District Health Services,NUTRITION,Catering: Departmental activities,30,30,29,63,63
Western Cape,HEALTH AND WELLNESS,District Health Services,NUTRITION,Computer services,0,0,0,3,3
Western Cape,HEALTH AND WELLNESS,District Health Services,NUTRITION,Consumable supplies,120,73,117,131,131
Western Cape,HEALTH AND WELLNESS,District Health Services,NUTRITION,"Consumables: Stationery, printing and office supplies",6,0,174,173,173
Western Cape,HEALTH AND WELLNESS,District Health Services,NUTRITION,Fleet services (including government motor transport),11,27,16,41,41
Western Cape,HEALTH AND WELLNESS,District Health Services,NUTRITION,Inventory: Food and food supplies,41541,50385,50544,43155,49355
Western Cape,HEALTH AND WELLNESS,District Health Services,NUTRITION,Inventory: Medical supplies,8,9,3,80,80
Western Cape,HEALTH AND WELLNESS,District Health Services,NUTRITION,Minor assets,0,14,18,184,184
Western Cape,HEALTH AND WELLNESS,District Health Services,NUTRITION,Operating payments,0,0,0,28,28
Western Cape,HEALTH AND WELLNESS,District Health Services,NUTRITION,Training and development,22,53,8,132,132
Western Cape,HEALTH AND WELLNESS,District Health Services,NUTRITION,Travel and subsistence,37,42,44,150,150
Western Cape,HEALTH AND WELLNESS,District Health Services,NUTRITION,Social Benefits,66,0,0,0,0
Western Cape,HEALTH AND WELLNESS,District Health Services,NUTRITION,Non-profit institutions,3899,1092,1097,1113,1113
Western Cape,HEALTH AND WELLNESS,District Health Services,NUTRITION,Municipal bank accounts,6074,5909,4707,6068,6068
Western Cape,HEALTH AND WELLNESS,District Health Services,CORONER SERVICES,"Consumables: Stationery, printing and office supplies",0,0,0,1,1
Western Cape,HEALTH AND WELLNESS,District Health Services,DISTRICT HOSPITALS,Buildings,68,0,0,0,0
Western Cape,HEALTH AND WELLNESS,District Health Services,DISTRICT HOSPITALS,Other machinery and equipment,23039,21580,85521,37518,42852
Western Cape,HEALTH AND WELLNESS,District Health Services,DISTRICT HOSPITALS,Transport equipment,28048,28852,32096,23237,22314
Western Cape,HEALTH AND WELLNESS,District Health Services,DISTRICT HOSPITALS,Software and other intangible assets,234,12,36,0,0
Western Cape,HEALTH AND WELLNESS,District Health Services,DISTRICT HOSPITALS,Salaries and wages,2756639,2694256,2727807,2927760,2910760
Western Cape,HEALTH AND WELLNESS,District Health Services,DISTRICT HOSPITALS,Social contributions,344955,378572,403517,430263,430263
Western Cape,HEALTH AND WELLNESS,District Health Services,DISTRICT HOSPITALS,Advertising,26,41,21,57,57
Western Cape,HEALTH AND WELLNESS,District Health Services,DISTRICT HOSPITALS,Agency and support/outsourced services,305629,296612,291226,206130,237616
Western Cape,HEALTH AND WELLNESS,District Health Services,DISTRICT HOSPITALS,Catering: Departmental activities,377,255,271,224,224
Western Cape,HEALTH AND WELLNESS,District Health Services,DISTRICT HOSPITALS,Communication (G&S),8654,7182,5882,9093,7893
Western Cape,HEALTH AND WELLNESS,District Health Services,DISTRICT HOSPITALS,Computer services,4259,2153,2358,2829,2379
Western Cape,HEALTH AND WELLNESS,District Health Services,DISTRICT HOSPITALS,Consultants: Business and advisory services,305,649,393,399,399
Western Cape,HEALTH AND WELLNESS,District Health Services,DISTRICT HOSPITALS,Consumable supplies,153930,135565,108290,117328,118739
Western Cape,HEALTH AND WELLNESS,District Health Services,DISTRICT HOSPITALS,"Consumables: Stationery, printing and office supplies",30104,27439,27381,26709,27259
Western Cape,HEALTH AND WELLNESS,District Health Services,DISTRICT HOSPITALS,Contractors,24649,28598,20465,23742,24868
Western Cape,HEALTH AND WELLNESS,District Health Services,DISTRICT HOSPITALS,Entertainment,9,5,0,15,15
Western Cape,HEALTH AND WELLNESS,District Health Services,DISTRICT HOSPITALS,Fleet services (including government motor transport),18447,17434,17350,15536,15536
Western Cape,HEALTH AND WELLNESS,District Health Services,DISTRICT HOSPITALS,Inventory: Food and food supplies,6708,3352,6142,5448,6248
Western Cape,HEALTH AND WELLNESS,District Health Services,DISTRICT HOSPITALS,Inventory: Medical supplies,327632,373800,385650,387426,402439
Western Cape,HEALTH AND WELLNESS,District Health Services,DISTRICT HOSPITALS,Inventory: Medicine,143900,160815,153972,162470,163847
Western Cape,HEALTH AND WELLNESS,District Health Services,DISTRICT HOSPITALS,Inventory: Other supplies,0,0,0,164,164
Western Cape,HEALTH AND WELLNESS,District Health Services,DISTRICT HOSPITALS,Laboratory services,140658,136398,111155,171203,167161
Western Cape,HEALTH AND WELLNESS,District Health Services,DISTRICT HOSPITALS,Minor assets,4516,3444,5473,6628,6158
Western Cape,HEALTH AND WELLNESS,District Health Services,DISTRICT HOSPITALS,Operating leases,4809,5606,5475,6475,6475
Western Cape,HEALTH AND WELLNESS,District Health Services,DISTRICT HOSPITALS,Operating payments,1863,1837,1337,2308,2198
Western Cape,HEALTH AND WELLNESS,District Health Services,DISTRICT HOSPITALS,Property payments,280340,300829,343214,324851,361356
Western Cape,HEALTH AND WELLNESS,District Health Services,DISTRICT HOSPITALS,Rental and hiring,2947,2668,2221,2548,2548
Western Cape,HEALTH AND WELLNESS,District Health Services,DISTRICT HOSPITALS,Training and development,3906,3305,3351,5434,5434
Western Cape,HEALTH AND WELLNESS,District Health Services,DISTRICT HOSPITALS,Transport provided: Departmental activity,92,66,217,453,453
Western Cape,HEALTH AND WELLNESS,District Health Services,DISTRICT HOSPITALS,Travel and subsistence,4997,5037,4477,4282,4277
Western Cape,HEALTH AND WELLNESS,District Health Services,DISTRICT HOSPITALS,Venues and facilities,4,2,2,10,10
Western Cape,HEALTH AND WELLNESS,District Health Services,DISTRICT HOSPITALS,Other transfers to households,154,57,0,575,575
Western Cape,HEALTH AND WELLNESS,District Health Services,DISTRICT HOSPITALS,Social Benefits,7985,8890,8467,12130,12130
Western Cape,HEALTH AND WELLNESS,District Health Services,DISTRICT HOSPITALS,Non-profit institutions,1978,2079,2141,2237,2237
Western Cape,HEALTH AND WELLNESS,District Health Services,DISTRICT HOSPITALS,Provincial agencies and funds,2,0,3,0,0
Western Cape,HEALTH AND WELLNESS,District Health Services,DISTRICT HOSPITALS,Other transfers to public corporations,8,0,0,0,0
Western Cape,HEALTH AND WELLNESS,District Health Services,DISTRICT HOSPITALS,Payments for financial assets,391,518,975,0,0
Western Cape,HEALTH AND WELLNESS,District Health Services,GLOBAL FUND,"Consumables: Stationery, printing and office supplies",0,0,0,1,1
Western Cape,HEALTH AND WELLNESS,Emergency Medical Services,EMERGENCY TRANSPORT,Other machinery and equipment,13672,9553,10047,5604,8084
Western Cape,HEALTH AND WELLNESS,Emergency Medical Services,EMERGENCY TRANSPORT,Transport equipment,96785,109827,143167,104249,104249
Western Cape,HEALTH AND WELLNESS,Emergency Medical Services,EMERGENCY TRANSPORT,Salaries and wages,635535,650486,663246,718723,718723
Western Cape,HEALTH AND WELLNESS,Emergency Medical Services,EMERGENCY TRANSPORT,Social contributions,111015,122188,127377,139939,139939
Western Cape,HEALTH AND WELLNESS,Emergency Medical Services,EMERGENCY TRANSPORT,Administrative fees,51,142,92,0,0
Western Cape,HEALTH AND WELLNESS,Emergency Medical Services,EMERGENCY TRANSPORT,Advertising,0,90,178,0,0
Western Cape,HEALTH AND WELLNESS,Emergency Medical Services,EMERGENCY TRANSPORT,Agency and support/outsourced services,657,555,392,807,807
Western Cape,HEALTH AND WELLNESS,Emergency Medical Services,EMERGENCY TRANSPORT,Catering: Departmental activities,477,261,158,342,342
Western Cape,HEALTH AND WELLNESS,Emergency Medical Services,EMERGENCY TRANSPORT,Communication (G&S),6086,6417,6776,7759,7759
Western Cape,HEALTH AND WELLNESS,Emergency Medical Services,EMERGENCY TRANSPORT,Computer services,0,33,104,0,0
Western Cape,HEALTH AND WELLNESS,Emergency Medical Services,EMERGENCY TRANSPORT,Consultants: Business and advisory services,179,122,84,113,113
Western Cape,HEALTH AND WELLNESS,Emergency Medical Services,EMERGENCY TRANSPORT,Consumable supplies,19182,17552,14067,20136,19706
Western Cape,HEALTH AND WELLNESS,Emergency Medical Services,EMERGENCY TRANSPORT,"Consumables: Stationery, printing and office supplies",1239,972,1474,1708,1708
Western Cape,HEALTH AND WELLNESS,Emergency Medical Services,EMERGENCY TRANSPORT,Contractors,144382,162902,150469,174349,191123
Western Cape,HEALTH AND WELLNESS,Emergency Medical Services,EMERGENCY TRANSPORT,Entertainment,0,0,0,3,3
Western Cape,HEALTH AND WELLNESS,Emergency Medical Services,EMERGENCY TRANSPORT,Fleet services (including government motor transport),117638,109770,110687,101725,101725
Western Cape,HEALTH AND WELLNESS,Emergency Medical Services,EMERGENCY TRANSPORT,Inventory: Medical supplies,18619,19163,14278,12693,12693
Western Cape,HEALTH AND WELLNESS,Emergency Medical Services,EMERGENCY TRANSPORT,Inventory: Medicine,1370,1260,1542,1828,1828
Western Cape,HEALTH AND WELLNESS,Emergency Medical Services,EMERGENCY TRANSPORT,Minor assets,1486,1556,518,3301,1301
Western Cape,HEALTH AND WELLNESS,Emergency Medical Services,EMERGENCY TRANSPORT,Operating leases,258,751,1032,1157,1157
Western Cape,HEALTH AND WELLNESS,Emergency Medical Services,EMERGENCY TRANSPORT,Operating payments,200,354,114,63,63
Western Cape,HEALTH AND WELLNESS,Emergency Medical Services,EMERGENCY TRANSPORT,Property payments,13697,12489,13857,18905,18905
Western Cape,HEALTH AND WELLNESS,Emergency Medical Services,EMERGENCY TRANSPORT,Rental and hiring,0,0,0,11,11
Western Cape,HEALTH AND WELLNESS,Emergency Medical Services,EMERGENCY TRANSPORT,Training and development,1067,792,1511,1586,1586
Western Cape,HEALTH AND WELLNESS,Emergency Medical Services,EMERGENCY TRANSPORT,Transport provided: Departmental activity,18,0,0,0,2667
Western Cape,HEALTH AND WELLNESS,Emergency Medical Services,EMERGENCY TRANSPORT,Travel and subsistence,2471,2260,2497,4979,4979
Western Cape,HEALTH AND WELLNESS,Emergency Medical Services,EMERGENCY TRANSPORT,Venues and facilities,0,0,0,27,27
Western Cape,HEALTH AND WELLNESS,Emergency Medical Services,EMERGENCY TRANSPORT,Other transfers to households,0,0,216,0,0
Western Cape,HEALTH AND WELLNESS,Emergency Medical Services,EMERGENCY TRANSPORT,Social Benefits,1149,1579,2126,848,848
Western Cape,HEALTH AND WELLNESS,Emergency Medical Services,EMERGENCY TRANSPORT,Provincial agencies and funds,13,14,15,18,18
Western Cape,HEALTH AND WELLNESS,Emergency Medical Services,EMERGENCY TRANSPORT,Payments for financial assets,1506,1565,1451,0,0
Western Cape,HEALTH AND WELLNESS,Emergency Medical Services,PLANNED PATIENT TRANSPORT,Other machinery and equipment,0,0,0,0,25
Western Cape,HEALTH AND WELLNESS,Emergency Medical Services,PLANNED PATIENT TRANSPORT,Transport equipment,14622,20597,26721,24145,24145
Western Cape,HEALTH AND WELLNESS,Emergency Medical Services,PLANNED PATIENT TRANSPORT,Salaries and wages,40553,40457,40863,46767,46767
Western Cape,HEALTH AND WELLNESS,Emergency Medical Services,PLANNED PATIENT TRANSPORT,Social contributions,6712,7263,7733,8866,8866
Western Cape,HEALTH AND WELLNESS,Emergency Medical Services,PLANNED PATIENT TRANSPORT,Administrative fees,0,0,2,0,0
Western Cape,HEALTH AND WELLNESS,Emergency Medical Services,PLANNED PATIENT TRANSPORT,Agency and support/outsourced services,0,0,2,1,1
Western Cape,HEALTH AND WELLNESS,Emergency Medical Services,PLANNED PATIENT TRANSPORT,Catering: Departmental activities,1,1,5,0,0
Western Cape,HEALTH AND WELLNESS,Emergency Medical Services,PLANNED PATIENT TRANSPORT,Communication (G&S),8,5,8,6,6
Western Cape,HEALTH AND WELLNESS,Emergency Medical Services,PLANNED PATIENT TRANSPORT,Computer services,0,0,6,0,0
Western Cape,HEALTH AND WELLNESS,Emergency Medical Services,PLANNED PATIENT TRANSPORT,Consumable supplies,16,165,39,16,16
Western Cape,HEALTH AND WELLNESS,Emergency Medical Services,PLANNED PATIENT TRANSPORT,"Consumables: Stationery, printing and office supplies",29,30,23,45,45
Western Cape,HEALTH AND WELLNESS,Emergency Medical Services,PLANNED PATIENT TRANSPORT,Contractors,0,0,1,2,2
Western Cape,HEALTH AND WELLNESS,Emergency Medical Services,PLANNED PATIENT TRANSPORT,Fleet services (including government motor transport),51935,47779,42408,46414,46414
Western Cape,HEALTH AND WELLNESS,Emergency Medical Services,PLANNED PATIENT TRANSPORT,Inventory: Medical supplies,14,4,7,14,14
Western Cape,HEALTH AND WELLNESS,Emergency Medical Services,PLANNED PATIENT TRANSPORT,Operating leases,2,12,19,19,19
Western Cape,HEALTH AND WELLNESS,Emergency Medical Services,PLANNED PATIENT TRANSPORT,Property payments,3,102,85,46,46
Western Cape,HEALTH AND WELLNESS,Emergency Medical Services,PLANNED PATIENT TRANSPORT,Rental and hiring,0,1,0,0,0
Western Cape,HEALTH AND WELLNESS,Emergency Medical Services,PLANNED PATIENT TRANSPORT,Travel and subsistence,183,351,317,138,138
Western Cape,HEALTH AND WELLNESS,Emergency Medical Services,PLANNED PATIENT TRANSPORT,Social Benefits,88,330,532,108,108
Western Cape,HEALTH AND WELLNESS,Provincial Hospital Services,GENERAL (REGIONAL) HOSPITALS,Other machinery and equipment,28184,12432,49379,30600,46466
Western Cape,HEALTH AND WELLNESS,Provincial Hospital Services,GENERAL (REGIONAL) HOSPITALS,Transport equipment,3525,4269,3972,3872,3301
Western Cape,HEALTH AND WELLNESS,Provincial Hospital Services,GENERAL (REGIONAL) HOSPITALS,Software and other intangible assets,46,0,0,0,0
Western Cape,HEALTH AND WELLNESS,Provincial Hospital Services,GENERAL (REGIONAL) HOSPITALS,Salaries and wages,1599742,1632127,1620517,1731713,1735776
Western Cape,HEALTH AND WELLNESS,Provincial Hospital Services,GENERAL (REGIONAL) HOSPITALS,Social contributions,194610,209550,216883,229169,229903
Western Cape,HEALTH AND WELLNESS,Provincial Hospital Services,GENERAL (REGIONAL) HOSPITALS,Administrative fees,0,0,1,3,3
Western Cape,HEALTH AND WELLNESS,Provincial Hospital Services,GENERAL (REGIONAL) HOSPITALS,Advertising,96,7,7,21,21
Western Cape,HEALTH AND WELLNESS,Provincial Hospital Services,GENERAL (REGIONAL) HOSPITALS,Agency and support/outsourced services,42413,46422,53694,44650,56150
Western Cape,HEALTH AND WELLNESS,Provincial Hospital Services,GENERAL (REGIONAL) HOSPITALS,Catering: Departmental activities,67,51,123,151,151
Western Cape,HEALTH AND WELLNESS,Provincial Hospital Services,GENERAL (REGIONAL) HOSPITALS,Communication (G&S),1285,993,959,1038,1038
Western Cape,HEALTH AND WELLNESS,Provincial Hospital Services,GENERAL (REGIONAL) HOSPITALS,Computer services,792,613,309,740,540
Western Cape,HEALTH AND WELLNESS,Provincial Hospital Services,GENERAL (REGIONAL) HOSPITALS,Consultants: Business and advisory services,736,967,766,555,655
Western Cape,HEALTH AND WELLNESS,Provincial Hospital Services,GENERAL (REGIONAL) HOSPITALS,Consumable supplies,76657,68930,67960,63243,63368
Western Cape,HEALTH AND WELLNESS,Provincial Hospital Services,GENERAL (REGIONAL) HOSPITALS,"Consumables: Stationery, printing and office supplies",8737,8627,9479,9597,9897
Western Cape,HEALTH AND WELLNESS,Provincial Hospital Services,GENERAL (REGIONAL) HOSPITALS,Contractors,26263,30727,32260,32133,35433
Western Cape,HEALTH AND WELLNESS,Provincial Hospital Services,GENERAL (REGIONAL) HOSPITALS,Entertainment,5,1,3,9,9
Western Cape,HEALTH AND WELLNESS,Provincial Hospital Services,GENERAL (REGIONAL) HOSPITALS,Fleet services (including government motor transport),1951,2397,2182,1755,1855
Western Cape,HEALTH AND WELLNESS,Provincial Hospital Services,GENERAL (REGIONAL) HOSPITALS,Inventory: Food and food supplies,3538,3334,2879,3804,4104
Western Cape,HEALTH AND WELLNESS,Provincial Hospital Services,GENERAL (REGIONAL) HOSPITALS,Inventory: Medical supplies,256898,259313,282255,265353,278604
Western Cape,HEALTH AND WELLNESS,Provincial Hospital Services,GENERAL (REGIONAL) HOSPITALS,Inventory: Medicine,68307,72757,70709,75478,75278
Western Cape,HEALTH AND WELLNESS,Provincial Hospital Services,GENERAL (REGIONAL) HOSPITALS,Inventory: Other supplies,2,0,5,503,503
Western Cape,HEALTH AND WELLNESS,Provincial Hospital Services,GENERAL (REGIONAL) HOSPITALS,Laboratory services,84686,84177,75296,81074,82974
Western Cape,HEALTH AND WELLNESS,Provincial Hospital Services,GENERAL (REGIONAL) HOSPITALS,Minor assets,2151,2277,3006,2861,2561
Western Cape,HEALTH AND WELLNESS,Provincial Hospital Services,GENERAL (REGIONAL) HOSPITALS,Operating leases,2276,2005,1836,2027,1827
Western Cape,HEALTH AND WELLNESS,Provincial Hospital Services,GENERAL (REGIONAL) HOSPITALS,Operating payments,635,1021,452,793,793
Western Cape,HEALTH AND WELLNESS,Provincial Hospital Services,GENERAL (REGIONAL) HOSPITALS,Property payments,132406,150420,150495,157908,160508
Western Cape,HEALTH AND WELLNESS,Provincial Hospital Services,GENERAL (REGIONAL) HOSPITALS,Rental and hiring,826,1231,706,321,221
Western Cape,HEALTH AND WELLNESS,Provincial Hospital Services,GENERAL (REGIONAL) HOSPITALS,Training and development,1938,1261,889,2586,2386
Western Cape,HEALTH AND WELLNESS,Provincial Hospital Services,GENERAL (REGIONAL) HOSPITALS,Transport provided: Departmental activity,547,421,361,23,23
Western Cape,HEALTH AND WELLNESS,Provincial Hospital Services,GENERAL (REGIONAL) HOSPITALS,Travel and subsistence,2807,2562,1826,3355,2855
Western Cape,HEALTH AND WELLNESS,Provincial Hospital Services,GENERAL (REGIONAL) HOSPITALS,Venues and facilities,11,0,0,30,30
Western Cape,HEALTH AND WELLNESS,Provincial Hospital Services,GENERAL (REGIONAL) HOSPITALS,Other transfers to households,69,375,0,0,0
Western Cape,HEALTH AND WELLNESS,Provincial Hospital Services,GENERAL (REGIONAL) HOSPITALS,Social Benefits,5087,5680,5441,5973,5973
Western Cape,HEALTH AND WELLNESS,Provincial Hospital Services,GENERAL (REGIONAL) HOSPITALS,Payments for financial assets,206,212,231,0,0
Western Cape,HEALTH AND WELLNESS,Provincial Hospital Services,TUBERCULOSIS HOSPITALS,Other machinery and equipment,2122,728,3663,2453,3053
Western Cape,HEALTH AND WELLNESS,Provincial Hospital Services,TUBERCULOSIS HOSPITALS,Transport equipment,2612,3321,4448,1830,1830
Western Cape,HEALTH AND WELLNESS,Provincial Hospital Services,TUBERCULOSIS HOSPITALS,Salaries and wages,220943,227424,230582,243075,243075
Western Cape,HEALTH AND WELLNESS,Provincial Hospital Services,TUBERCULOSIS HOSPITALS,Social contributions,40045,44015,46937,48537,48537
Western Cape,HEALTH AND WELLNESS,Provincial Hospital Services,TUBERCULOSIS HOSPITALS,Administrative fees,0,0,0,1,1
Western Cape,HEALTH AND WELLNESS,Provincial Hospital Services,TUBERCULOSIS HOSPITALS,Advertising,4,3,0,27,27
Western Cape,HEALTH AND WELLNESS,Provincial Hospital Services,TUBERCULOSIS HOSPITALS,Agency and support/outsourced services,32933,29985,23723,24916,25316
Western Cape,HEALTH AND WELLNESS,Provincial Hospital Services,TUBERCULOSIS HOSPITALS,Catering: Departmental activities,62,27,410,4,4
Western Cape,HEALTH AND WELLNESS,Provincial Hospital Services,TUBERCULOSIS HOSPITALS,Communication (G&S),1004,892,1103,1142,1142
Western Cape,HEALTH AND WELLNESS,Provincial Hospital Services,TUBERCULOSIS HOSPITALS,Computer services,47,22,24,80,80
Western Cape,HEALTH AND WELLNESS,Provincial Hospital Services,TUBERCULOSIS HOSPITALS,Consultants: Business and advisory services,46,56,37,50,50
Western Cape,HEALTH AND WELLNESS,Provincial Hospital Services,TUBERCULOSIS HOSPITALS,Consumable supplies,27495,25632,20848,17192,17192
Western Cape,HEALTH AND WELLNESS,Provincial Hospital Services,TUBERCULOSIS HOSPITALS,"Consumables: Stationery, printing and office supplies",2628,977,1674,1859,1859
Western Cape,HEALTH AND WELLNESS,Provincial Hospital Services,TUBERCULOSIS HOSPITALS,Contractors,408,948,531,1450,1450
Western Cape,HEALTH AND WELLNESS,Provincial Hospital Services,TUBERCULOSIS HOSPITALS,Fleet services (including government motor transport),1041,1290,1489,949,949
Western Cape,HEALTH AND WELLNESS,Provincial Hospital Services,TUBERCULOSIS HOSPITALS,Inventory: Food and food supplies,3602,3470,4592,3309,3309
Western Cape,HEALTH AND WELLNESS,Provincial Hospital Services,TUBERCULOSIS HOSPITALS,Inventory: Medical supplies,12013,12593,13279,9602,10602
Western Cape,HEALTH AND WELLNESS,Provincial Hospital Services,TUBERCULOSIS HOSPITALS,Inventory: Medicine,11941,14546,14460,20083,20483
Western Cape,HEALTH AND WELLNESS,Provincial Hospital Services,TUBERCULOSIS HOSPITALS,Laboratory services,5060,4975,3589,5669,5669
Western Cape,HEALTH AND WELLNESS,Provincial Hospital Services,TUBERCULOSIS HOSPITALS,Minor assets,941,570,837,1434,1434
Western Cape,HEALTH AND WELLNESS,Provincial Hospital Services,TUBERCULOSIS HOSPITALS,Operating leases,711,478,410,1350,1350
Western Cape,HEALTH AND WELLNESS,Provincial Hospital Services,TUBERCULOSIS HOSPITALS,Operating payments,87,96,136,98,98
Western Cape,HEALTH AND WELLNESS,Provincial Hospital Services,TUBERCULOSIS HOSPITALS,Property payments,35562,41369,43801,38115,39515
Western Cape,HEALTH AND WELLNESS,Provincial Hospital Services,TUBERCULOSIS HOSPITALS,Rental and hiring,159,252,237,206,206
Western Cape,HEALTH AND WELLNESS,Provincial Hospital Services,TUBERCULOSIS HOSPITALS,Training and development,253,461,271,579,579
Western Cape,HEALTH AND WELLNESS,Provincial Hospital Services,TUBERCULOSIS HOSPITALS,Transport provided: Departmental activity,70,0,0,0,0
Western Cape,HEALTH AND WELLNESS,Provincial Hospital Services,TUBERCULOSIS HOSPITALS,Travel and subsistence,793,552,701,644,644
Western Cape,HEALTH AND WELLNESS,Provincial Hospital Services,TUBERCULOSIS HOSPITALS,Venues and facilities,8,0,0,0,0
Western Cape,HEALTH AND WELLNESS,Provincial Hospital Services,TUBERCULOSIS HOSPITALS,Other transfers to households,0,107,0,0,0
Western Cape,HEALTH AND WELLNESS,Provincial Hospital Services,TUBERCULOSIS HOSPITALS,Social Benefits,872,1041,927,3039,3039
Western Cape,HEALTH AND WELLNESS,Provincial Hospital Services,TUBERCULOSIS HOSPITALS,Payments for financial assets,17,113,34,0,0
Western Cape,HEALTH AND WELLNESS,Provincial Hospital Services,PSYCHIATRIC/MENTAL HOSPITALS,Social Benefits,3267,3679,5175,7496,7496
Western Cape,HEALTH AND WELLNESS,Provincial Hospital Services,PSYCHIATRIC/MENTAL HOSPITALS,Non-profit institutions,3674,3781,3330,3614,3614
Western Cape,HEALTH AND WELLNESS,Provincial Hospital Services,PSYCHIATRIC/MENTAL HOSPITALS,Other machinery and equipment,2395,1084,2959,1935,1960
Western Cape,HEALTH AND WELLNESS,Provincial Hospital Services,PSYCHIATRIC/MENTAL HOSPITALS,Transport equipment,5901,6567,7417,5741,5691
Western Cape,HEALTH AND WELLNESS,Provincial Hospital Services,PSYCHIATRIC/MENTAL HOSPITALS,Salaries and wages,740721,782413,789360,852607,852607
Western Cape,HEALTH AND WELLNESS,Provincial Hospital Services,PSYCHIATRIC/MENTAL HOSPITALS,Social contributions,114169,125104,133484,140585,140585
Western Cape,HEALTH AND WELLNESS,Provincial Hospital Services,PSYCHIATRIC/MENTAL HOSPITALS,Advertising,18,11,3,18,18
Western Cape,HEALTH AND WELLNESS,Provincial Hospital Services,PSYCHIATRIC/MENTAL HOSPITALS,Agency and support/outsourced services,28989,37130,42214,34237,39437
Western Cape,HEALTH AND WELLNESS,Provincial Hospital Services,PSYCHIATRIC/MENTAL HOSPITALS,Catering: Departmental activities,332,143,50,138,138
Western Cape,HEALTH AND WELLNESS,Provincial Hospital Services,PSYCHIATRIC/MENTAL HOSPITALS,Communication (G&S),1742,1368,1098,1448,1448
Western Cape,HEALTH AND WELLNESS,Provincial Hospital Services,PSYCHIATRIC/MENTAL HOSPITALS,Computer services,614,138,380,407,407
Western Cape,HEALTH AND WELLNESS,Provincial Hospital Services,PSYCHIATRIC/MENTAL HOSPITALS,Consultants: Business and advisory services,3316,3709,3948,3188,3188
Western Cape,HEALTH AND WELLNESS,Provincial Hospital Services,PSYCHIATRIC/MENTAL HOSPITALS,Consumable supplies,49090,50726,46266,48718,48718
Western Cape,HEALTH AND WELLNESS,Provincial Hospital Services,PSYCHIATRIC/MENTAL HOSPITALS,"Consumables: Stationery, printing and office supplies",4765,4333,2995,3779,3779
Western Cape,HEALTH AND WELLNESS,Provincial Hospital Services,PSYCHIATRIC/MENTAL HOSPITALS,Contractors,1220,1617,1258,1259,1259
Western Cape,HEALTH AND WELLNESS,Provincial Hospital Services,PSYCHIATRIC/MENTAL HOSPITALS,Entertainment,13,7,9,7,7
Western Cape,HEALTH AND WELLNESS,Provincial Hospital Services,PSYCHIATRIC/MENTAL HOSPITALS,Fleet services (including government motor transport),3083,3339,2422,2591,2591
Western Cape,HEALTH AND WELLNESS,Provincial Hospital Services,PSYCHIATRIC/MENTAL HOSPITALS,Inventory: Food and food supplies,1165,210,459,149,149
Western Cape,HEALTH AND WELLNESS,Provincial Hospital Services,PSYCHIATRIC/MENTAL HOSPITALS,Inventory: Medical supplies,12602,9583,6537,12730,12730
Western Cape,HEALTH AND WELLNESS,Provincial Hospital Services,PSYCHIATRIC/MENTAL HOSPITALS,Inventory: Medicine,13121,15842,15237,17292,17292
Western Cape,HEALTH AND WELLNESS,Provincial Hospital Services,PSYCHIATRIC/MENTAL HOSPITALS,Inventory: Other supplies,0,0,0,16,16
Western Cape,HEALTH AND WELLNESS,Provincial Hospital Services,PSYCHIATRIC/MENTAL HOSPITALS,Laboratory services,3239,3020,2456,3972,3972
Western Cape,HEALTH AND WELLNESS,Provincial Hospital Services,PSYCHIATRIC/MENTAL HOSPITALS,Minor assets,1891,1196,1027,2342,2342
Western Cape,HEALTH AND WELLNESS,Provincial Hospital Services,PSYCHIATRIC/MENTAL HOSPITALS,Operating leases,916,943,1007,975,975
Western Cape,HEALTH AND WELLNESS,Provincial Hospital Services,PSYCHIATRIC/MENTAL HOSPITALS,Operating payments,129,43,61,150,150
Western Cape,HEALTH AND WELLNESS,Provincial Hospital Services,PSYCHIATRIC/MENTAL HOSPITALS,Property payments,90287,101027,105382,102279,103079
Western Cape,HEALTH AND WELLNESS,Provincial Hospital Services,PSYCHIATRIC/MENTAL HOSPITALS,Rental and hiring,19,54,0,1,1
Western Cape,HEALTH AND WELLNESS,Provincial Hospital Services,PSYCHIATRIC/MENTAL HOSPITALS,Training and development,1100,662,761,1491,1491
Western Cape,HEALTH AND WELLNESS,Provincial Hospital Services,PSYCHIATRIC/MENTAL HOSPITALS,Transport provided: Departmental activity,124,66,30,204,204
Western Cape,HEALTH AND WELLNESS,Provincial Hospital Services,PSYCHIATRIC/MENTAL HOSPITALS,Travel and subsistence,463,377,405,630,630
Western Cape,HEALTH AND WELLNESS,Provincial Hospital Services,PSYCHIATRIC/MENTAL HOSPITALS,Payments for financial assets,107,123,129,0,0
Western Cape,HEALTH AND WELLNESS,Provincial Hospital Services,"SUB-ACUTE, STEP DOWN AND CHRONIC MEDICAL HOSPITALS",Other machinery and equipment,667,1238,499,2058,2083
Western Cape,HEALTH AND WELLNESS,Provincial Hospital Services,"SUB-ACUTE, STEP DOWN AND CHRONIC MEDICAL HOSPITALS",Transport equipment,458,921,1009,766,766
Western Cape,HEALTH AND WELLNESS,Provincial Hospital Services,"SUB-ACUTE, STEP DOWN AND CHRONIC MEDICAL HOSPITALS",Software and other intangible assets,0,14,5,0,0
Western Cape,HEALTH AND WELLNESS,Provincial Hospital Services,"SUB-ACUTE, STEP DOWN AND CHRONIC MEDICAL HOSPITALS",Salaries and wages,106904,183292,196247,217011,214306
Western Cape,HEALTH AND WELLNESS,Provincial Hospital Services,"SUB-ACUTE, STEP DOWN AND CHRONIC MEDICAL HOSPITALS",Social contributions,18766,28263,36583,38713,38713
Western Cape,HEALTH AND WELLNESS,Provincial Hospital Services,"SUB-ACUTE, STEP DOWN AND CHRONIC MEDICAL HOSPITALS",Agency and support/outsourced services,1022,12167,10597,10406,12145
Western Cape,HEALTH AND WELLNESS,Provincial Hospital Services,"SUB-ACUTE, STEP DOWN AND CHRONIC MEDICAL HOSPITALS",Catering: Departmental activities,10,38,11,18,18
Western Cape,HEALTH AND WELLNESS,Provincial Hospital Services,"SUB-ACUTE, STEP DOWN AND CHRONIC MEDICAL HOSPITALS",Communication (G&S),125,131,152,192,192
Western Cape,HEALTH AND WELLNESS,Provincial Hospital Services,"SUB-ACUTE, STEP DOWN AND CHRONIC MEDICAL HOSPITALS",Computer services,22,17,21,31,31
Western Cape,HEALTH AND WELLNESS,Provincial Hospital Services,"SUB-ACUTE, STEP DOWN AND CHRONIC MEDICAL HOSPITALS",Consultants: Business and advisory services,99975,103979,116531,112554,112554
Western Cape,HEALTH AND WELLNESS,Provincial Hospital Services,"SUB-ACUTE, STEP DOWN AND CHRONIC MEDICAL HOSPITALS",Consumable supplies,2265,3815,5894,5271,5268
Western Cape,HEALTH AND WELLNESS,Provincial Hospital Services,"SUB-ACUTE, STEP DOWN AND CHRONIC MEDICAL HOSPITALS","Consumables: Stationery, printing and office supplies",412,648,568,724,724
Western Cape,HEALTH AND WELLNESS,Provincial Hospital Services,"SUB-ACUTE, STEP DOWN AND CHRONIC MEDICAL HOSPITALS",Contractors,6455,5509,3023,6458,6658
Western Cape,HEALTH AND WELLNESS,Provincial Hospital Services,"SUB-ACUTE, STEP DOWN AND CHRONIC MEDICAL HOSPITALS",Fleet services (including government motor transport),245,471,371,481,481
Western Cape,HEALTH AND WELLNESS,Provincial Hospital Services,"SUB-ACUTE, STEP DOWN AND CHRONIC MEDICAL HOSPITALS",Inventory: Food and food supplies,555,936,1720,1799,1799
Western Cape,HEALTH AND WELLNESS,Provincial Hospital Services,"SUB-ACUTE, STEP DOWN AND CHRONIC MEDICAL HOSPITALS",Inventory: Medical supplies,16743,20668,21583,20464,23417
Western Cape,HEALTH AND WELLNESS,Provincial Hospital Services,"SUB-ACUTE, STEP DOWN AND CHRONIC MEDICAL HOSPITALS",Inventory: Medicine,1720,3401,3040,5371,4089
Western Cape,HEALTH AND WELLNESS,Provincial Hospital Services,"SUB-ACUTE, STEP DOWN AND CHRONIC MEDICAL HOSPITALS",Inventory: Other supplies,0,0,0,25,25
Western Cape,HEALTH AND WELLNESS,Provincial Hospital Services,"SUB-ACUTE, STEP DOWN AND CHRONIC MEDICAL HOSPITALS",Laboratory services,155,592,1267,1375,1555
Western Cape,HEALTH AND WELLNESS,Provincial Hospital Services,"SUB-ACUTE, STEP DOWN AND CHRONIC MEDICAL HOSPITALS",Minor assets,125,134,73,294,294
Western Cape,HEALTH AND WELLNESS,Provincial Hospital Services,"SUB-ACUTE, STEP DOWN AND CHRONIC MEDICAL HOSPITALS",Operating leases,41,75,169,3806,140
Western Cape,HEALTH AND WELLNESS,Provincial Hospital Services,"SUB-ACUTE, STEP DOWN AND CHRONIC MEDICAL HOSPITALS",Operating payments,1,64,7,2,2
Western Cape,HEALTH AND WELLNESS,Provincial Hospital Services,"SUB-ACUTE, STEP DOWN AND CHRONIC MEDICAL HOSPITALS",Property payments,2116,10388,9845,19741,22379
Western Cape,HEALTH AND WELLNESS,Provincial Hospital Services,"SUB-ACUTE, STEP DOWN AND CHRONIC MEDICAL HOSPITALS",Rental and hiring,2,8,9,0,0
Western Cape,HEALTH AND WELLNESS,Provincial Hospital Services,"SUB-ACUTE, STEP DOWN AND CHRONIC MEDICAL HOSPITALS",Training and development,270,547,509,685,685
Western Cape,HEALTH AND WELLNESS,Provincial Hospital Services,"SUB-ACUTE, STEP DOWN AND CHRONIC MEDICAL HOSPITALS",Transport provided: Departmental activity,0,11,0,0,0
Western Cape,HEALTH AND WELLNESS,Provincial Hospital Services,"SUB-ACUTE, STEP DOWN AND CHRONIC MEDICAL HOSPITALS",Travel and subsistence,18,74,34,91,91
Western Cape,HEALTH AND WELLNESS,Provincial Hospital Services,"SUB-ACUTE, STEP DOWN AND CHRONIC MEDICAL HOSPITALS",Social Benefits,660,1411,681,961,961
Western Cape,HEALTH AND WELLNESS,Provincial Hospital Services,"SUB-ACUTE, STEP DOWN AND CHRONIC MEDICAL HOSPITALS",Non-profit institutions,0,43632,43444,45399,45399
Western Cape,HEALTH AND WELLNESS,Provincial Hospital Services,"SUB-ACUTE, STEP DOWN AND CHRONIC MEDICAL HOSPITALS",Payments for financial assets,0,31,43,0,0
Western Cape,HEALTH AND WELLNESS,Provincial Hospital Services,DENTAL TRAINING HOSPITALS,Other machinery and equipment,3251,3439,2326,1251,1251
Western Cape,HEALTH AND WELLNESS,Provincial Hospital Services,DENTAL TRAINING HOSPITALS,Transport equipment,495,517,592,413,413
Western Cape,HEALTH AND WELLNESS,Provincial Hospital Services,DENTAL TRAINING HOSPITALS,Software and other intangible assets,241,0,121,0,0
Western Cape,HEALTH AND WELLNESS,Provincial Hospital Services,DENTAL TRAINING HOSPITALS,Salaries and wages,139661,136925,135714,155935,155935
Western Cape,HEALTH AND WELLNESS,Provincial Hospital Services,DENTAL TRAINING HOSPITALS,Social contributions,14089,15298,16375,16584,16584
Western Cape,HEALTH AND WELLNESS,Provincial Hospital Services,DENTAL TRAINING HOSPITALS,Agency and support/outsourced services,2262,1190,1091,1291,1291
Western Cape,HEALTH AND WELLNESS,Provincial Hospital Services,DENTAL TRAINING HOSPITALS,Catering: Departmental activities,72,52,37,57,57
Western Cape,HEALTH AND WELLNESS,Provincial Hospital Services,DENTAL TRAINING HOSPITALS,Communication (G&S),550,520,521,655,655
Western Cape,HEALTH AND WELLNESS,Provincial Hospital Services,DENTAL TRAINING HOSPITALS,Computer services,161,0,322,59,59
Western Cape,HEALTH AND WELLNESS,Provincial Hospital Services,DENTAL TRAINING HOSPITALS,Consultants: Business and advisory services,15,11,6,57,57
Western Cape,HEALTH AND WELLNESS,Provincial Hospital Services,DENTAL TRAINING HOSPITALS,Consumable supplies,5330,3274,3344,4438,4438
Western Cape,HEALTH AND WELLNESS,Provincial Hospital Services,DENTAL TRAINING HOSPITALS,"Consumables: Stationery, printing and office supplies",727,753,608,574,574
Western Cape,HEALTH AND WELLNESS,Provincial Hospital Services,DENTAL TRAINING HOSPITALS,Contractors,7030,5185,6409,5060,5060
Western Cape,HEALTH AND WELLNESS,Provincial Hospital Services,DENTAL TRAINING HOSPITALS,Fleet services (including government motor transport),289,290,262,375,375
Western Cape,HEALTH AND WELLNESS,Provincial Hospital Services,DENTAL TRAINING HOSPITALS,Inventory: Medical supplies,18968,14153,14330,13934,13934
Western Cape,HEALTH AND WELLNESS,Provincial Hospital Services,DENTAL TRAINING HOSPITALS,Inventory: Medicine,702,510,136,1093,1093
Western Cape,HEALTH AND WELLNESS,Provincial Hospital Services,DENTAL TRAINING HOSPITALS,Inventory: Other supplies,744,554,424,772,772
Western Cape,HEALTH AND WELLNESS,Provincial Hospital Services,DENTAL TRAINING HOSPITALS,Laboratory services,434,515,445,307,307
Western Cape,HEALTH AND WELLNESS,Provincial Hospital Services,DENTAL TRAINING HOSPITALS,Minor assets,350,332,348,573,573
Western Cape,HEALTH AND WELLNESS,Provincial Hospital Services,DENTAL TRAINING HOSPITALS,Operating leases,298,331,308,507,507
Western Cape,HEALTH AND WELLNESS,Provincial Hospital Services,DENTAL TRAINING HOSPITALS,Operating payments,79,255,396,295,295
Western Cape,HEALTH AND WELLNESS,Provincial Hospital Services,DENTAL TRAINING HOSPITALS,Property payments,4474,5593,5340,5918,5918
Western Cape,HEALTH AND WELLNESS,Provincial Hospital Services,DENTAL TRAINING HOSPITALS,Rental and hiring,6799,8516,2815,408,408
Western Cape,HEALTH AND WELLNESS,Provincial Hospital Services,DENTAL TRAINING HOSPITALS,Training and development,64,94,213,228,228
Western Cape,HEALTH AND WELLNESS,Provincial Hospital Services,DENTAL TRAINING HOSPITALS,Travel and subsistence,35,67,108,95,95
Western Cape,HEALTH AND WELLNESS,Provincial Hospital Services,DENTAL TRAINING HOSPITALS,Social Benefits,219,790,723,1692,1692
Western Cape,HEALTH AND WELLNESS,Provincial Hospital Services,DENTAL TRAINING HOSPITALS,Payments for financial assets,0,6,0,0,0
Western Cape,HEALTH AND WELLNESS,Central Hospital Services,CENTRAL HOSPITAL SERVICES,Other machinery and equipment,22050,32100,104029,50244,57894
Western Cape,HEALTH AND WELLNESS,Central Hospital Services,CENTRAL HOSPITAL SERVICES,Transport equipment,3360,4413,5261,3778,3778
Western Cape,HEALTH AND WELLNESS,Central Hospital Services,CENTRAL HOSPITAL SERVICES,Software and other intangible assets,4190,1047,3600,0,0
Western Cape,HEALTH AND WELLNESS,Central Hospital Services,CENTRAL HOSPITAL SERVICES,Salaries and wages,4051458,4131861,4208384,4626971,4546792
Western Cape,HEALTH AND WELLNESS,Central Hospital Services,CENTRAL HOSPITAL SERVICES,Social contributions,495624,542331,576113,571920,607751
Western Cape,HEALTH AND WELLNESS,Central Hospital Services,CENTRAL HOSPITAL SERVICES,Advertising,0,0,0,36,36
Western Cape,HEALTH AND WELLNESS,Central Hospital Services,CENTRAL HOSPITAL SERVICES,Agency and support/outsourced services,116020,107363,117142,97797,125697
Western Cape,HEALTH AND WELLNESS,Central Hospital Services,CENTRAL HOSPITAL SERVICES,Catering: Departmental activities,0,574,29,44,44
Western Cape,HEALTH AND WELLNESS,Central Hospital Services,CENTRAL HOSPITAL SERVICES,Communication (G&S),4149,4207,4567,2891,2997
Western Cape,HEALTH AND WELLNESS,Central Hospital Services,CENTRAL HOSPITAL SERVICES,Computer services,1334,1767,1125,942,836
Western Cape,HEALTH AND WELLNESS,Central Hospital Services,CENTRAL HOSPITAL SERVICES,Consultants: Business and advisory services,2251,2186,2575,2407,2407
Western Cape,HEALTH AND WELLNESS,Central Hospital Services,CENTRAL HOSPITAL SERVICES,Consumable supplies,157649,139175,134068,127461,142311
Western Cape,HEALTH AND WELLNESS,Central Hospital Services,CENTRAL HOSPITAL SERVICES,"Consumables: Stationery, printing and office supplies",14796,16602,17097,19332,19332
Western Cape,HEALTH AND WELLNESS,Central Hospital Services,CENTRAL HOSPITAL SERVICES,Contractors,128052,127985,154302,124519,140519
Western Cape,HEALTH AND WELLNESS,Central Hospital Services,CENTRAL HOSPITAL SERVICES,Entertainment,0,0,2,2,2
Western Cape,HEALTH AND WELLNESS,Central Hospital Services,CENTRAL HOSPITAL SERVICES,Fleet services (including government motor transport),1022,1221,1203,1035,1035
Western Cape,HEALTH AND WELLNESS,Central Hospital Services,CENTRAL HOSPITAL SERVICES,Inventory: Food and food supplies,8706,7371,10545,8936,8936
Western Cape,HEALTH AND WELLNESS,Central Hospital Services,CENTRAL HOSPITAL SERVICES,Inventory: Medical supplies,1025312,1062335,1124161,1048534,1118260
Western Cape,HEALTH AND WELLNESS,Central Hospital Services,CENTRAL HOSPITAL SERVICES,Inventory: Medicine,297379,309413,266863,310250,313250
Western Cape,HEALTH AND WELLNESS,Central Hospital Services,CENTRAL HOSPITAL SERVICES,Inventory: Other supplies,8284,8745,7252,10133,10133
Western Cape,HEALTH AND WELLNESS,Central Hospital Services,CENTRAL HOSPITAL SERVICES,Laboratory services,253227,242642,217158,208143,252457
Western Cape,HEALTH AND WELLNESS,Central Hospital Services,CENTRAL HOSPITAL SERVICES,Minor assets,7162,3811,4852,8764,12514
Western Cape,HEALTH AND WELLNESS,Central Hospital Services,CENTRAL HOSPITAL SERVICES,Operating leases,2316,3903,4258,1977,1977
Western Cape,HEALTH AND WELLNESS,Central Hospital Services,CENTRAL HOSPITAL SERVICES,Operating payments,541,376,126,929,929
Western Cape,HEALTH AND WELLNESS,Central Hospital Services,CENTRAL HOSPITAL SERVICES,Property payments,301303,364613,346241,282971,320599
Western Cape,HEALTH AND WELLNESS,Central Hospital Services,CENTRAL HOSPITAL SERVICES,Rental and hiring,4851,4176,2258,5274,3774
Western Cape,HEALTH AND WELLNESS,Central Hospital Services,CENTRAL HOSPITAL SERVICES,Training and development,2063,3027,1645,4778,4778
Western Cape,HEALTH AND WELLNESS,Central Hospital Services,CENTRAL HOSPITAL SERVICES,Travel and subsistence,1251,1004,682,1094,1594
Western Cape,HEALTH AND WELLNESS,Central Hospital Services,CENTRAL HOSPITAL SERVICES,Venues and facilities,0,0,0,57,282
Western Cape,HEALTH AND WELLNESS,Central Hospital Services,CENTRAL HOSPITAL SERVICES,Other transfers to households,335,0,0,0,0
Western Cape,HEALTH AND WELLNESS,Central Hospital Services,CENTRAL HOSPITAL SERVICES,Social Benefits,15187,16937,24379,21214,21214
Western Cape,HEALTH AND WELLNESS,Central Hospital Services,CENTRAL HOSPITAL SERVICES,Payments for financial assets,787,468,617,0,0
Western Cape,HEALTH AND WELLNESS,Central Hospital Services,PROVINCIAL TERTIARY HOSPITAL SERVICES,Other machinery and equipment,7205,3612,4955,11451,11476
Western Cape,HEALTH AND WELLNESS,Central Hospital Services,PROVINCIAL TERTIARY HOSPITAL SERVICES,Transport equipment,416,435,649,320,320
Western Cape,HEALTH AND WELLNESS,Central Hospital Services,PROVINCIAL TERTIARY HOSPITAL SERVICES,Salaries and wages,584819,603459,625019,688500,688500
Western Cape,HEALTH AND WELLNESS,Central Hospital Services,PROVINCIAL TERTIARY HOSPITAL SERVICES,Social contributions,73293,77094,83368,91853,91853
Western Cape,HEALTH AND WELLNESS,Central Hospital Services,PROVINCIAL TERTIARY HOSPITAL SERVICES,Advertising,0,0,0,5,5
Western Cape,HEALTH AND WELLNESS,Central Hospital Services,PROVINCIAL TERTIARY HOSPITAL SERVICES,Agency and support/outsourced services,17926,15502,9711,14104,16500
Western Cape,HEALTH AND WELLNESS,Central Hospital Services,PROVINCIAL TERTIARY HOSPITAL SERVICES,Catering: Departmental activities,1,1,16,42,42
Western Cape,HEALTH AND WELLNESS,Central Hospital Services,PROVINCIAL TERTIARY HOSPITAL SERVICES,Communication (G&S),967,949,1009,1038,1038
Western Cape,HEALTH AND WELLNESS,Central Hospital Services,PROVINCIAL TERTIARY HOSPITAL SERVICES,Computer services,261,255,395,768,768
Western Cape,HEALTH AND WELLNESS,Central Hospital Services,PROVINCIAL TERTIARY HOSPITAL SERVICES,Consultants: Business and advisory services,150,162,180,194,194
Western Cape,HEALTH AND WELLNESS,Central Hospital Services,PROVINCIAL TERTIARY HOSPITAL SERVICES,Consumable supplies,20728,17832,15373,18636,16029
Western Cape,HEALTH AND WELLNESS,Central Hospital Services,PROVINCIAL TERTIARY HOSPITAL SERVICES,"Consumables: Stationery, printing and office supplies",3072,2706,3255,3579,3579
Western Cape,HEALTH AND WELLNESS,Central Hospital Services,PROVINCIAL TERTIARY HOSPITAL SERVICES,Contractors,18159,17473,26235,19830,20934
Western Cape,HEALTH AND WELLNESS,Central Hospital Services,PROVINCIAL TERTIARY HOSPITAL SERVICES,Fleet services (including government motor transport),195,190,184,140,140
Western Cape,HEALTH AND WELLNESS,Central Hospital Services,PROVINCIAL TERTIARY HOSPITAL SERVICES,Inventory: Food and food supplies,3352,2997,3201,2956,2956
Western Cape,HEALTH AND WELLNESS,Central Hospital Services,PROVINCIAL TERTIARY HOSPITAL SERVICES,Inventory: Medical supplies,117366,113079,123084,152069,137176
Western Cape,HEALTH AND WELLNESS,Central Hospital Services,PROVINCIAL TERTIARY HOSPITAL SERVICES,Inventory: Medicine,53752,50208,52385,44517,58717
Western Cape,HEALTH AND WELLNESS,Central Hospital Services,PROVINCIAL TERTIARY HOSPITAL SERVICES,Inventory: Other supplies,2906,2179,0,1500,1500
Western Cape,HEALTH AND WELLNESS,Central Hospital Services,PROVINCIAL TERTIARY HOSPITAL SERVICES,Laboratory services,26341,24923,21410,17906,23392
Western Cape,HEALTH AND WELLNESS,Central Hospital Services,PROVINCIAL TERTIARY HOSPITAL SERVICES,Minor assets,1263,796,544,1948,1948
Western Cape,HEALTH AND WELLNESS,Central Hospital Services,PROVINCIAL TERTIARY HOSPITAL SERVICES,Operating leases,284,309,284,459,459
Western Cape,HEALTH AND WELLNESS,Central Hospital Services,PROVINCIAL TERTIARY HOSPITAL SERVICES,Operating payments,188,47,29,330,330
Western Cape,HEALTH AND WELLNESS,Central Hospital Services,PROVINCIAL TERTIARY HOSPITAL SERVICES,Property payments,46105,56265,54043,43479,42479
Western Cape,HEALTH AND WELLNESS,Central Hospital Services,PROVINCIAL TERTIARY HOSPITAL SERVICES,Training and development,803,617,435,1286,1286
Western Cape,HEALTH AND WELLNESS,Central Hospital Services,PROVINCIAL TERTIARY HOSPITAL SERVICES,Transport provided: Departmental activity,0,0,0,23,23
Western Cape,HEALTH AND WELLNESS,Central Hospital Services,PROVINCIAL TERTIARY HOSPITAL SERVICES,Travel and subsistence,274,286,41,322,322
Western Cape,HEALTH AND WELLNESS,Central Hospital Services,PROVINCIAL TERTIARY HOSPITAL SERVICES,Social Benefits,2572,1371,1740,3380,3380
Western Cape,HEALTH AND WELLNESS,Central Hospital Services,PROVINCIAL TERTIARY HOSPITAL SERVICES,Non-profit institutions,14754,15506,0,0,0
Western Cape,HEALTH AND WELLNESS,Central Hospital Services,PROVINCIAL TERTIARY HOSPITAL SERVICES,Payments for financial assets,20,18,102,0,0
Western Cape,HEALTH AND WELLNESS,Health Sciences and Training,NURSE TRAINING COLLEGE,Other machinery and equipment,580,871,1057,550,2780
Western Cape,HEALTH AND WELLNESS,Health Sciences and Training,NURSE TRAINING COLLEGE,Transport equipment,1231,1278,1405,1204,1204
Western Cape,HEALTH AND WELLNESS,Health Sciences and Training,NURSE TRAINING COLLEGE,Software and other intangible assets,0,0,7,0,0
Western Cape,HEALTH AND WELLNESS,Health Sciences and Training,NURSE TRAINING COLLEGE,Salaries and wages,51335,57716,63190,71404,69174
Western Cape,HEALTH AND WELLNESS,Health Sciences and Training,NURSE TRAINING COLLEGE,Social contributions,9005,10891,12296,12980,12980
Western Cape,HEALTH AND WELLNESS,Health Sciences and Training,NURSE TRAINING COLLEGE,Advertising,136,408,123,282,282
Western Cape,HEALTH AND WELLNESS,Health Sciences and Training,NURSE TRAINING COLLEGE,Agency and support/outsourced services,8669,11348,14797,11739,11739
Western Cape,HEALTH AND WELLNESS,Health Sciences and Training,NURSE TRAINING COLLEGE,Catering: Departmental activities,101,148,461,63,63
Western Cape,HEALTH AND WELLNESS,Health Sciences and Training,NURSE TRAINING COLLEGE,Communication (G&S),241,350,79,730,730
Western Cape,HEALTH AND WELLNESS,Health Sciences and Training,NURSE TRAINING COLLEGE,Computer services,1935,1596,1542,1100,1100
Western Cape,HEALTH AND WELLNESS,Health Sciences and Training,NURSE TRAINING COLLEGE,Consultants: Business and advisory services,99,8,66,488,488
Western Cape,HEALTH AND WELLNESS,Health Sciences and Training,NURSE TRAINING COLLEGE,Consumable supplies,1310,3152,1371,2214,2214
Western Cape,HEALTH AND WELLNESS,Health Sciences and Training,NURSE TRAINING COLLEGE,"Consumables: Stationery, printing and office supplies",861,1091,906,759,759
Western Cape,HEALTH AND WELLNESS,Health Sciences and Training,NURSE TRAINING COLLEGE,Contractors,2821,4150,3947,3126,3126
Western Cape,HEALTH AND WELLNESS,Health Sciences and Training,NURSE TRAINING COLLEGE,Entertainment,1,4,1,5,5
Western Cape,HEALTH AND WELLNESS,Health Sciences and Training,NURSE TRAINING COLLEGE,Fleet services (including government motor transport),572,358,465,507,507
Western Cape,HEALTH AND WELLNESS,Health Sciences and Training,NURSE TRAINING COLLEGE,Inventory: Medical supplies,140,39,21,63,63
Western Cape,HEALTH AND WELLNESS,Health Sciences and Training,NURSE TRAINING COLLEGE,Inventory: Medicine,1,0,0,12,12
Western Cape,HEALTH AND WELLNESS,Health Sciences and Training,NURSE TRAINING COLLEGE,Minor assets,329,214,655,739,739
Western Cape,HEALTH AND WELLNESS,Health Sciences and Training,NURSE TRAINING COLLEGE,Operating leases,1917,2474,1270,1054,1054
Western Cape,HEALTH AND WELLNESS,Health Sciences and Training,NURSE TRAINING COLLEGE,Operating payments,492,572,799,164,164
Western Cape,HEALTH AND WELLNESS,Health Sciences and Training,NURSE TRAINING COLLEGE,Property payments,14465,20540,16287,24252,23437
Western Cape,HEALTH AND WELLNESS,Health Sciences and Training,NURSE TRAINING COLLEGE,Rental and hiring,116,46,13,77,77
Western Cape,HEALTH AND WELLNESS,Health Sciences and Training,NURSE TRAINING COLLEGE,Training and development,106,61,253,105,105
Western Cape,HEALTH AND WELLNESS,Health Sciences and Training,NURSE TRAINING COLLEGE,Travel and subsistence,220,951,423,538,538
Western Cape,HEALTH AND WELLNESS,Health Sciences and Training,NURSE TRAINING COLLEGE,Venues and facilities,43,24,0,677,677
Western Cape,HEALTH AND WELLNESS,Health Sciences and Training,NURSE TRAINING COLLEGE,Social Benefits,785,678,297,651,651
Western Cape,HEALTH AND WELLNESS,Health Sciences and Training,NURSE TRAINING COLLEGE,Payments for financial assets,0,12,17,0,0
Western Cape,HEALTH AND WELLNESS,Health Sciences and Training,EMERGENCY MEDICAL SERVICES (EMS) TRAINING COLLEGE,Other machinery and equipment,0,301,3241,1811,2641
Western Cape,HEALTH AND WELLNESS,Health Sciences and Training,EMERGENCY MEDICAL SERVICES (EMS) TRAINING COLLEGE,Transport equipment,2489,2681,3916,2130,2130
Western Cape,HEALTH AND WELLNESS,Health Sciences and Training,EMERGENCY MEDICAL SERVICES (EMS) TRAINING COLLEGE,Salaries and wages,21780,19913,20386,26401,25571
Western Cape,HEALTH AND WELLNESS,Health Sciences and Training,EMERGENCY MEDICAL SERVICES (EMS) TRAINING COLLEGE,Social contributions,3254,3149,3293,4126,4126
Western Cape,HEALTH AND WELLNESS,Health Sciences and Training,EMERGENCY MEDICAL SERVICES (EMS) TRAINING COLLEGE,Administrative fees,3,9,12,0,0
Western Cape,HEALTH AND WELLNESS,Health Sciences and Training,EMERGENCY MEDICAL SERVICES (EMS) TRAINING COLLEGE,Advertising,0,37,121,0,0
Western Cape,HEALTH AND WELLNESS,Health Sciences and Training,EMERGENCY MEDICAL SERVICES (EMS) TRAINING COLLEGE,Agency and support/outsourced services,1,0,1,26,26
Western Cape,HEALTH AND WELLNESS,Health Sciences and Training,EMERGENCY MEDICAL SERVICES (EMS) TRAINING COLLEGE,Catering: Departmental activities,48,117,171,114,114
Western Cape,HEALTH AND WELLNESS,Health Sciences and Training,EMERGENCY MEDICAL SERVICES (EMS) TRAINING COLLEGE,Communication (G&S),71,63,58,205,205
Western Cape,HEALTH AND WELLNESS,Health Sciences and Training,EMERGENCY MEDICAL SERVICES (EMS) TRAINING COLLEGE,Computer services,0,955,954,0,0
Western Cape,HEALTH AND WELLNESS,Health Sciences and Training,EMERGENCY MEDICAL SERVICES (EMS) TRAINING COLLEGE,Consumable supplies,258,346,388,356,356
Western Cape,HEALTH AND WELLNESS,Health Sciences and Training,EMERGENCY MEDICAL SERVICES (EMS) TRAINING COLLEGE,"Consumables: Stationery, printing and office supplies",297,262,115,212,212
Western Cape,HEALTH AND WELLNESS,Health Sciences and Training,EMERGENCY MEDICAL SERVICES (EMS) TRAINING COLLEGE,Contractors,10,46,158,47,47
Western Cape,HEALTH AND WELLNESS,Health Sciences and Training,EMERGENCY MEDICAL SERVICES (EMS) TRAINING COLLEGE,Fleet services (including government motor transport),1415,1280,1154,1768,1768
Western Cape,HEALTH AND WELLNESS,Health Sciences and Training,EMERGENCY MEDICAL SERVICES (EMS) TRAINING COLLEGE,Inventory: Medical supplies,360,205,133,416,416
Western Cape,HEALTH AND WELLNESS,Health Sciences and Training,EMERGENCY MEDICAL SERVICES (EMS) TRAINING COLLEGE,Inventory: Medicine,1,2,31,2,2
Western Cape,HEALTH AND WELLNESS,Health Sciences and Training,EMERGENCY MEDICAL SERVICES (EMS) TRAINING COLLEGE,Minor assets,29,2,0,105,105
Western Cape,HEALTH AND WELLNESS,Health Sciences and Training,EMERGENCY MEDICAL SERVICES (EMS) TRAINING COLLEGE,Operating leases,12,27,44,47,47
Western Cape,HEALTH AND WELLNESS,Health Sciences and Training,EMERGENCY MEDICAL SERVICES (EMS) TRAINING COLLEGE,Operating payments,0,0,72,0,0
Western Cape,HEALTH AND WELLNESS,Health Sciences and Training,EMERGENCY MEDICAL SERVICES (EMS) TRAINING COLLEGE,Property payments,1961,2877,1080,906,906
Western Cape,HEALTH AND WELLNESS,Health Sciences and Training,EMERGENCY MEDICAL SERVICES (EMS) TRAINING COLLEGE,Rental and hiring,0,10,1,0,0
Western Cape,HEALTH AND WELLNESS,Health Sciences and Training,EMERGENCY MEDICAL SERVICES (EMS) TRAINING COLLEGE,Training and development,262,194,445,94,94
Western Cape,HEALTH AND WELLNESS,Health Sciences and Training,EMERGENCY MEDICAL SERVICES (EMS) TRAINING COLLEGE,Travel and subsistence,623,1410,721,2437,2437
Western Cape,HEALTH AND WELLNESS,Health Sciences and Training,EMERGENCY MEDICAL SERVICES (EMS) TRAINING COLLEGE,Venues and facilities,0,0,0,38,38
Western Cape,HEALTH AND WELLNESS,Health Sciences and Training,EMERGENCY MEDICAL SERVICES (EMS) TRAINING COLLEGE,Social Benefits,0,59,6,29,29
Western Cape,HEALTH AND WELLNESS,Health Sciences and Training,BURSARIES,Bursaries: Employees,11966,18499,18055,12444,16944
Western Cape,HEALTH AND WELLNESS,Health Sciences and Training,BURSARIES,Other transfers to households,42288,38555,46978,55259,50759
Western Cape,HEALTH AND WELLNESS,Health Sciences and Training,BURSARIES,Payments for financial assets,3853,4233,3072,0,0
Western Cape,HEALTH AND WELLNESS,Health Sciences and Training,PRIMARY HEALTH CARE (PHC) TRAINING,"Consumables: Stationery, printing and office supplies",0,0,0,1,1
Western Cape,HEALTH AND WELLNESS,Health Sciences and Training,TRAINING (OTHER),Other machinery and equipment,7665,353,669,650,650
Western Cape,HEALTH AND WELLNESS,Health Sciences and Training,TRAINING (OTHER),Salaries and wages,87325,96948,85741,99083,99083
Western Cape,HEALTH AND WELLNESS,Health Sciences and Training,TRAINING (OTHER),Social contributions,1617,1975,2234,1877,1877
Western Cape,HEALTH AND WELLNESS,Health Sciences and Training,TRAINING (OTHER),Advertising,439,639,159,350,350
Western Cape,HEALTH AND WELLNESS,Health Sciences and Training,TRAINING (OTHER),Catering: Departmental activities,63,13,55,300,300
Western Cape,HEALTH AND WELLNESS,Health Sciences and Training,TRAINING (OTHER),Communication (G&S),2,3,4,0,0
Western Cape,HEALTH AND WELLNESS,Health Sciences and Training,TRAINING (OTHER),Consumable supplies,157,358,155,0,0
Western Cape,HEALTH AND WELLNESS,Health Sciences and Training,TRAINING (OTHER),"Consumables: Stationery, printing and office supplies",389,60,0,0,0
Western Cape,HEALTH AND WELLNESS,Health Sciences and Training,TRAINING (OTHER),Minor assets,3,0,0,0,0
Western Cape,HEALTH AND WELLNESS,Health Sciences and Training,TRAINING (OTHER),Operating payments,1092,1403,1446,0,0
Western Cape,HEALTH AND WELLNESS,Health Sciences and Training,TRAINING (OTHER),Training and development,24071,29293,30009,30612,30612
Western Cape,HEALTH AND WELLNESS,Health Sciences and Training,TRAINING (OTHER),Travel and subsistence,581,998,558,1700,1700
Western Cape,HEALTH AND WELLNESS,Health Sciences and Training,TRAINING (OTHER),Venues and facilities,32,0,0,300,300
Western Cape,HEALTH AND WELLNESS,Health Sciences and Training,TRAINING (OTHER),Departmental agencies (non-business entities),6873,7241,7418,7572,7572
Western Cape,HEALTH AND WELLNESS,Health Sciences and Training,TRAINING (OTHER),Social Benefits,262,257,318,0,0
Western Cape,HEALTH AND WELLNESS,Health Sciences and Training,TRAINING (OTHER),Non-profit institutions,64672,65000,64950,65000,65000
Western Cape,HEALTH AND WELLNESS,Health Care Support Services,LAUNDRY SERVICES,Other machinery and equipment,363,710,0,109,109
Western Cape,HEALTH AND WELLNESS,Health Care Support Services,LAUNDRY SERVICES,Transport equipment,1434,2259,2803,1643,2849
Western Cape,HEALTH AND WELLNESS,Health Care Support Services,LAUNDRY SERVICES,Salaries and wages,40701,39594,42168,47755,47755
Western Cape,HEALTH AND WELLNESS,Health Care Support Services,LAUNDRY SERVICES,Social contributions,9814,10301,11388,13134,13134
Western Cape,HEALTH AND WELLNESS,Health Care Support Services,LAUNDRY SERVICES,Agency and support/outsourced services,6538,10359,10225,11812,11028
Western Cape,HEALTH AND WELLNESS,Health Care Support Services,LAUNDRY SERVICES,Catering: Departmental activities,116,4,70,0,0
Western Cape,HEALTH AND WELLNESS,Health Care Support Services,LAUNDRY SERVICES,Communication (G&S),71,64,34,91,91
Western Cape,HEALTH AND WELLNESS,Health Care Support Services,LAUNDRY SERVICES,Computer services,13,12,107,302,106
Western Cape,HEALTH AND WELLNESS,Health Care Support Services,LAUNDRY SERVICES,Consultants: Business and advisory services,934,0,0,0,0
Western Cape,HEALTH AND WELLNESS,Health Care Support Services,LAUNDRY SERVICES,Consumable supplies,39887,39029,42203,37963,34934
Western Cape,HEALTH AND WELLNESS,Health Care Support Services,LAUNDRY SERVICES,"Consumables: Stationery, printing and office supplies",394,190,505,186,186
Western Cape,HEALTH AND WELLNESS,Health Care Support Services,LAUNDRY SERVICES,Contractors,5441,6455,7673,6868,7268
Western Cape,HEALTH AND WELLNESS,Health Care Support Services,LAUNDRY SERVICES,Entertainment,4,0,0,0,0
Western Cape,HEALTH AND WELLNESS,Health Care Support Services,LAUNDRY SERVICES,Fleet services (including government motor transport),1928,2930,3672,3139,3749
Western Cape,HEALTH AND WELLNESS,Health Care Support Services,LAUNDRY SERVICES,Inventory: Medical supplies,59,9,0,28,28
Western Cape,HEALTH AND WELLNESS,Health Care Support Services,LAUNDRY SERVICES,Inventory: Medicine,0,24,19,0,0
Western Cape,HEALTH AND WELLNESS,Health Care Support Services,LAUNDRY SERVICES,Minor assets,522,82,216,173,173
Western Cape,HEALTH AND WELLNESS,Health Care Support Services,LAUNDRY SERVICES,Operating leases,45,45,40,64,64
Western Cape,HEALTH AND WELLNESS,Health Care Support Services,LAUNDRY SERVICES,Operating payments,0,0,0,47,47
Western Cape,HEALTH AND WELLNESS,Health Care Support Services,LAUNDRY SERVICES,Property payments,23214,14597,15265,14129,15844
Western Cape,HEALTH AND WELLNESS,Health Care Support Services,LAUNDRY SERVICES,Rental and hiring,2575,651,126,216,97
Western Cape,HEALTH AND WELLNESS,Health Care Support Services,LAUNDRY SERVICES,Training and development,89,0,81,83,83
Western Cape,HEALTH AND WELLNESS,Health Care Support Services,LAUNDRY SERVICES,Travel and subsistence,499,17,96,227,27
Western Cape,HEALTH AND WELLNESS,Health Care Support Services,LAUNDRY SERVICES,Social Benefits,129,155,145,170,170
Western Cape,HEALTH AND WELLNESS,Health Care Support Services,LAUNDRY SERVICES,Payments for financial assets,2,19,0,0,0
Western Cape,HEALTH AND WELLNESS,Health Care Support Services,ENGINEERING SERVICES,Other machinery and equipment,1175,889,3581,1752,1777
Western Cape,HEALTH AND WELLNESS,Health Care Support Services,ENGINEERING SERVICES,Transport equipment,7058,8854,10933,10149,10149
Western Cape,HEALTH AND WELLNESS,Health Care Support Services,ENGINEERING SERVICES,Salaries and wages,62176,65507,64833,72477,72477
Western Cape,HEALTH AND WELLNESS,Health Care Support Services,ENGINEERING SERVICES,Social contributions,10288,11346,12287,13437,13437
Western Cape,HEALTH AND WELLNESS,Health Care Support Services,ENGINEERING SERVICES,Catering: Departmental activities,2,1,4,5,5
Western Cape,HEALTH AND WELLNESS,Health Care Support Services,ENGINEERING SERVICES,Communication (G&S),118,100,123,255,255
Western Cape,HEALTH AND WELLNESS,Health Care Support Services,ENGINEERING SERVICES,Computer services,21,1,7,45,45
Western Cape,HEALTH AND WELLNESS,Health Care Support Services,ENGINEERING SERVICES,Consultants: Business and advisory services,0,0,0,0,0
Western Cape,HEALTH AND WELLNESS,Health Care Support Services,ENGINEERING SERVICES,Consumable supplies,24153,26863,20620,26282,27868
Western Cape,HEALTH AND WELLNESS,Health Care Support Services,ENGINEERING SERVICES,"Consumables: Stationery, printing and office supplies",605,529,501,761,761
Western Cape,HEALTH AND WELLNESS,Health Care Support Services,ENGINEERING SERVICES,Contractors,7393,9030,9233,9474,9163
Western Cape,HEALTH AND WELLNESS,Health Care Support Services,ENGINEERING SERVICES,Entertainment,7,0,0,1,1
Western Cape,HEALTH AND WELLNESS,Health Care Support Services,ENGINEERING SERVICES,Fleet services (including government motor transport),4598,4192,4012,4667,3881
Western Cape,HEALTH AND WELLNESS,Health Care Support Services,ENGINEERING SERVICES,Inventory: Medical supplies,67,3,42,70,70
Western Cape,HEALTH AND WELLNESS,Health Care Support Services,ENGINEERING SERVICES,Minor assets,267,202,363,274,274
Western Cape,HEALTH AND WELLNESS,Health Care Support Services,ENGINEERING SERVICES,Operating leases,158,121,195,247,247
Western Cape,HEALTH AND WELLNESS,Health Care Support Services,ENGINEERING SERVICES,Operating payments,14,0,18,163,68
Western Cape,HEALTH AND WELLNESS,Health Care Support Services,ENGINEERING SERVICES,Property payments,1084,1178,1263,1356,1356
Western Cape,HEALTH AND WELLNESS,Health Care Support Services,ENGINEERING SERVICES,Rental and hiring,2,0,0,0,0
Western Cape,HEALTH AND WELLNESS,Health Care Support Services,ENGINEERING SERVICES,Training and development,763,309,548,786,786
Western Cape,HEALTH AND WELLNESS,Health Care Support Services,ENGINEERING SERVICES,Travel and subsistence,1022,1000,796,1124,1024
Western Cape,HEALTH AND WELLNESS,Health Care Support Services,ENGINEERING SERVICES,Social Benefits,125,319,455,486,226
Western Cape,HEALTH AND WELLNESS,Health Care Support Services,ENGINEERING SERVICES,Payments for financial assets,102,2,27,0,0
Western Cape,HEALTH AND WELLNESS,Health Care Support Services,FORENSIC SERVICES,Other machinery and equipment,1071,6064,7747,4580,4605
Western Cape,HEALTH AND WELLNESS,Health Care Support Services,FORENSIC SERVICES,Transport equipment,14105,19420,18002,17222,17485
Western Cape,HEALTH AND WELLNESS,Health Care Support Services,FORENSIC SERVICES,Software and other intangible assets,56,0,0,0,0
Western Cape,HEALTH AND WELLNESS,Health Care Support Services,FORENSIC SERVICES,Salaries and wages,165819,167226,179808,198308,198308
Western Cape,HEALTH AND WELLNESS,Health Care Support Services,FORENSIC SERVICES,Social contributions,21703,23686,25839,28272,28272
Western Cape,HEALTH AND WELLNESS,Health Care Support Services,FORENSIC SERVICES,Advertising,0,0,1,0,0
Western Cape,HEALTH AND WELLNESS,Health Care Support Services,FORENSIC SERVICES,Agency and support/outsourced services,554,584,1653,1562,1562
Western Cape,HEALTH AND WELLNESS,Health Care Support Services,FORENSIC SERVICES,Catering: Departmental activities,156,105,123,161,161
Western Cape,HEALTH AND WELLNESS,Health Care Support Services,FORENSIC SERVICES,Communication (G&S),1766,1114,800,1254,1254
Western Cape,HEALTH AND WELLNESS,Health Care Support Services,FORENSIC SERVICES,Computer services,84,182,98,30,30
Western Cape,HEALTH AND WELLNESS,Health Care Support Services,FORENSIC SERVICES,Consultants: Business and advisory services,48,33,64,148,148
Western Cape,HEALTH AND WELLNESS,Health Care Support Services,FORENSIC SERVICES,Consumable supplies,7063,6805,5096,3994,3994
Western Cape,HEALTH AND WELLNESS,Health Care Support Services,FORENSIC SERVICES,"Consumables: Stationery, printing and office supplies",3306,2476,2128,1669,1669
Western Cape,HEALTH AND WELLNESS,Health Care Support Services,FORENSIC SERVICES,Contractors,2720,3271,4124,2983,2983
Western Cape,HEALTH AND WELLNESS,Health Care Support Services,FORENSIC SERVICES,Entertainment,1,0,0,4,4
Western Cape,HEALTH AND WELLNESS,Health Care Support Services,FORENSIC SERVICES,Fleet services (including government motor transport),6716,7351,6007,7398,6198
Western Cape,HEALTH AND WELLNESS,Health Care Support Services,FORENSIC SERVICES,Inventory: Medical supplies,6765,4182,5645,5197,5197
Western Cape,HEALTH AND WELLNESS,Health Care Support Services,FORENSIC SERVICES,Inventory: Medicine,0,0,0,1,1
Western Cape,HEALTH AND WELLNESS,Health Care Support Services,FORENSIC SERVICES,Inventory: Other supplies,3963,2432,4779,4335,4335
Western Cape,HEALTH AND WELLNESS,Health Care Support Services,FORENSIC SERVICES,Laboratory services,87,747,978,1112,1112
Western Cape,HEALTH AND WELLNESS,Health Care Support Services,FORENSIC SERVICES,Minor assets,516,480,616,748,748
Western Cape,HEALTH AND WELLNESS,Health Care Support Services,FORENSIC SERVICES,Operating leases,758,480,487,764,764
Western Cape,HEALTH AND WELLNESS,Health Care Support Services,FORENSIC SERVICES,Operating payments,255,179,447,120,120
Western Cape,HEALTH AND WELLNESS,Health Care Support Services,FORENSIC SERVICES,Property payments,11722,15919,15393,15897,16497
Western Cape,HEALTH AND WELLNESS,Health Care Support Services,FORENSIC SERVICES,Rental and hiring,341,995,285,176,176
Western Cape,HEALTH AND WELLNESS,Health Care Support Services,FORENSIC SERVICES,Training and development,70,165,220,541,541
Western Cape,HEALTH AND WELLNESS,Health Care Support Services,FORENSIC SERVICES,Transport provided: Departmental activity,0,1,0,0,0
Western Cape,HEALTH AND WELLNESS,Health Care Support Services,FORENSIC SERVICES,Travel and subsistence,2020,1721,1707,1723,2323
Western Cape,HEALTH AND WELLNESS,Health Care Support Services,FORENSIC SERVICES,Venues and facilities,0,3,0,20,20
Western Cape,HEALTH AND WELLNESS,Health Care Support Services,FORENSIC SERVICES,Social Benefits,420,199,934,147,147
Western Cape,HEALTH AND WELLNESS,Health Care Support Services,FORENSIC SERVICES,Provincial agencies and funds,0,0,1,0,0
Western Cape,HEALTH AND WELLNESS,Health Care Support Services,FORENSIC SERVICES,Payments for financial assets,24,16,0,0,0
Western Cape,HEALTH AND WELLNESS,Health Care Support Services,ORTHOTIC AND PROSTHETIC SERVICES,"Consumables: Stationery, printing and office supplies",0,0,0,1,1
Western Cape,HEALTH AND WELLNESS,Health Care Support Services,CAPE MEDICAL DEPOT,Other machinery and equipment,1144,0,561,0,350
Western Cape,HEALTH AND WELLNESS,Health Care Support Services,CAPE MEDICAL DEPOT,Transport equipment,160,256,275,158,158
Western Cape,HEALTH AND WELLNESS,Health Care Support Services,CAPE MEDICAL DEPOT,Salaries and wages,44447,44866,46455,50559,50559
Western Cape,HEALTH AND WELLNESS,Health Care Support Services,CAPE MEDICAL DEPOT,Social contributions,7849,8235,8422,8893,8893
Western Cape,HEALTH AND WELLNESS,Health Care Support Services,CAPE MEDICAL DEPOT,Agency and support/outsourced services,26,444,101,341,341
Western Cape,HEALTH AND WELLNESS,Health Care Support Services,CAPE MEDICAL DEPOT,Catering: Departmental activities,13,3,32,39,39
Western Cape,HEALTH AND WELLNESS,Health Care Support Services,CAPE MEDICAL DEPOT,Communication (G&S),119,113,29,262,42
Western Cape,HEALTH AND WELLNESS,Health Care Support Services,CAPE MEDICAL DEPOT,Computer services,1780,1783,1876,1850,13977
Western Cape,HEALTH AND WELLNESS,Health Care Support Services,CAPE MEDICAL DEPOT,Consultants: Business and advisory services,166,43,0,624,4
Western Cape,HEALTH AND WELLNESS,Health Care Support Services,CAPE MEDICAL DEPOT,Consumable supplies,442,97,241,518,231
Western Cape,HEALTH AND WELLNESS,Health Care Support Services,CAPE MEDICAL DEPOT,"Consumables: Stationery, printing and office supplies",2259,724,553,746,746
Western Cape,HEALTH AND WELLNESS,Health Care Support Services,CAPE MEDICAL DEPOT,Contractors,251,392,278,340,340
Western Cape,HEALTH AND WELLNESS,Health Care Support Services,CAPE MEDICAL DEPOT,Entertainment,0,0,0,2,2
Western Cape,HEALTH AND WELLNESS,Health Care Support Services,CAPE MEDICAL DEPOT,Fleet services (including government motor transport),36,103,76,118,118
Western Cape,HEALTH AND WELLNESS,Health Care Support Services,CAPE MEDICAL DEPOT,Inventory: Medical supplies,-55923,2601,4173,3522,3522
Western Cape,HEALTH AND WELLNESS,Health Care Support Services,CAPE MEDICAL DEPOT,Inventory: Medicine,1,0,0,122,122
Western Cape,HEALTH AND WELLNESS,Health Care Support Services,CAPE MEDICAL DEPOT,Inventory: Other supplies,55,49,34,70,70
Western Cape,HEALTH AND WELLNESS,Health Care Support Services,CAPE MEDICAL DEPOT,Minor assets,9,0,176,442,442
Western Cape,HEALTH AND WELLNESS,Health Care Support Services,CAPE MEDICAL DEPOT,Operating leases,106,136,147,240,240
Western Cape,HEALTH AND WELLNESS,Health Care Support Services,CAPE MEDICAL DEPOT,Operating payments,14851,16650,17705,16077,16077
Western Cape,HEALTH AND WELLNESS,Health Care Support Services,CAPE MEDICAL DEPOT,Property payments,187,99,9,774,774
Western Cape,HEALTH AND WELLNESS,Health Care Support Services,CAPE MEDICAL DEPOT,Rental and hiring,45,84,152,213,213
Western Cape,HEALTH AND WELLNESS,Health Care Support Services,CAPE MEDICAL DEPOT,Training and development,116,36,62,393,393
Western Cape,HEALTH AND WELLNESS,Health Care Support Services,CAPE MEDICAL DEPOT,Travel and subsistence,143,80,136,326,326
Western Cape,HEALTH AND WELLNESS,Health Care Support Services,CAPE MEDICAL DEPOT,Venues and facilities,0,0,1,0,0
Western Cape,HEALTH AND WELLNESS,Health Care Support Services,CAPE MEDICAL DEPOT,Social Benefits,34,12,32,155,155
Western Cape,HEALTH AND WELLNESS,Health Care Support Services,CAPE MEDICAL DEPOT,Payments for financial assets,1318,982,2955,0,0
Western Cape,HEALTH AND WELLNESS,Health Care Support Services,WC HEALTH WAREHOUSE,Other machinery and equipment,0,233,17,145,145
Western Cape,HEALTH AND WELLNESS,Health Care Support Services,WC HEALTH WAREHOUSE,Transport equipment,0,134,354,0,0
Western Cape,HEALTH AND WELLNESS,Health Care Support Services,WC HEALTH WAREHOUSE,Salaries and wages,0,9437,10849,12880,12880
Western Cape,HEALTH AND WELLNESS,Health Care Support Services,WC HEALTH WAREHOUSE,Social contributions,0,517,1853,1021,1021
Western Cape,HEALTH AND WELLNESS,Health Care Support Services,WC HEALTH WAREHOUSE,Catering: Departmental activities,0,2,28,40,40
Western Cape,HEALTH AND WELLNESS,Health Care Support Services,WC HEALTH WAREHOUSE,Communication (G&S),0,0,0,4,4
Western Cape,HEALTH AND WELLNESS,Health Care Support Services,WC HEALTH WAREHOUSE,Consultants: Business and advisory services,0,0,102,0,0
Western Cape,HEALTH AND WELLNESS,Health Care Support Services,WC HEALTH WAREHOUSE,Consumable supplies,0,57,144,1485,1485
Western Cape,HEALTH AND WELLNESS,Health Care Support Services,WC HEALTH WAREHOUSE,"Consumables: Stationery, printing and office supplies",0,394,332,402,402
Western Cape,HEALTH AND WELLNESS,Health Care Support Services,WC HEALTH WAREHOUSE,Contractors,0,10,23,101,101
Western Cape,HEALTH AND WELLNESS,Health Care Support Services,WC HEALTH WAREHOUSE,Entertainment,0,1,1,0,0
Western Cape,HEALTH AND WELLNESS,Health Care Support Services,WC HEALTH WAREHOUSE,Fleet services (including government motor transport),0,79,185,0,0
Western Cape,HEALTH AND WELLNESS,Health Care Support Services,WC HEALTH WAREHOUSE,Inventory: Medical supplies,0,-662,-3344,0,0
Western Cape,HEALTH AND WELLNESS,Health Care Support Services,WC HEALTH WAREHOUSE,Minor assets,0,5,10,5,5
Western Cape,HEALTH AND WELLNESS,Health Care Support Services,WC HEALTH WAREHOUSE,Operating leases,0,61,79,101,101
Western Cape,HEALTH AND WELLNESS,Health Care Support Services,WC HEALTH WAREHOUSE,Operating payments,0,5720,5363,6001,6001
Western Cape,HEALTH AND WELLNESS,Health Care Support Services,WC HEALTH WAREHOUSE,Property payments,0,1057,769,1910,1910
Western Cape,HEALTH AND WELLNESS,Health Care Support Services,WC HEALTH WAREHOUSE,Training and development,0,5,22,101,101
Western Cape,HEALTH AND WELLNESS,Health Care Support Services,WC HEALTH WAREHOUSE,Travel and subsistence,0,0,14,80,80
Western Cape,HEALTH AND WELLNESS,Health Care Support Services,WC HEALTH WAREHOUSE,Venues and facilities,0,0,19,0,0
Western Cape,HEALTH AND WELLNESS,Health Care Support Services,WC HEALTH WAREHOUSE,Social benefits,0,0,95,0,0
Western Cape,HEALTH AND WELLNESS,Health Care Support Services,COMPENSATORY SERVICES,"Consumables: Stationery, printing and office supplies",0,0,0,0,0
Western Cape,HEALTH AND WELLNESS,Health Facilities Management,COMMUNITY HEALTH FACILITIES,Buildings,86604,78359,96503,199806,241347
Western Cape,HEALTH AND WELLNESS,Health Facilities Management,COMMUNITY HEALTH FACILITIES,Other machinery and equipment,34298,21161,21079,21133,36722
Western Cape,HEALTH AND WELLNESS,Health Facilities Management,COMMUNITY HEALTH FACILITIES,Software and other intangible assets,0,0,7300,0,0
Western Cape,HEALTH AND WELLNESS,Health Facilities Management,COMMUNITY HEALTH FACILITIES,Agency and support/outsourced services,156,0,0,0,0
Western Cape,HEALTH AND WELLNESS,Health Facilities Management,COMMUNITY HEALTH FACILITIES,Catering: Departmental activities,48,0,0,0,0
Western Cape,HEALTH AND WELLNESS,Health Facilities Management,COMMUNITY HEALTH FACILITIES,Computer services,237,0,0,0,0
Western Cape,HEALTH AND WELLNESS,Health Facilities Management,COMMUNITY HEALTH FACILITIES,Consumable supplies,807,1023,1964,0,33
Western Cape,HEALTH AND WELLNESS,Health Facilities Management,COMMUNITY HEALTH FACILITIES,"Consumables: Stationery, printing and office supplies",136,105,811,0,0
Western Cape,HEALTH AND WELLNESS,Health Facilities Management,COMMUNITY HEALTH FACILITIES,Infrastructure and planning services,5139,7874,8414,4714,9365
Western Cape,HEALTH AND WELLNESS,Health Facilities Management,COMMUNITY HEALTH FACILITIES,Inventory: Medical supplies,419,516,1390,332,0
Western Cape,HEALTH AND WELLNESS,Health Facilities Management,COMMUNITY HEALTH FACILITIES,Minor assets,2002,2063,2179,619,3738
Western Cape,HEALTH AND WELLNESS,Health Facilities Management,COMMUNITY HEALTH FACILITIES,Property payments,30818,43693,33134,43243,41277
Western Cape,HEALTH AND WELLNESS,Health Facilities Management,COMMUNITY HEALTH FACILITIES,Training and development,1029,237,0,150,150
Western Cape,HEALTH AND WELLNESS,Health Facilities Management,COMMUNITY HEALTH FACILITIES,Travel and subsistence,0,27,0,0,0
Western Cape,HEALTH AND WELLNESS,Health Facilities Management,EMERGENCY MEDICAL RESCUE SERVICES,Buildings,6676,10533,4196,17393,16194
Western Cape,HEALTH AND WELLNESS,Health Facilities Management,EMERGENCY MEDICAL RESCUE SERVICES,Other machinery and equipment,8569,9163,11347,260,854
Western Cape,HEALTH AND WELLNESS,Health Facilities Management,EMERGENCY MEDICAL RESCUE SERVICES,Consumable supplies,26,66,0,0,0
Western Cape,HEALTH AND WELLNESS,Health Facilities Management,EMERGENCY MEDICAL RESCUE SERVICES,Contractors,0,3,0,0,0
Western Cape,HEALTH AND WELLNESS,Health Facilities Management,EMERGENCY MEDICAL RESCUE SERVICES,Infrastructure and planning services,282,290,560,244,312
Western Cape,HEALTH AND WELLNESS,Health Facilities Management,EMERGENCY MEDICAL RESCUE SERVICES,Inventory: Medical supplies,31,1,0,4,0
Western Cape,HEALTH AND WELLNESS,Health Facilities Management,EMERGENCY MEDICAL RESCUE SERVICES,Minor assets,662,367,6,8,179
Western Cape,HEALTH AND WELLNESS,Health Facilities Management,EMERGENCY MEDICAL RESCUE SERVICES,Property payments,11080,4691,2372,11520,11552
Western Cape,HEALTH AND WELLNESS,Health Facilities Management,DISTRICT HOSPITAL SERVICES,Buildings,49150,103476,144271,159408,143379
Western Cape,HEALTH AND WELLNESS,Health Facilities Management,DISTRICT HOSPITAL SERVICES,Other machinery and equipment,44958,35082,36393,10167,13749
Western Cape,HEALTH AND WELLNESS,Health Facilities Management,DISTRICT HOSPITAL SERVICES,Software and other intangible assets,0,0,7691,0,0
Western Cape,HEALTH AND WELLNESS,Health Facilities Management,DISTRICT HOSPITAL SERVICES,Salaries and wages,0,0,0,459,213
Western Cape,HEALTH AND WELLNESS,Health Facilities Management,DISTRICT HOSPITAL SERVICES,Social contributions,0,0,0,64,30
Western Cape,HEALTH AND WELLNESS,Health Facilities Management,DISTRICT HOSPITAL SERVICES,Consumable supplies,943,111,884,0,1
Western Cape,HEALTH AND WELLNESS,Health Facilities Management,DISTRICT HOSPITAL SERVICES,"Consumables: Stationery, printing and office supplies",38,3,244,0,0
Western Cape,HEALTH AND WELLNESS,Health Facilities Management,DISTRICT HOSPITAL SERVICES,Infrastructure and planning services,3618,3129,9569,2363,3225
Western Cape,HEALTH AND WELLNESS,Health Facilities Management,DISTRICT HOSPITAL SERVICES,Inventory: Medical supplies,2503,1185,2917,120,3
Western Cape,HEALTH AND WELLNESS,Health Facilities Management,DISTRICT HOSPITAL SERVICES,Minor assets,1124,438,2263,225,3294
Western Cape,HEALTH AND WELLNESS,Health Facilities Management,DISTRICT HOSPITAL SERVICES,Operating payments,542,364,0,0,0
Western Cape,HEALTH AND WELLNESS,Health Facilities Management,DISTRICT HOSPITAL SERVICES,Property payments,50860,56851,39567,52171,50255
Western Cape,HEALTH AND WELLNESS,Health Facilities Management,DISTRICT HOSPITAL SERVICES,Training and development,0,0,224,0,0
Western Cape,HEALTH AND WELLNESS,Health Facilities Management,DISTRICT HOSPITAL SERVICES,Social benefits,43,0,0,0,0
Western Cape,HEALTH AND WELLNESS,Health Facilities Management,PROVINCIAL HOSPITAL SERVICES,Buildings,29850,86505,131765,174435,185942
Western Cape,HEALTH AND WELLNESS,Health Facilities Management,PROVINCIAL HOSPITAL SERVICES,Other machinery and equipment,68257,36699,17980,14090,7896
Western Cape,HEALTH AND WELLNESS,Health Facilities Management,PROVINCIAL HOSPITAL SERVICES,Transport equipment,0,119,199,160,139
Western Cape,HEALTH AND WELLNESS,Health Facilities Management,PROVINCIAL HOSPITAL SERVICES,Software and other intangible assets,0,0,499,0,0
Western Cape,HEALTH AND WELLNESS,Health Facilities Management,PROVINCIAL HOSPITAL SERVICES,Salaries and wages,2109,2038,1960,1947,2287
Western Cape,HEALTH AND WELLNESS,Health Facilities Management,PROVINCIAL HOSPITAL SERVICES,Social contributions,236,243,262,269,317
Western Cape,HEALTH AND WELLNESS,Health Facilities Management,PROVINCIAL HOSPITAL SERVICES,Catering: Departmental activities,0,0,3,0,0
Western Cape,HEALTH AND WELLNESS,Health Facilities Management,PROVINCIAL HOSPITAL SERVICES,Communication (G&S),14,22,18,21,21
Western Cape,HEALTH AND WELLNESS,Health Facilities Management,PROVINCIAL HOSPITAL SERVICES,Computer services,0,0,303,0,0
Western Cape,HEALTH AND WELLNESS,Health Facilities Management,PROVINCIAL HOSPITAL SERVICES,Consumable supplies,0,83,525,0,62
Western Cape,HEALTH AND WELLNESS,Health Facilities Management,PROVINCIAL HOSPITAL SERVICES,"Consumables: Stationery, printing and office supplies",1,57,26,0,0
Western Cape,HEALTH AND WELLNESS,Health Facilities Management,PROVINCIAL HOSPITAL SERVICES,Fleet services (including government motor transport),0,68,68,70,70
Western Cape,HEALTH AND WELLNESS,Health Facilities Management,PROVINCIAL HOSPITAL SERVICES,Infrastructure and planning services,6152,7718,9112,4778,6136
Western Cape,HEALTH AND WELLNESS,Health Facilities Management,PROVINCIAL HOSPITAL SERVICES,Inventory: Medical supplies,3579,3742,78,154,0
Western Cape,HEALTH AND WELLNESS,Health Facilities Management,PROVINCIAL HOSPITAL SERVICES,Minor assets,8,546,542,289,630
Western Cape,HEALTH AND WELLNESS,Health Facilities Management,PROVINCIAL HOSPITAL SERVICES,Property payments,63158,48251,33593,70463,53789
Western Cape,HEALTH AND WELLNESS,Health Facilities Management,PROVINCIAL HOSPITAL SERVICES,Training and development,0,200,105,124,132
Western Cape,HEALTH AND WELLNESS,Health Facilities Management,PROVINCIAL HOSPITAL SERVICES,Travel and subsistence,0,1,2,4,4
Western Cape,HEALTH AND WELLNESS,Health Facilities Management,CENTRAL HOSPITAL SERVICES,Buildings,41563,145680,238504,271158,265789
Western Cape,HEALTH AND WELLNESS,Health Facilities Management,CENTRAL HOSPITAL SERVICES,Other machinery and equipment,267880,110389,29706,20409,15151
Western Cape,HEALTH AND WELLNESS,Health Facilities Management,CENTRAL HOSPITAL SERVICES,Software and other intangible assets,0,563,0,0,0
Western Cape,HEALTH AND WELLNESS,Health Facilities Management,CENTRAL HOSPITAL SERVICES,Salaries and wages,955,2738,3648,4461,4221
Western Cape,HEALTH AND WELLNESS,Health Facilities Management,CENTRAL HOSPITAL SERVICES,Social contributions,70,75,80,620,587
Western Cape,HEALTH AND WELLNESS,Health Facilities Management,CENTRAL HOSPITAL SERVICES,Catering: Departmental activities,0,0,0,0,0
Western Cape,HEALTH AND WELLNESS,Health Facilities Management,CENTRAL HOSPITAL SERVICES,Communication (G&S),4,8,9,9,16
Western Cape,HEALTH AND WELLNESS,Health Facilities Management,CENTRAL HOSPITAL SERVICES,Consultants: Business and advisory services,1765,9,0,0,0
Western Cape,HEALTH AND WELLNESS,Health Facilities Management,CENTRAL HOSPITAL SERVICES,Consumable supplies,0,1,150,0,0
Western Cape,HEALTH AND WELLNESS,Health Facilities Management,CENTRAL HOSPITAL SERVICES,"Consumables: Stationery, printing and office supplies",0,0,7,0,0
Western Cape,HEALTH AND WELLNESS,Health Facilities Management,CENTRAL HOSPITAL SERVICES,Infrastructure and planning services,10358,18077,12288,6776,33382
Western Cape,HEALTH AND WELLNESS,Health Facilities Management,CENTRAL HOSPITAL SERVICES,Inventory: Medical supplies,0,0,0,160,37
Western Cape,HEALTH AND WELLNESS,Health Facilities Management,CENTRAL HOSPITAL SERVICES,Minor assets,25,100,56,299,88
Western Cape,HEALTH AND WELLNESS,Health Facilities Management,CENTRAL HOSPITAL SERVICES,Property payments,132377,118830,143936,123106,101812
Western Cape,HEALTH AND WELLNESS,Health Facilities Management,CENTRAL HOSPITAL SERVICES,Training and development,0,0,0,706,706
Western Cape,HEALTH AND WELLNESS,Health Facilities Management,CENTRAL HOSPITAL SERVICES,Travel and subsistence,2,0,2,5,5
Western Cape,HEALTH AND WELLNESS,Health Facilities Management,OTHER FACILITIES,Buildings,22751,31543,11016,31269,15053
Western Cape,HEALTH AND WELLNESS,Health Facilities Management,OTHER FACILITIES,Other machinery and equipment,38608,60758,87950,33630,24651
Western Cape,HEALTH AND WELLNESS,Health Facilities Management,OTHER FACILITIES,Transport equipment,0,445,882,540,380
Western Cape,HEALTH AND WELLNESS,Health Facilities Management,OTHER FACILITIES,Software and other intangible assets,0,0,1247,0,0
Western Cape,HEALTH AND WELLNESS,Health Facilities Management,OTHER FACILITIES,Salaries and wages,49948,63499,67998,72907,79282
Western Cape,HEALTH AND WELLNESS,Health Facilities Management,OTHER FACILITIES,Social contributions,6207,8259,9078,10111,10992
Western Cape,HEALTH AND WELLNESS,Health Facilities Management,OTHER FACILITIES,Catering: Departmental activities,41,139,50,47,53
Western Cape,HEALTH AND WELLNESS,Health Facilities Management,OTHER FACILITIES,Communication (G&S),147,215,189,218,230
Western Cape,HEALTH AND WELLNESS,Health Facilities Management,OTHER FACILITIES,Computer services,0,257,3,4,0
Western Cape,HEALTH AND WELLNESS,Health Facilities Management,OTHER FACILITIES,Consultants: Business and advisory services,9,119,9,0,500
Western Cape,HEALTH AND WELLNESS,Health Facilities Management,OTHER FACILITIES,Consumable supplies,4272,531,115,47,11
Western Cape,HEALTH AND WELLNESS,Health Facilities Management,OTHER FACILITIES,"Consumables: Stationery, printing and office supplies",85,144,123,114,118
Western Cape,HEALTH AND WELLNESS,Health Facilities Management,OTHER FACILITIES,Contractors,3,79,108,0,0
Western Cape,HEALTH AND WELLNESS,Health Facilities Management,OTHER FACILITIES,Entertainment,9,22,7,30,33
Western Cape,HEALTH AND WELLNESS,Health Facilities Management,OTHER FACILITIES,Fleet services (including government motor transport),0,207,309,283,369
Western Cape,HEALTH AND WELLNESS,Health Facilities Management,OTHER FACILITIES,Infrastructure and planning services,3130,1255,83,1619,1159
Western Cape,HEALTH AND WELLNESS,Health Facilities Management,OTHER FACILITIES,Inventory: Medical supplies,617,736,434,136,1
Western Cape,HEALTH AND WELLNESS,Health Facilities Management,OTHER FACILITIES,Minor assets,905,1673,713,376,23
Western Cape,HEALTH AND WELLNESS,Health Facilities Management,OTHER FACILITIES,Operating leases,77,143,125,175,154
Western Cape,HEALTH AND WELLNESS,Health Facilities Management,OTHER FACILITIES,Operating payments,2048,12870,6,0,0
Western Cape,HEALTH AND WELLNESS,Health Facilities Management,OTHER FACILITIES,Property payments,14103,21024,13537,25029,16586
Western Cape,HEALTH AND WELLNESS,Health Facilities Management,OTHER FACILITIES,Rental and hiring,0,142,153,150,0
Western Cape,HEALTH AND WELLNESS,Health Facilities Management,OTHER FACILITIES,Training and development,54,379,164,366,542
Western Cape,HEALTH AND WELLNESS,Health Facilities Management,OTHER FACILITIES,Travel and subsistence,683,1211,1187,1811,1343
Western Cape,HEALTH AND WELLNESS,Health Facilities Management,OTHER FACILITIES,Venues and facilities,0,80,0,21,1
Western Cape,HEALTH AND WELLNESS,Health Facilities Management,OTHER FACILITIES,Social benefits,498,163,242,1,1
Western Cape,HEALTH AND WELLNESS,Health Facilities Management,OTHER FACILITIES,Other transfers to public corporations,0,0,5,0,0
Western Cape,HEALTH AND WELLNESS,Health Facilities Management,OTHER FACILITIES,Payments for financial assets,0,0,271,0,0
